-- phpMyAdmin SQL Dump
-- version 5.0.1
-- https://www.phpmyadmin.net/
--
-- Host: 127.0.0.1
-- Generation Time: Apr 16, 2020 at 05:12 PM
-- Server version: 10.4.11-MariaDB
-- PHP Version: 7.4.1

SET SQL_MODE = "NO_AUTO_VALUE_ON_ZERO";
SET AUTOCOMMIT = 0;
START TRANSACTION;
SET time_zone = "+00:00";


/*!40101 SET @OLD_CHARACTER_SET_CLIENT=@@CHARACTER_SET_CLIENT */;
/*!40101 SET @OLD_CHARACTER_SET_RESULTS=@@CHARACTER_SET_RESULTS */;
/*!40101 SET @OLD_COLLATION_CONNECTION=@@COLLATION_CONNECTION */;
/*!40101 SET NAMES utf8mb4 */;

--
-- Database: `digital_okcc`
--

-- --------------------------------------------------------

--
-- Table structure for table `codes`
--

CREATE TABLE `codes` (
  `id` int(10) UNSIGNED NOT NULL COMMENT '복합 코드 테이블의 메인 키 (code_category_id * 10000 + sequential number)',
  `code_category_id` int(10) UNSIGNED NOT NULL COMMENT '카테고리 아이디',
  `txt` varchar(50) COLLATE utf8_unicode_ci NOT NULL DEFAULT '' COMMENT '코드의 영어 명칭',
  `kor_txt` varchar(50) COLLATE utf8_unicode_ci NOT NULL DEFAULT '' COMMENT '코드의 한글 명칭',
  `enabled` tinyint(1) NOT NULL DEFAULT 1 COMMENT '이 코드가 활성화 되었는지를 식별함',
  `sysmetic` tinyint(1) NOT NULL DEFAULT 0 COMMENT '이 코드가 활성화 되면 시스템 권한을 가진 사용자를 제외한 모든 사용자가 이 코드에 접근할 수 없음',
  `memo` text COLLATE utf8_unicode_ci DEFAULT NULL COMMENT '메모 사항',
  `order` int(10) UNSIGNED NOT NULL COMMENT '콤보박스에서 보여지는 순서'
) ENGINE=InnoDB DEFAULT CHARSET=utf8 COLLATE=utf8_unicode_ci;

--
-- Dumping data for table `codes`
--

INSERT INTO `codes` (`id`, `code_category_id`, `txt`, `kor_txt`, `enabled`, `sysmetic`, `memo`, `order`) VALUES
(10001, 1, 'Acting Member', '등록교인', 1, 0, NULL, 1),
(10002, 1, 'Member not Attending', '장기결석교인', 1, 0, NULL, 2),
(10003, 1, 'Living in Korea', '한국거주교인', 1, 0, NULL, 3),
(10004, 1, 'Evangelism Target', '전도대상가족', 1, 0, NULL, 4),
(10005, 1, 'Deceased Member', '사망교인', 1, 0, NULL, 5),
(10006, 1, 'Member Leaving Ottawa', '이주교인', 1, 0, NULL, 6),
(20001, 2, 'Senior Pastor', '담임목사', 1, 0, NULL, 1),
(20002, 2, 'Associate Pastor', '부목사', 1, 0, NULL, 2),
(20003, 2, 'Assistant Pastor', '전임목사', 1, 0, NULL, 3),
(20004, 2, 'Education Pastor', '교육목사', 1, 0, NULL, 4),
(20005, 2, 'Junior Education Pastor', '교육전도사', 1, 0, NULL, 5),
(20006, 2, 'Active Elders', '시무장로', 1, 0, NULL, 6),
(20007, 2, 'Retired Elders', '은퇴장로', 1, 0, NULL, 7),
(20008, 2, 'Cooperative Elders', '협동장로', 1, 0, NULL, 8),
(20009, 2, 'Active Kwonsa', '시무권사', 1, 0, NULL, 9),
(20010, 2, 'Retired Kwonsa', '은퇴권사', 1, 0, NULL, 10),
(20011, 2, 'Cooperative Kwonsa', '협동권사', 1, 0, NULL, 11),
(20012, 2, 'Deacon', '집사', 1, 0, NULL, 12),
(20013, 2, 'None', '직분없음', 1, 0, NULL, 13),
(30001, 3, 'Self', '본인', 1, 0, NULL, 1),
(30002, 3, 'Spouse', '배우자', 1, 0, NULL, 2),
(30003, 3, 'Son', '아들', 1, 0, NULL, 3),
(30004, 3, 'Daughter', '딸', 1, 0, NULL, 4),
(30005, 3, 'Father', '아버지', 1, 0, NULL, 5),
(30006, 3, 'Mother', '어머니', 1, 0, NULL, 6),
(30007, 3, 'Grandfather', '할아버지', 1, 0, NULL, 7),
(30008, 3, 'Grandmother', '할머니', 1, 0, NULL, 8),
(30009, 3, 'Grandson', '손자', 1, 0, NULL, 9),
(30010, 3, 'Granddaughter', '손녀', 1, 0, NULL, 10),
(30011, 3, 'Relative', '친척', 1, 0, NULL, 11),
(30012, 3, 'Etc.', '기타', 1, 0, NULL, 12),
(40001, 4, 'Baptism', '세례', 1, 0, NULL, 1),
(40002, 4, 'Confirmation', '입교', 1, 0, NULL, 2),
(40003, 4, 'Infant Baptism', '유아세례', 1, 0, NULL, 3),
(40004, 4, 'Catholic Baptism', '영세', 1, 0, NULL, 4),
(40005, 4, 'Unbaptized', '무세', 1, 0, NULL, 5),
(40006, 4, 'Unknown', 'Unknown', 1, 0, NULL, 6),
(50001, 5, 'Session', '당회', 1, 0, NULL, 1),
(50002, 5, 'Board Of Kwonsas', '권사회', 1, 0, NULL, 2),
(50003, 5, 'Board Of Decons', '집사회', 1, 0, NULL, 3),
(50004, 5, 'Administration Committee', '관리위원회', 1, 0, NULL, 4),
(50005, 5, 'Worship Committee', '예배위원회', 1, 0, NULL, 5),
(50006, 5, 'Christian Education Committee', '교육위원회', 1, 0, NULL, 6),
(50007, 5, 'Mission Committee', '선교위원회', 1, 0, NULL, 7),
(50008, 5, 'Fellowship Committee', '친교위원회', 1, 0, NULL, 8),
(50009, 5, 'Administration and Publication', '서무출판부', 1, 0, NULL, 9),
(50010, 5, 'Finance', '재정부', 1, 0, NULL, 10),
(50011, 5, 'Facility Management', '시설부', 1, 0, NULL, 11),
(50012, 5, 'Worship', '예배부', 1, 0, NULL, 12),
(50013, 5, 'Media', '미디어부', 1, 0, NULL, 13),
(50014, 5, 'Mahanaim Choir', '마하나임성가대', 1, 0, NULL, 14),
(50015, 5, 'Ainos', '유치부:아이노스', 1, 0, NULL, 15),
(50016, 5, 'Philoi', '유초등부:필로이', 1, 0, NULL, 16),
(50017, 5, 'Youth', '청소년부:유스', 1, 0, NULL, 17),
(50018, 5, 'Bahurim', '청년부:바후림', 1, 0, NULL, 18),
(50019, 5, 'MOSAIC', '성인영어부', 1, 0, NULL, 19),
(50020, 5, 'Adult School', '성인교육부', 1, 0, NULL, 20),
(50021, 5, 'Local Missionary', '전도부', 1, 0, NULL, 21),
(50022, 5, 'Charity', '구제부', 1, 0, NULL, 22),
(50023, 5, 'Multi-ethnic Missionary', '다민족선교부', 1, 0, NULL, 23),
(50024, 5, 'Overseas Missionary', '해외선교부', 1, 0, NULL, 24),
(50025, 5, 'Fellowship', '친교부', 1, 0, NULL, 25),
(50026, 5, 'New Members', '새교우부', 1, 0, NULL, 26),
(50027, 5, 'Mission Group', '선교회', 1, 0, NULL, 27),
(50028, 5, 'Men\'s Mission Group', '남선교회', 1, 0, NULL, 28),
(50029, 5, 'Young Family Group', '젊은부부선교회', 1, 0, NULL, 29),
(50030, 5, 'First Women\'s Mission Group', '제1여선교회', 1, 0, NULL, 30),
(50031, 5, 'Second Women\'s Mission Group', '제2여선교회', 1, 0, NULL, 31),
(50032, 5, 'Church Building Committee', '이전위원회', 1, 0, NULL, 32),
(50033, 5, 'Associate Pastor Searching Committee', '부목사청빙위원회', 1, 0, NULL, 33),
(50034, 5, 'Church Constitute Committee', '헌장위원회', 1, 0, NULL, 34),
(50035, 5, 'Task Force for Refugee', '난민 TF', 1, 0, NULL, 35),
(60001, 6, 'Airdrie', 'AB', 1, 0, NULL, 1),
(60002, 6, 'Brooks', 'AB', 1, 0, NULL, 2),
(60003, 6, 'Calgary', 'AB', 1, 0, NULL, 3),
(60004, 6, 'Camrose', 'AB', 1, 0, NULL, 4),
(60005, 6, 'Chestermere', 'AB', 1, 0, NULL, 5),
(60006, 6, 'Cold Lake', 'AB', 1, 0, NULL, 6),
(60007, 6, 'Edmonton', 'AB', 1, 0, NULL, 7),
(60008, 6, 'Fort Saskatchewan', 'AB', 1, 0, NULL, 8),
(60009, 6, 'Grande Prairie', 'AB', 1, 0, NULL, 9),
(60010, 6, 'Lacombe', 'AB', 1, 0, NULL, 10),
(60011, 6, 'Leduc', 'AB', 1, 0, NULL, 11),
(60012, 6, 'Lethbridge', 'AB', 1, 0, NULL, 12),
(60013, 6, 'Lloydminster', 'AB', 1, 0, NULL, 13),
(60014, 6, 'Medicine Hat', 'AB', 1, 0, NULL, 14),
(60015, 6, 'Red Deer', 'AB', 1, 0, NULL, 15),
(60016, 6, 'Spruce Grove', 'AB', 1, 0, NULL, 16),
(60017, 6, 'St. Albert', 'AB', 1, 0, NULL, 17),
(60018, 6, 'Wetaskiwin', 'AB', 1, 0, NULL, 18),
(60019, 6, 'Abbotsford', 'BC', 1, 0, NULL, 19),
(60020, 6, 'Armstrong', 'BC', 1, 0, NULL, 20),
(60021, 6, 'Burnaby', 'BC', 1, 0, NULL, 21),
(60022, 6, 'Campbell River', 'BC', 1, 0, NULL, 22),
(60023, 6, 'Castlegar', 'BC', 1, 0, NULL, 23),
(60024, 6, 'Chilliwack', 'BC', 1, 0, NULL, 24),
(60025, 6, 'Colwood', 'BC', 1, 0, NULL, 25),
(60026, 6, 'Coquitlam', 'BC', 1, 0, NULL, 26),
(60027, 6, 'Courtenay', 'BC', 1, 0, NULL, 27),
(60028, 6, 'Cranbrook', 'BC', 1, 0, NULL, 28),
(60029, 6, 'Dawson Creek', 'BC', 1, 0, NULL, 29),
(60030, 6, 'Delta', 'BC', 1, 0, NULL, 30),
(60031, 6, 'Duncan', 'BC', 1, 0, NULL, 31),
(60032, 6, 'Enderby', 'BC', 1, 0, NULL, 32),
(60033, 6, 'Fernie', 'BC', 1, 0, NULL, 33),
(60034, 6, 'Fort St. John', 'BC', 1, 0, NULL, 34),
(60035, 6, 'Grand Forks', 'BC', 1, 0, NULL, 35),
(60036, 6, 'Greenwood', 'BC', 1, 0, NULL, 36),
(60037, 6, 'Kamloops', 'BC', 1, 0, NULL, 37),
(60038, 6, 'Kelowna', 'BC', 1, 0, NULL, 38),
(60039, 6, 'Kimberley', 'BC', 1, 0, NULL, 39),
(60040, 6, 'Langford', 'BC', 1, 0, NULL, 40),
(60041, 6, 'Langley', 'BC', 1, 0, NULL, 41),
(60042, 6, 'Maple Ridge', 'BC', 1, 0, NULL, 42),
(60043, 6, 'Merritt', 'BC', 1, 0, NULL, 43),
(60044, 6, 'Nanaimo', 'BC', 1, 0, NULL, 44),
(60045, 6, 'Nelson', 'BC', 1, 0, NULL, 45),
(60046, 6, 'New Westminster', 'BC', 1, 0, NULL, 46),
(60047, 6, 'North Vancouver', 'BC', 1, 0, NULL, 47),
(60048, 6, 'Parksville', 'BC', 1, 0, NULL, 48),
(60049, 6, 'Penticton', 'BC', 1, 0, NULL, 49),
(60050, 6, 'Pitt Meadows', 'BC', 1, 0, NULL, 50),
(60051, 6, 'Port Alberni', 'BC', 1, 0, NULL, 51),
(60052, 6, 'Port Coquitlam', 'BC', 1, 0, NULL, 52),
(60053, 6, 'Port Moody', 'BC', 1, 0, NULL, 53),
(60054, 6, 'Powell River', 'BC', 1, 0, NULL, 54),
(60055, 6, 'Prince George', 'BC', 1, 0, NULL, 55),
(60056, 6, 'Prince Rupert', 'BC', 1, 0, NULL, 56),
(60057, 6, 'Quesnel', 'BC', 1, 0, NULL, 57),
(60058, 6, 'Revelstoke', 'BC', 1, 0, NULL, 58),
(60059, 6, 'Richmond', 'BC', 1, 0, NULL, 59),
(60060, 6, 'Rossland', 'BC', 1, 0, NULL, 60),
(60061, 6, 'Salmon Arm', 'BC', 1, 0, NULL, 61),
(60062, 6, 'Surrey', 'BC', 1, 0, NULL, 62),
(60063, 6, 'Terrace', 'BC', 1, 0, NULL, 63),
(60064, 6, 'Trail', 'BC', 1, 0, NULL, 64),
(60065, 6, 'Vancouver', 'BC', 1, 0, NULL, 65),
(60066, 6, 'Vernon', 'BC', 1, 0, NULL, 66),
(60067, 6, 'Victoria', 'BC', 1, 0, NULL, 67),
(60068, 6, 'West Kelowna', 'BC', 1, 0, NULL, 68),
(60069, 6, 'White Rock', 'BC', 1, 0, NULL, 69),
(60070, 6, 'Williams Lake', 'BC', 1, 0, NULL, 70),
(60071, 6, 'Brandon', 'MB', 1, 0, NULL, 71),
(60072, 6, 'Dauphin', 'MB', 1, 0, NULL, 72),
(60073, 6, 'Flin Flon', 'MB', 1, 0, NULL, 73),
(60074, 6, 'Morden', 'MB', 1, 0, NULL, 74),
(60075, 6, 'Portage la Prairie', 'MB', 1, 0, NULL, 75),
(60076, 6, 'Selkirk', 'MB', 1, 0, NULL, 76),
(60077, 6, 'Steinbach', 'MB', 1, 0, NULL, 77),
(60078, 6, 'Thompson', 'MB', 1, 0, NULL, 78),
(60079, 6, 'Winkler', 'MB', 1, 0, NULL, 79),
(60080, 6, 'Winnipeg', 'MB', 1, 0, NULL, 80),
(60081, 6, 'Bathurst', 'NB', 1, 0, NULL, 81),
(60082, 6, 'Campbellton', 'NB', 1, 0, NULL, 82),
(60083, 6, 'Dieppe', 'NB', 1, 0, NULL, 83),
(60084, 6, 'Edmundston', 'NB', 1, 0, NULL, 84),
(60085, 6, 'Fredericton', 'NB', 1, 0, NULL, 85),
(60086, 6, 'Miramichi', 'NB', 1, 0, NULL, 86),
(60087, 6, 'Moncton', 'NB', 1, 0, NULL, 87),
(60088, 6, 'Saint John', 'NB', 1, 0, NULL, 88),
(60089, 6, 'Corner Brook', 'NL', 1, 0, NULL, 89),
(60090, 6, 'Mount Pearl', 'NL', 1, 0, NULL, 90),
(60091, 6, 'St. John\'s', 'NL', 1, 0, NULL, 91),
(60092, 6, 'Dartmouth', 'NS', 1, 0, NULL, 92),
(60093, 6, 'Halifax', 'NS', 1, 0, NULL, 93),
(60094, 6, 'Sydney', 'NS', 1, 0, NULL, 94),
(60095, 6, 'Yellowknife', 'NT', 1, 0, NULL, 95),
(60096, 6, 'Iqaluit', 'NU', 1, 0, NULL, 96),
(60097, 6, 'Algonquin Provincial Park', 'ON', 1, 0, NULL, 97),
(60098, 6, 'Almonte', 'ON', 1, 0, NULL, 98),
(60099, 6, 'Arnprior', 'ON', 1, 0, NULL, 99),
(60100, 6, 'Barrhaven', 'ON', 1, 0, NULL, 100),
(60101, 6, 'Barrie', 'ON', 1, 0, NULL, 101),
(60102, 6, 'Barry\'s Bay', 'ON', 1, 0, NULL, 102),
(60103, 6, 'Belleville', 'ON', 1, 0, NULL, 103),
(60104, 6, 'Brampton', 'ON', 1, 0, NULL, 104),
(60105, 6, 'Brant', 'ON', 1, 0, NULL, 105),
(60106, 6, 'Brantford', 'ON', 1, 0, NULL, 106),
(60107, 6, 'Brockville', 'ON', 1, 0, NULL, 107),
(60108, 6, 'Burlington', 'ON', 1, 0, NULL, 108),
(60109, 6, 'Cambridge', 'ON', 1, 0, NULL, 109),
(60110, 6, 'Carp', 'ON', 1, 0, NULL, 110),
(60111, 6, 'Carp', 'ON', 1, 0, NULL, 111),
(60112, 6, 'Chalk River', 'ON', 1, 0, NULL, 112),
(60113, 6, 'Clarence-Rockland', 'ON', 1, 0, NULL, 113),
(60114, 6, 'Cobden', 'ON', 1, 0, NULL, 114),
(60115, 6, 'Cornwall', 'ON', 1, 0, NULL, 115),
(60116, 6, 'Deep River', 'ON', 1, 0, NULL, 116),
(60117, 6, 'Dryden', 'ON', 1, 0, NULL, 117),
(60118, 6, 'Dunrobin', 'ON', 1, 0, NULL, 118),
(60119, 6, 'Elliot Lake', 'ON', 1, 0, NULL, 119),
(60120, 6, 'Fitzroy Harbour', 'ON', 1, 0, NULL, 120),
(60121, 6, 'Greater Sudbury', 'ON', 1, 0, NULL, 121),
(60122, 6, 'Guelph', 'ON', 1, 0, NULL, 122),
(60123, 6, 'Haldimand County', 'ON', 1, 0, NULL, 123),
(60124, 6, 'Hamilton', 'ON', 1, 0, NULL, 124),
(60125, 6, 'Kanata', 'ON', 1, 0, NULL, 125),
(60126, 6, 'Kawartha Lakes', 'ON', 1, 0, NULL, 126),
(60127, 6, 'Kemptville', 'ON', 1, 0, NULL, 127),
(60128, 6, 'Kemptville', 'ON', 1, 0, NULL, 128),
(60129, 6, 'Kenora', 'ON', 1, 0, NULL, 129),
(60130, 6, 'Kingston', 'ON', 1, 0, NULL, 130),
(60131, 6, 'Kitchener', 'ON', 1, 0, NULL, 131),
(60132, 6, 'London', 'ON', 1, 0, NULL, 132),
(60133, 6, 'Manotick', 'ON', 1, 0, NULL, 133),
(60134, 6, 'Markham', 'ON', 1, 0, NULL, 134),
(60135, 6, 'Mattawa', 'ON', 1, 0, NULL, 135),
(60136, 6, 'Merrickville', 'ON', 1, 0, NULL, 136),
(60137, 6, 'Mississauga', 'ON', 1, 0, NULL, 137),
(60138, 6, 'Nepean', 'ON', 1, 0, NULL, 138),
(60139, 6, 'Niagara Falls', 'ON', 1, 0, NULL, 139),
(60140, 6, 'Norfolk County', 'ON', 1, 0, NULL, 140),
(60141, 6, 'North Bay', 'ON', 1, 0, NULL, 141),
(60142, 6, 'Orillia', 'ON', 1, 0, NULL, 142),
(60143, 6, 'Orleans', 'ON', 1, 0, NULL, 143),
(60144, 6, 'Oshawa', 'ON', 1, 0, NULL, 144),
(60145, 6, 'Ottawa', 'ON', 1, 0, NULL, 145),
(60146, 6, 'Owen Sound', 'ON', 1, 0, NULL, 146),
(60147, 6, 'Pembroke', 'ON', 1, 0, NULL, 147),
(60148, 6, 'Pembroke', 'ON', 1, 0, NULL, 148),
(60149, 6, 'Perth', 'ON', 1, 0, NULL, 149),
(60150, 6, 'Petawawa', 'ON', 1, 0, NULL, 150),
(60151, 6, 'Peterborough', 'ON', 1, 0, NULL, 151),
(60152, 6, 'Pickering', 'ON', 1, 0, NULL, 152),
(60153, 6, 'Port Colborne', 'ON', 1, 0, NULL, 153),
(60154, 6, 'Prince Edward County', 'ON', 1, 0, NULL, 154),
(60155, 6, 'Quinte West', 'ON', 1, 0, NULL, 155),
(60156, 6, 'Renfrew', 'ON', 1, 0, NULL, 156),
(60157, 6, 'Sarnia', 'ON', 1, 0, NULL, 157),
(60158, 6, 'Sault Ste. Marie', 'ON', 1, 0, NULL, 158),
(60159, 6, 'Smiths Falls', 'ON', 1, 0, NULL, 159),
(60160, 6, 'St. Catharines', 'ON', 1, 0, NULL, 160),
(60161, 6, 'St. Thomas', 'ON', 1, 0, NULL, 161),
(60162, 6, 'Stittsville', 'ON', 1, 0, NULL, 162),
(60163, 6, 'Stratford', 'ON', 1, 0, NULL, 163),
(60164, 6, 'Temiskaming Shores', 'ON', 1, 0, NULL, 164),
(60165, 6, 'Thorold', 'ON', 1, 0, NULL, 165),
(60166, 6, 'Thunder Bay', 'ON', 1, 0, NULL, 166),
(60167, 6, 'Timmins', 'ON', 1, 0, NULL, 167),
(60168, 6, 'Toronto', 'ON', 1, 0, NULL, 168),
(60169, 6, 'Vaughan', 'ON', 1, 0, NULL, 169),
(60170, 6, 'Waterloo', 'ON', 1, 0, NULL, 170),
(60171, 6, 'Welland', 'ON', 1, 0, NULL, 171),
(60172, 6, 'Westboro', 'ON', 1, 0, NULL, 172),
(60173, 6, 'Windsor', 'ON', 1, 0, NULL, 173),
(60174, 6, 'Woodstock', 'ON', 1, 0, NULL, 174),
(60175, 6, 'Charlottetown', 'PE', 1, 0, NULL, 175),
(60176, 6, 'Summerside', 'PE', 1, 0, NULL, 176),
(60177, 6, 'Buckingham', 'QC', 1, 0, NULL, 177),
(60178, 6, 'Cantley', 'QC', 1, 0, NULL, 178),
(60179, 6, 'Carillon', 'QC', 1, 0, NULL, 179),
(60180, 6, 'Chicoutimi', 'QC', 1, 0, NULL, 180),
(60181, 6, 'Fort Coulonge', 'QC', 1, 0, NULL, 181),
(60182, 6, 'Gatineau', 'QC', 1, 0, NULL, 182),
(60183, 6, 'Hull', 'QC', 1, 0, NULL, 183),
(60184, 6, 'Maniwaki', 'QC', 1, 0, NULL, 184),
(60185, 6, 'Montreal', 'QC', 1, 0, NULL, 185),
(60186, 6, 'Papineauville', 'QC', 1, 0, NULL, 186),
(60187, 6, 'Quebec City', 'QC', 1, 0, NULL, 187),
(60188, 6, 'Wakefield', 'QC', 1, 0, NULL, 188),
(60189, 6, 'Estevan', 'SK', 1, 0, NULL, 189),
(60190, 6, 'Humboldt', 'SK', 1, 0, NULL, 190),
(60191, 6, 'Martensville', 'SK', 1, 0, NULL, 191),
(60192, 6, 'Meadow Lake', 'SK', 1, 0, NULL, 192),
(60193, 6, 'Melfort', 'SK', 1, 0, NULL, 193),
(60194, 6, 'Melville', 'SK', 1, 0, NULL, 194),
(60195, 6, 'North Battleford', 'SK', 1, 0, NULL, 195),
(60196, 6, 'Prince Albert', 'SK', 1, 0, NULL, 196),
(60197, 6, 'Regina', 'SK', 1, 0, NULL, 197),
(60198, 6, 'Saskatoon', 'SK', 1, 0, NULL, 198),
(60199, 6, 'Swift Current', 'SK', 1, 0, NULL, 199),
(60200, 6, 'Warman', 'SK', 1, 0, NULL, 200),
(60201, 6, 'Weyburn', 'SK', 1, 0, NULL, 201),
(60202, 6, 'Yorkton', 'SK', 1, 0, NULL, 202),
(60203, 6, 'Whitehorse', 'YT', 1, 0, NULL, 203),
(60204, 6, 'Carleton Place', 'ON', 1, 0, NULL, 204),
(60205, 6, 'North Gower', 'ON', 1, 0, NULL, 205),
(70001, 7, 'AB', 'Alberta', 1, 0, NULL, 70001),
(70002, 7, 'BC', 'British Columbia', 1, 0, NULL, 70002),
(70003, 7, 'MB', 'Manitoba', 1, 0, NULL, 70003),
(70004, 7, 'NB', 'New Brunswick', 1, 0, NULL, 70004),
(70005, 7, 'NL', 'Newfoundland and Labrador', 1, 0, NULL, 70005),
(70006, 7, 'NT', 'Northwest Territories', 1, 0, NULL, 70006),
(70007, 7, 'NS', 'Nova Scotia', 1, 0, NULL, 70007),
(70008, 7, 'NU', 'Nunavut', 1, 0, NULL, 70008),
(70009, 7, 'ON', 'Ontario', 1, 0, NULL, 70009),
(70010, 7, 'PE', 'Prince Edward Island', 1, 0, NULL, 70010),
(70011, 7, 'QC', 'Quebec', 1, 0, NULL, 70011),
(70012, 7, 'SK', 'Saskatchewan', 1, 0, NULL, 70012),
(70013, 7, 'YT', 'Yukon', 1, 0, NULL, 70013),
(80001, 8, 'Canada', '캐나다', 1, 0, NULL, 80001),
(80002, 8, 'Korea', '대한민국', 1, 0, NULL, 80002),
(90001, 9, '1 Gyogoo', '1교구', 1, 0, NULL, 1),
(90002, 9, '2 Gyogoo', '2교구', 1, 0, NULL, 2),
(90003, 9, '3 Gyogoo', '3교구', 1, 0, NULL, 3),
(90004, 9, '4 Gyogoo', '4교구', 1, 0, NULL, 4),
(90005, 9, '5 Gyogoo', '5교구', 1, 0, NULL, 5),
(90006, 9, '6 Gyogoo', '6교구', 1, 0, NULL, 6),
(90101, 9, '1 Gooyeok', '1구역', 1, 0, NULL, 7),
(90102, 9, '2 Gooyeok', '2구역', 1, 0, NULL, 8),
(90103, 9, '3 Gooyeok', '3구역', 1, 0, NULL, 9),
(90104, 9, '4 Gooyeok', '4구역', 1, 0, NULL, 10),
(90105, 9, '5 Gooyeok', '5구역', 1, 0, NULL, 11),
(90106, 9, '6 Gooyeok', '6구역', 1, 0, NULL, 12),
(90107, 9, '7 Gooyeok', '7구역', 1, 0, NULL, 13),
(90108, 9, '8 Gooyeok', '8구역', 1, 0, NULL, 14),
(90109, 9, '9 Gooyeok', '9구역', 1, 0, NULL, 15),
(90110, 9, '10 Gooyeok', '10구역', 1, 0, NULL, 16),
(90111, 9, '11 Gooyeok', '11구역', 1, 0, NULL, 17),
(90112, 9, '12 Gooyeok', '12구역', 1, 0, NULL, 18),
(90113, 9, '13 Gooyeok', '13구역', 1, 0, NULL, 19),
(90114, 9, '14 Gooyeok', '14구역', 1, 0, NULL, 20),
(90115, 9, '15 Gooyeok', '15구역', 1, 0, NULL, 21),
(90116, 9, '16 Gooyeok', '16구역', 1, 0, NULL, 22),
(90117, 9, '17 Gooyeok', '17구역', 1, 0, NULL, 23),
(90118, 9, '18 Gooyeok', '18구역', 1, 0, NULL, 24),
(90119, 9, '19 Gooyeok', '19구역', 1, 0, NULL, 25),
(90120, 9, '20 Gooyeok', '20구역', 1, 0, NULL, 26),
(90121, 9, '21 Gooyeok', '21구역', 1, 0, NULL, 27),
(90122, 9, '22 Gooyeok', '22구역', 1, 0, NULL, 28),
(90123, 9, '23 Gooyeok', '23구역', 1, 0, NULL, 29),
(90124, 9, '24 Gooyeok', '24구역', 1, 0, NULL, 30),
(90125, 9, '25 Gooyeok', '25구역', 1, 0, NULL, 31),
(100001, 10, 'LOGIN', '로그인', 1, 0, NULL, 1),
(100002, 10, 'LOGOUT', '로그아웃', 1, 0, NULL, 2),
(100003, 10, 'INSERT', '추가', 1, 0, NULL, 3),
(100004, 10, 'UPDATE', '수정', 1, 0, NULL, 4),
(100005, 10, 'DELETE', '삭제', 1, 0, NULL, 5),
(110001, 11, 'Chairperson', '회장', 1, 0, NULL, 1),
(110002, 11, 'Secretary', '총무', 1, 0, NULL, 2),
(110003, 11, 'Treasurer', '회계', 1, 0, NULL, 3),
(110004, 11, 'Committee Leader', '위원장', 1, 0, NULL, 4),
(110005, 11, 'Team Leader', '부서장', 1, 0, NULL, 5),
(110006, 11, 'Team Member', '부서집사', 1, 0, NULL, 6),
(110007, 11, 'Team Assistant', '위원', 1, 0, NULL, 7),
(110101, 11, 'Gyogoo Leader', '교구장', 1, 0, NULL, 8),
(110102, 11, 'Gyogoo Kwonsa', '교구권사', 1, 0, NULL, 9),
(110103, 11, 'Gooyeok Leader', '구역장', 1, 0, NULL, 10),
(110104, 11, 'Gooyeok Member', '구역원', 1, 0, NULL, 11),
(110201, 11, 'Choir Leader', '성가대장', 1, 0, NULL, 12),
(110202, 11, 'Conductor', '지휘자', 1, 0, NULL, 13),
(110203, 11, 'Accompanist', '반주자', 1, 0, NULL, 14),
(110204, 11, 'Choir Member', '성가대원', 1, 0, NULL, 15),
(110301, 11, 'Teacher', '교사', 1, 0, NULL, 16),
(110302, 11, 'Committee Leader', '위원장', 1, 0, NULL, 17),
(110303, 11, 'Committee Member', '위원', 1, 0, NULL, 18);

-- --------------------------------------------------------

--
-- Table structure for table `code_categories`
--

CREATE TABLE `code_categories` (
  `id` int(10) UNSIGNED NOT NULL COMMENT '카테고리 테이블의 메인 키 (자동 증가)',
  `txt` varchar(50) COLLATE utf8_unicode_ci NOT NULL DEFAULT '' COMMENT '카테고리의 영어 명칭',
  `kor_txt` varchar(50) COLLATE utf8_unicode_ci NOT NULL DEFAULT '' COMMENT '카테고리의 한글 명칭',
  `enabled` tinyint(1) NOT NULL DEFAULT 1 COMMENT '카테고리가 활성화 되었는지를 식별함',
  `memo` text COLLATE utf8_unicode_ci DEFAULT NULL COMMENT '메모 사항',
  `order` int(10) UNSIGNED NOT NULL COMMENT '콤보박스에서 보여지는 순서',
  `fieldName` varchar(50) COLLATE utf8_unicode_ci NOT NULL DEFAULT '' COMMENT '다른 테이블에서 해당 category를 참조하는 필드이름'
) ENGINE=InnoDB DEFAULT CHARSET=utf8 COLLATE=utf8_unicode_ci;

--
-- Dumping data for table `code_categories`
--

INSERT INTO `code_categories` (`id`, `txt`, `kor_txt`, `enabled`, `memo`, `order`, `fieldName`) VALUES
(1, 'Church Members', '교인구분', 1, 'A code category for identifying the status of OKCC members.', 1, 'status_id'),
(2, 'Officers', '직무', 1, 'A code category for identifying the duty of OKCC members.', 2, 'duty_id'),
(3, 'Relation of Householder', '세대주관계', 1, 'A code category for identifying the relationship with the head of household.', 3, 'family_id'),
(4, 'Baptism', '신급', 1, 'A code category for identifying the baptism status of OKCC members.', 4, 'baptism_id'),
(5, 'Department', '부서', 1, 'A code category for identifying the department of OKCC.', 5, 'department_id'),
(6, 'City', '시', 1, 'A code category for identifying Cities of Canada.', 6, 'city_id'),
(7, 'Province', '주', 1, 'A code category for identifying Provinces of Canada.', 7, 'province_id'),
(8, 'Country', '국가', 1, 'A code category for identifying Country.', 8, 'country_id'),
(9, 'Gyogoo', '교구', 1, 'A code category for identifying Kyogu.', 9, 'department_id'),
(10, 'Log', '로그', 1, 'A code category for using at system log view.', 10, 'log_id'),
(11, 'Position', '직책', 1, 'A code category for using Position.', 11, 'position_id');

-- --------------------------------------------------------

--
-- Table structure for table `department_trees`
--

CREATE TABLE `department_trees` (
  `id` int(10) UNSIGNED NOT NULL,
  `parent_id` int(10) UNSIGNED NOT NULL COMMENT 'Foreign Key: ID of Codes Table',
  `child_id` int(10) UNSIGNED NOT NULL COMMENT 'Foreign Key: ID of Codes Table'
) ENGINE=InnoDB DEFAULT CHARSET=utf8 COLLATE=utf8_unicode_ci;

--
-- Dumping data for table `department_trees`
--

INSERT INTO `department_trees` (`id`, `parent_id`, `child_id`) VALUES
(1, 50003, 50004),
(2, 50004, 50009),
(3, 50004, 50010),
(4, 50004, 50011),
(5, 50003, 50005),
(6, 50005, 50012),
(7, 50005, 50013),
(8, 50005, 50014),
(9, 50003, 50006),
(10, 50006, 50015),
(11, 50006, 50016),
(12, 50006, 50017),
(13, 50006, 50018),
(14, 50006, 50019),
(15, 50006, 50020),
(16, 50003, 50007),
(17, 50007, 50021),
(18, 50007, 50022),
(19, 50007, 50023),
(20, 50007, 50024),
(21, 50003, 50008),
(22, 50008, 50025),
(23, 50008, 50026),
(24, 90001, 90101),
(25, 90001, 90102),
(26, 90001, 90103),
(27, 90001, 90104),
(28, 90002, 90105),
(29, 90002, 90106),
(30, 90002, 90107),
(31, 90002, 90108),
(32, 90003, 90109),
(33, 90003, 90110),
(34, 90003, 90111),
(35, 90003, 90112),
(36, 90004, 90113),
(37, 90004, 90114),
(38, 90004, 90115),
(39, 90004, 90116),
(40, 90004, 90117),
(41, 90005, 90118),
(42, 90005, 90119),
(43, 90005, 90120),
(44, 90005, 90121),
(45, 90006, 90122),
(46, 90006, 90123),
(47, 90006, 90124),
(48, 90006, 90125);

-- --------------------------------------------------------

--
-- Table structure for table `family_maps`
--

CREATE TABLE `family_maps` (
  `id` int(10) UNSIGNED NOT NULL,
  `member_pri_id` int(10) UNSIGNED NOT NULL COMMENT 'Foreign Key: ID of Members Table',
  `member_sub_id` int(10) UNSIGNED NOT NULL COMMENT 'Foreign Key: ID of Members Table',
  `relation_id` int(10) UNSIGNED NOT NULL COMMENT 'Foreign Key: ID of Codes Table to relationship with the head of household'
) ENGINE=InnoDB DEFAULT CHARSET=utf8 COLLATE=utf8_unicode_ci;

--
-- Dumping data for table `family_maps`
--

INSERT INTO `family_maps` (`id`, `member_pri_id`, `member_sub_id`, `relation_id`) VALUES
(1, 936, 937, 30002),
(2, 936, 938, 30004),
(3, 770, 771, 30002),
(4, 770, 772, 30003),
(5, 773, 774, 30002),
(6, 773, 775, 30003),
(7, 773, 776, 30003),
(8, 777, 778, 30002),
(9, 781, 782, 30002),
(10, 781, 783, 30003),
(11, 781, 784, 30004),
(12, 785, 786, 30002),
(13, 787, 788, 30002),
(14, 790, 791, 30002),
(15, 790, 792, 30004),
(16, 790, 793, 30003),
(17, 795, 796, 30002),
(18, 799, 800, 30003),
(19, 802, 803, 30002),
(20, 804, 805, 30002),
(21, 806, 807, 30002),
(22, 806, 808, 30003),
(23, 806, 809, 30004),
(24, 806, 810, 30003),
(25, 812, 813, 30002),
(26, 814, 815, 30002),
(27, 816, 817, 30002),
(28, 818, 819, 30002),
(29, 820, 821, 30002),
(30, 822, 823, 30002),
(31, 822, 824, 30003),
(32, 822, 825, 30003),
(33, 826, 827, 30002),
(34, 828, 828, 30004),
(35, 826, 828, 30004),
(36, 826, 829, 30003),
(37, 830, 831, 30002),
(38, 832, 833, 30002),
(39, 832, 834, 30003),
(40, 835, 838, 30002),
(41, 835, 836, 30004),
(42, 835, 837, 30003),
(43, 839, 840, 30002),
(44, 839, 841, 30003),
(45, 839, 842, 30004),
(46, 844, 845, 30002),
(47, 844, 846, 30004),
(48, 844, 847, 30003),
(49, 848, 849, 30002),
(50, 848, 850, 30003),
(51, 851, 852, 30002),
(52, 853, 854, 30002),
(53, 853, 855, 30003),
(54, 853, 856, 30003),
(55, 857, 858, 30002),
(56, 859, 860, 30002),
(57, 859, 861, 30004),
(58, 859, 862, 30004),
(59, 859, 863, 30003),
(60, 864, 865, 30002),
(61, 866, 867, 30002),
(62, 868, 869, 30002),
(63, 868, 870, 30004),
(64, 868, 871, 30004),
(65, 872, 873, 30002),
(66, 875, 876, 30002),
(67, 877, 878, 30002),
(68, 877, 879, 30003),
(69, 877, 880, 30003),
(70, 881, 882, 30002),
(71, 881, 883, 30003),
(72, 881, 884, 30003),
(73, 885, 886, 30002),
(74, 885, 887, 30003),
(75, 885, 888, 30004),
(76, 890, 891, 30002),
(77, 890, 892, 30004),
(78, 893, 894, 30002),
(79, 893, 895, 30003),
(80, 896, 897, 30002),
(81, 898, 899, 30002),
(82, 902, 903, 30002),
(83, 902, 904, 30003),
(84, 902, 905, 30003),
(85, 902, 906, 30003),
(86, 902, 907, 30003),
(88, 908, 910, 30004),
(89, 908, 909, 30002),
(90, 908, 911, 30003),
(91, 912, 913, 30002),
(92, 915, 916, 30002),
(93, 915, 917, 30003),
(94, 918, 919, 30002),
(95, 918, 920, 30004),
(96, 918, 921, 30003),
(97, 922, 923, 30002),
(98, 925, 926, 30003),
(99, 928, 929, 30004),
(100, 930, 931, 30002),
(101, 932, 933, 30002),
(102, 934, 935, 30002),
(103, 939, 940, 30002),
(104, 939, 941, 30004),
(105, 942, 943, 30002),
(106, 942, 944, 30003),
(107, 942, 945, 30004),
(108, 946, 947, 30002),
(109, 948, 949, 30002),
(110, 948, 950, 30003),
(111, 948, 951, 30004),
(112, 953, 954, 30002),
(113, 953, 955, 30003),
(114, 953, 956, 30004),
(115, 958, 962, 30002),
(116, 958, 959, 30003),
(117, 958, 960, 30004),
(118, 958, 961, 30004),
(119, 963, 964, 30002),
(120, 965, 966, 30002),
(121, 967, 968, 30002),
(122, 967, 969, 30003),
(123, 970, 971, 30002),
(125, 972, 973, 30002),
(126, 972, 974, 30003),
(127, 972, 975, 30004),
(128, 976, 977, 30002),
(129, 978, 979, 30002),
(130, 978, 980, 30003),
(131, 978, 981, 30003),
(132, 982, 983, 30002),
(133, 982, 984, 30003),
(134, 982, 985, 30003),
(135, 986, 987, 30002),
(136, 988, 989, 30002),
(137, 988, 990, 30004),
(138, 988, 991, 30003),
(139, 992, 993, 30002),
(140, 992, 994, 30003),
(141, 992, 995, 30004),
(142, 996, 997, 30002),
(143, 996, 998, 30003),
(144, 999, 1000, 30002),
(145, 999, 1001, 30004),
(146, 1002, 1003, 30002),
(147, 1004, 1005, 30002),
(148, 1004, 1006, 30003),
(149, 1007, 1008, 30002),
(150, 1009, 1010, 30002),
(151, 1012, 1013, 30002),
(152, 1012, 1014, 30003),
(153, 1016, 1017, 30002),
(154, 1018, 1019, 30002),
(155, 1018, 1020, 30003),
(156, 1018, 1021, 30004),
(157, 1022, 1023, 30002),
(158, 1022, 1024, 30003),
(159, 1026, 1027, 30002),
(160, 1026, 1029, 30003),
(161, 1026, 1028, 30004),
(162, 1030, 1031, 30002),
(163, 1030, 1032, 30004),
(164, 1034, 1035, 30002),
(165, 1036, 1037, 30002),
(166, 1036, 1038, 30004),
(167, 1039, 1040, 30002),
(168, 1039, 1041, 30003),
(169, 1039, 1042, 30004),
(170, 1039, 1043, 30006),
(171, 1044, 1045, 30002),
(172, 1044, 1046, 30004),
(173, 1044, 1047, 30003),
(174, 1048, 1049, 30002),
(175, 1050, 1051, 30002),
(176, 1050, 1052, 30004),
(177, 1050, 1053, 30004),
(178, 1050, 1054, 30004),
(179, 1055, 1056, 30002),
(180, 1057, 1058, 30002),
(181, 1057, 1059, 30003),
(182, 1061, 1062, 30002),
(183, 1061, 1063, 30003),
(184, 1064, 1065, 30002),
(185, 1064, 1066, 30004),
(186, 1064, 1067, 30003),
(187, 1068, 1069, 30002),
(188, 1068, 1070, 30004),
(189, 1071, 1072, 30002),
(190, 1073, 1074, 30002),
(191, 1073, 1075, 30003),
(192, 1073, 1076, 30003),
(193, 1077, 1078, 30002),
(194, 1079, 1080, 30002),
(195, 1079, 1081, 30004),
(196, 1082, 1083, 30002),
(197, 1082, 1084, 30003),
(198, 1082, 1085, 30004),
(199, 1086, 1087, 30002),
(200, 1086, 1088, 30003),
(201, 1086, 1089, 30004),
(202, 1091, 1092, 30002),
(203, 1091, 1093, 30004),
(204, 1091, 1094, 30003),
(205, 1095, 1096, 30002),
(206, 1101, 1102, 30002),
(207, 1101, 1103, 30004),
(208, 1101, 1104, 30004),
(209, 1105, 1106, 30002),
(210, 1105, 1107, 30004),
(211, 1105, 1108, 30003),
(212, 1105, 1109, 30003),
(213, 1116, 1117, 30002),
(214, 1116, 1118, 30004),
(215, 1119, 1120, 30002),
(216, 1121, 1122, 30002),
(217, 1121, 1123, 30003),
(218, 1125, 1126, 30002),
(219, 1125, 1127, 30003),
(220, 1125, 1128, 30003),
(221, 1131, 1130, 30002),
(222, 1135, 1136, 30002),
(223, 1137, 1138, 30002),
(224, 1137, 1139, 30004),
(225, 1140, 1141, 30002),
(226, 1144, 1145, 30002),
(227, 1156, 1157, 30002),
(229, 1156, 1158, 30004),
(230, 1156, 1159, 30003),
(231, 1162, 1163, 30002),
(232, 1166, 1167, 30004),
(233, 1168, 1169, 30002),
(234, 1168, 1170, 30004),
(235, 1172, 1173, 30003),
(236, 1172, 1174, 30003),
(237, 1172, 1175, 30003),
(238, 1176, 1177, 30002),
(239, 1176, 1178, 30004),
(240, 1188, 1189, 30002),
(241, 1191, 1192, 30002),
(242, 1191, 1193, 30004),
(243, 1191, 1194, 30003),
(244, 1196, 1197, 30002),
(245, 1196, 1198, 30004),
(246, 1200, 1201, 30002),
(247, 1200, 1202, 30003),
(248, 1200, 1203, 30004),
(249, 1205, 1206, 30002),
(250, 1209, 1210, 30002),
(251, 1214, 1215, 30002),
(252, 1214, 1216, 30003),
(253, 1220, 1221, 30002),
(254, 1220, 1222, 30003),
(255, 1227, 1228, 30002),
(256, 1227, 1229, 30003),
(257, 1226, 1241, 30002),
(258, 1226, 1242, 30004),
(259, 1144, 1243, 30004),
(260, 1244, 1245, 30002),
(261, 1244, 1246, 30003),
(262, 1247, 1249, 30003),
(263, 1247, 1248, 30002),
(264, 999, 1250, 30004),
(265, 1179, 1252, 30002),
(266, 1179, 1251, 30003),
(267, 952, 1253, 30002),
(268, 952, 1254, 30004),
(269, 952, 1255, 30004),
(270, 1077, 1256, 30003),
(271, 1259, 1260, 30002),
(272, 1259, 1261, 30003),
(273, 797, 1262, 30002),
(274, 797, 1263, 30003),
(275, 1264, 1265, 30002),
(276, 1264, 1266, 30003),
(277, 1267, 1268, 30003),
(278, 1269, 1270, 30002),
(279, 1269, 1271, 30003),
(280, 1272, 1273, 30002),
(281, 1272, 1274, 30003),
(282, 830, 1275, 30003),
(283, 1077, 1276, 30003),
(284, 924, 1277, 30003),
(285, 1016, 1278, 30004),
(286, 890, 1279, 30003),
(287, 1055, 1280, 30003),
(288, 1264, 1284, 30004),
(289, 893, 1285, 30004),
(290, 1286, 1287, 30002),
(291, 1286, 1288, 30003),
(292, 1289, 1290, 30002),
(294, 1289, 1291, 30004),
(295, 1281, 1282, 30002),
(296, 1281, 1283, 30004),
(297, 1247, 1292, 30003),
(298, 1247, 1293, 30004),
(299, 1232, 1295, 30004),
(300, 1183, 1296, 30002),
(301, 1183, 1297, 30003),
(302, 1259, 1298, 30003),
(303, 1240, 1299, 30004),
(304, 1240, 1300, 30004),
(305, 1301, 1302, 30002),
(306, 1301, 1303, 30003),
(307, 1151, 1305, 30002),
(308, 1151, 1304, 30004),
(309, 1306, 1307, 30002),
(310, 1306, 1308, 30004),
(311, 1226, 1309, 30003),
(312, 1310, 1311, 30002),
(313, 1310, 1312, 30004),
(314, 777, 1313, 30003),
(315, 1264, 1314, 30003),
(316, 787, 1315, 30003),
(317, 787, 1316, 30003),
(318, 1318, 1317, 30003),
(319, 1133, 1320, 30002),
(320, 1133, 1321, 30003),
(321, 1133, 1319, 30004),
(322, 1124, 1322, 30002),
(323, 1124, 1323, 30003),
(324, 1124, 1324, 30003),
(325, 794, 1325, 30004),
(326, 777, 1326, 30004),
(327, 1151, 1327, 30003),
(328, 1289, 1328, 30004),
(329, 1306, 1329, 30003),
(330, 1144, 1330, 30003),
(331, 1301, 1331, 30003),
(332, 1310, 1332, 30003),
(333, 1143, 1333, 30003),
(334, 1112, 1335, 30002),
(335, 1112, 1334, 30003),
(336, 1337, 1338, 30002),
(337, 1337, 1340, 30003),
(338, 1337, 1339, 30003),
(339, 794, 1341, 30003),
(340, 1343, 1344, 30002),
(341, 1343, 1342, 30004),
(342, 914, 1345, 30003),
(343, 1306, 1346, 30003),
(344, 780, 1348, 30002),
(345, 780, 1347, 30004),
(346, 1337, 1350, 30003),
(347, 1354, 1355, 30003),
(348, 1259, 1356, 30003),
(349, 1143, 1357, 30003),
(350, 874, 1375, 30004),
(351, 914, 1377, 30003),
(352, 1381, 1380, 30004),
(353, 1182, 1382, 30002),
(354, 1383, 1384, 30002),
(355, 1015, 1385, 30002),
(356, 914, 1386, 30002),
(357, 1387, 1388, 30002),
(358, 1184, 1389, 30002),
(359, 1390, 1391, 30002),
(360, 1392, 1393, 30002),
(361, 1394, 1395, 30002),
(362, 1148, 1396, 30002),
(363, 794, 1397, 30002),
(364, 1398, 1399, 30002),
(365, 1401, 1402, 30002),
(366, 1403, 1404, 30002),
(367, 1025, 1406, 30002),
(368, 843, 1407, 30002),
(369, 779, 1408, 30002),
(370, 1318, 1409, 30002),
(371, 1181, 1410, 30002),
(372, 1411, 1412, 30002),
(373, 928, 1415, 30002),
(374, 924, 1416, 30002),
(375, 1204, 1417, 30002),
(376, 1143, 1418, 30002),
(377, 1419, 1420, 30002),
(379, 1114, 1421, 30002),
(380, 1423, 1424, 30002),
(381, 927, 1425, 30002),
(382, 1426, 1427, 30002),
(383, 1147, 1428, 30002),
(384, 900, 1429, 30002),
(385, 1430, 1431, 30002),
(386, 1435, 1436, 30002),
(387, 1134, 1437, 30002),
(389, 874, 1438, 30002),
(390, 1439, 1440, 30002),
(391, 1441, 1442, 30002),
(392, 1443, 1444, 30002),
(393, 1180, 1445, 30002),
(394, 889, 1446, 30002),
(395, 1447, 1448, 30002),
(396, 1240, 1453, 30002),
(397, 1154, 1454, 30002),
(398, 1455, 1456, 30002),
(399, 1457, 1458, 30002),
(400, 1171, 1460, 30002),
(401, 1113, 1463, 30002),
(402, 1165, 1488, 30002),
(403, 1390, 1504, 30003),
(404, 1390, 1505, 30003),
(405, 1390, 1506, 30003);

-- --------------------------------------------------------

--
-- Table structure for table `members`
--

CREATE TABLE `members` (
  `id` int(10) UNSIGNED NOT NULL,
  `first_name` varchar(50) COLLATE utf8_unicode_ci DEFAULT '' COMMENT 'English First Name',
  `middle_name` varchar(50) COLLATE utf8_unicode_ci DEFAULT '' COMMENT 'English Moddle Name',
  `last_name` varchar(50) COLLATE utf8_unicode_ci DEFAULT '' COMMENT 'English Last Name',
  `kor_name` varchar(50) COLLATE utf8_unicode_ci DEFAULT '' COMMENT 'Korean Name',
  `dob` date DEFAULT '1990-01-01' COMMENT 'Date of Birth',
  `gender` char(1) COLLATE utf8_unicode_ci NOT NULL DEFAULT 'F' COMMENT 'Gender: M)ale, F)emale',
  `email` varchar(100) COLLATE utf8_unicode_ci DEFAULT '' COMMENT 'Email Address',
  `tel_home` varchar(50) COLLATE utf8_unicode_ci DEFAULT '' COMMENT 'Home Phone Number',
  `tel_office` varchar(50) COLLATE utf8_unicode_ci DEFAULT '' COMMENT 'Office Phone Number',
  `tel_cell` varchar(50) COLLATE utf8_unicode_ci DEFAULT '' COMMENT 'Cell Phone Number',
  `address` varchar(100) COLLATE utf8_unicode_ci DEFAULT '' COMMENT 'Mail Address',
  `postal_code` char(50) COLLATE utf8_unicode_ci DEFAULT '' COMMENT 'Postal Code',
  `photo` varchar(255) COLLATE utf8_unicode_ci DEFAULT '' COMMENT 'Photo Image file Path',
  `primary` tinyint(1) NOT NULL DEFAULT 0 COMMENT 'Householder:세대주',
  `city_id` int(10) UNSIGNED NOT NULL DEFAULT 60145 COMMENT 'Foreign Key: ID of Codes Table identifying City',
  `province_id` int(10) UNSIGNED NOT NULL DEFAULT 70009 COMMENT 'Foreign Key: ID of Codes Table identifying Province',
  `country_id` int(10) UNSIGNED NOT NULL DEFAULT 80001 COMMENT 'Foreign Key: ID of Codes Table identifying Country',
  `status_id` int(10) UNSIGNED NOT NULL DEFAULT 10001 COMMENT 'Foreign Key: ID of Codes Table identifying Member Status(교인상태)',
  `level_id` int(10) UNSIGNED NOT NULL DEFAULT 40006 COMMENT 'Foreign Key: ID of Codes Table identifying Baptism Status(신급)',
  `duty_id` int(10) UNSIGNED NOT NULL DEFAULT 20013 COMMENT 'Foreign Key: ID of Codes Table identifying Duty(직분)',
  `register_at` date DEFAULT '2020-02-06' COMMENT 'Date of Registration',
  `baptism_at` date DEFAULT '1990-01-01' COMMENT 'Date of Baptism',
  `created_at` timestamp NULL DEFAULT NULL,
  `updated_at` timestamp NULL DEFAULT NULL,
  `comment` varchar(500) COLLATE utf8_unicode_ci DEFAULT '' COMMENT 'Comments'
) ENGINE=InnoDB DEFAULT CHARSET=utf8 COLLATE=utf8_unicode_ci;

--
-- Dumping data for table `members`
--

INSERT INTO `members` (`id`, `first_name`, `middle_name`, `last_name`, `kor_name`, `dob`, `gender`, `email`, `tel_home`, `tel_office`, `tel_cell`, `address`, `postal_code`, `photo`, `primary`, `city_id`, `province_id`, `country_id`, `status_id`, `level_id`, `duty_id`, `register_at`, `baptism_at`, `created_at`, `updated_at`, `comment`) VALUES
(770, 'Bumsoo', NULL, 'Kim', '김범수', '1990-01-01', 'F', 'bumsookim@rogers.com', '613-843-8536', NULL, '613-998-4609', '17 Dylan Way', 'K2G 6E9', NULL, 1, 60145, 70009, 80001, 10001, 40006, 20013, '2020-02-06', '1990-01-01', NULL, '2020-03-28 19:44:32', 'aaab'),
(771, 'Yeonsoon', NULL, 'Kim', '지연순', '1990-01-01', 'F', NULL, '613-843-8536', NULL, '613-998-4609', '17 Dylan Way', 'K2G 6E9', NULL, 0, 60145, 70009, 80001, 10001, 40006, 20013, '2020-02-06', '1990-01-01', NULL, '2020-04-06 18:50:33', NULL),
(772, 'Sam', NULL, 'Kim', '김진서', '1990-01-01', 'F', NULL, '613-843-8536', NULL, '613-724-1425', '17 Dylan Way', 'K2G 6E9', NULL, 0, 60145, 70009, 80001, 10001, 40006, 20013, '2020-02-06', '1990-01-01', NULL, '2020-04-16 17:56:04', '바후림'),
(773, 'Byung Seon', NULL, 'Kim', '김병선', '1990-01-01', 'F', 'lifeisox@gmail.com', '613-220-7119', NULL, NULL, '54E Chesterton Dr.', 'K2W 5S9', NULL, 1, 60145, 70009, 80001, 10001, 40006, 20013, '2020-02-06', '1990-01-01', NULL, '2020-03-20 23:49:05', ''),
(774, 'Mee Young', NULL, 'Kim', '김미영', '1990-01-01', 'F', NULL, '613-220-7119', NULL, '613-422-2622', '54E Chesterton Dr.', 'K2W 5S9', NULL, 0, 60145, 70009, 80001, 10001, 40006, 20013, '2020-02-06', '1990-01-01', NULL, '2020-04-08 17:02:21', NULL),
(775, 'Jae In', '', 'Kim', '김재인', '1990-01-01', 'F', NULL, '613-220-7119', NULL, NULL, '54E Chesterton Dr.', 'K2W 5S9', '', 0, 60145, 70009, 80001, 10001, 40006, 20013, '2020-02-06', '1990-01-01', NULL, NULL, ''),
(776, 'Jae Heon', NULL, 'Kim', '김재헌', '1990-01-01', 'F', NULL, '613-220-7119', NULL, '613-879-7928', '54E Chesterton Dr.', 'K2W 5S9', NULL, 0, 60145, 70009, 80001, 10001, 40006, 20013, '2020-02-06', '1990-01-01', NULL, '2020-04-16 17:47:58', '바후림'),
(777, 'Johnny', NULL, 'Kim', '김장렬', '1990-01-01', 'F', NULL, '613-834-5455', NULL, NULL, '6418 Viseneau Dr., Ottawa, On K1C 5H5', 'K1C5H5', NULL, 1, 60145, 70009, 80001, 10001, 40006, 20013, '2020-02-06', '1990-01-01', NULL, '2020-03-20 23:51:45', ''),
(778, NULL, NULL, NULL, '윤혜숙', '1990-01-01', 'F', NULL, '613-834-5455', NULL, '613-834-9990', '6418 Viseneau Dr., Ottawa, On K1C 5H5', 'K1C5H5', NULL, 0, 60145, 70009, 80001, 10001, 40006, 20013, '2020-02-06', '1990-01-01', NULL, '2020-04-08 17:03:13', NULL),
(779, 'Gina', NULL, 'Kim', '김진아', '1990-01-01', 'F', NULL, '613-422-7734', NULL, NULL, '6 Cheswick Place., Ottawa, On K2G 5S7', 'K2G5S7', NULL, 1, 60145, 70009, 80001, 10001, 40006, 20013, '2020-02-06', '1990-01-01', NULL, '2020-03-21 17:33:49', ''),
(780, 'Heejung', NULL, 'Park', '박희정', '1990-01-01', 'F', NULL, '613-298-9137', NULL, NULL, '683C Sue Hollaway Dr., Ottawa, On K2J 5R6', 'K2J5R6', NULL, 1, 60145, 70009, 80001, 10001, 40006, 20013, '2020-02-06', '1990-01-01', NULL, '2020-04-14 17:34:53', NULL),
(781, 'Sangsig', NULL, 'Yun', '윤상식', '1990-01-01', 'F', NULL, '613-841-6614', NULL, '613-998-1544', '596 Aquaview Dr., Ottawa, ON, K4A 4V8', 'K4A4V8', NULL, 1, 60145, 70009, 80001, 10001, 40006, 20013, '2020-02-06', '1990-01-01', NULL, '2020-03-21 17:34:26', ''),
(782, NULL, '', NULL, '정경아', '1990-01-01', 'F', NULL, '613-841-6614', NULL, '613-297-7710', '596 Aquaview Dr., Ottawa, ON, K4A 4V8', 'K4A4V8', '', 0, 60145, 70009, 80001, 10001, 40006, 20013, '2020-02-06', '1990-01-01', NULL, NULL, ''),
(783, NULL, '', NULL, '윤건희', '1990-01-01', 'F', NULL, '613-841-6614', NULL, NULL, '596 Aquaview Dr., Ottawa, ON, K4A 4V8', 'K4A4V8', '', 0, 60145, 70009, 80001, 10001, 40006, 20013, '2020-02-06', '1990-01-01', NULL, NULL, ''),
(784, 'Jenna', NULL, 'Yun', '윤제나', '2007-02-26', 'F', NULL, '613-841-6614', NULL, NULL, '596 Aquaview Dr., Ottawa, ON, K4A 4V8', 'K4A4V8', NULL, 0, 60145, 70009, 80001, 10001, 40006, 20013, '2020-02-06', '1990-01-01', NULL, '2020-04-02 21:20:22', NULL),
(785, 'Jung Sik', NULL, 'Yoon', '윤정식', '1990-01-01', 'F', NULL, '613-565-0574', NULL, NULL, '475 Laurier W., Ottawa, On K1R 7X1', 'K1R7X1', NULL, 1, 60145, 70009, 80001, 10001, 40006, 20013, '2020-02-06', '1990-01-01', NULL, '2020-03-21 17:38:37', ''),
(786, NULL, '', NULL, '이정순', '1990-01-01', 'F', NULL, '613-565-0574', NULL, NULL, '475 Laurier W., Ottawa, On K1R 7X1', 'K1R7X1', '', 0, 60145, 70009, 80001, 10001, 40006, 20013, '2020-02-06', '1990-01-01', NULL, NULL, ''),
(787, 'Ki Woong', NULL, 'Kim', '김기웅', '1990-01-01', 'F', NULL, '613-880-2446', NULL, '613-807-2446', '#1-102 Holland Ave., Ottawa. ON K1Y 0X6', 'K1Y0X6', NULL, 1, 60145, 70009, 80001, 10001, 40006, 20013, '2020-02-06', '1990-01-01', NULL, '2020-04-14 23:42:16', NULL),
(788, NULL, NULL, NULL, '김리연', '1990-01-01', 'F', NULL, '613-880-2446', NULL, '613-807-2446', '#1-102 Holland Ave., Ottawa. ON K1Y 0X6', 'K1Y0X6', NULL, 0, 60145, 70009, 80001, 10001, 40006, 20013, '2020-02-06', '1990-01-01', NULL, '2020-04-14 23:42:31', NULL),
(789, 'Wonhee', NULL, 'Kim', '신원희', '1990-01-01', 'F', NULL, NULL, NULL, '613-808-6036', '#116-790 Springlaend Dr., Ottawa, On K1V 6L7', 'K1V6L7', NULL, 1, 60145, 70009, 80001, 10001, 40006, 20013, '2020-02-06', '1990-01-01', NULL, '2020-04-07 18:44:57', NULL),
(790, 'Jin Yong', NULL, 'Lee', '이진용', '1990-01-01', 'F', NULL, '613-491-3771', NULL, NULL, '3030 Freshwater Way., Ottawa, On, K2J 3V5', 'K2J3V5', NULL, 1, 60145, 70009, 80001, 10001, 40006, 20013, '2020-02-06', '1990-01-01', NULL, '2020-03-21 17:40:45', ''),
(791, NULL, '', NULL, '김정은', '1990-01-01', 'F', NULL, '613-491-3771', NULL, NULL, '3030 Freshwater Way., Ottawa, On, K2J 3V5', 'K2J3V5', '', 0, 60145, 70009, 80001, 10001, 40006, 20013, '2020-02-06', '1990-01-01', NULL, NULL, ''),
(792, NULL, '', NULL, '이수빈', '1990-01-01', 'F', NULL, '613-491-3771', NULL, NULL, '3030 Freshwater Way., Ottawa, On, K2J 3V5', 'K2J3V5', '', 0, 60145, 70009, 80001, 10001, 40006, 20013, '2020-02-06', '1990-01-01', NULL, NULL, ''),
(793, 'Justin', NULL, 'Lee', '이대빈', '2005-08-23', 'F', NULL, '613-878-3149', NULL, NULL, '3030 Freshwater Way., Ottawa, On, K2J 3V5', 'K2J3V5', NULL, 0, 60145, 70009, 80001, 10001, 40006, 20013, '2020-02-06', '1990-01-01', NULL, '2020-04-03 01:18:15', NULL),
(794, NULL, NULL, NULL, '정수영', '1990-01-01', 'F', NULL, '613-836-5146', NULL, '613-415-602', '30 Deer Moss Trail., Ottawa, On K2S 1C9', 'K2S1C9', NULL, 1, 60145, 70009, 80001, 10001, 40006, 20013, '2020-02-06', '1990-01-01', NULL, '2020-04-07 22:42:56', NULL),
(795, 'Jae Yong', NULL, 'Jeong', '정재용', '1990-01-01', 'F', NULL, '613-440-0850', NULL, '613-319-3081', '169 Locheland Cres., Ottawa, ON K2G 6H7', 'K2G6H7', NULL, 1, 60145, 70009, 80001, 10001, 40006, 20013, '2020-02-06', '1990-01-01', NULL, '2020-04-07 22:43:55', NULL),
(796, NULL, NULL, NULL, '신명숙', '1990-01-01', 'F', NULL, '613-440-0850', NULL, '613-319-3081', '169 Locheland Cres., Ottawa, ON K2G 6H7', 'K2G6H7', NULL, 0, 60145, 70009, 80001, 10001, 40006, 20013, '2020-02-06', '1990-01-01', NULL, '2020-04-07 22:44:03', NULL),
(797, 'Juehee', NULL, 'Dawson', '홍주희', '1990-01-01', 'F', NULL, '613-799-3156', NULL, '613-686-5388', '337 Powell Ave Ott K1S 2A7', 'K1S2A7', NULL, 1, 60145, 70009, 80001, 10001, 40006, 20013, '2020-02-06', '1990-01-01', NULL, '2020-04-14 05:59:08', NULL),
(798, 'Jungwhan', NULL, 'Cho', '조정환', '1990-01-01', 'F', NULL, '613-668-8426', NULL, NULL, '1048 Walkley Rd., Ottawa, On K1V 6R2', 'K1V6R2', NULL, 1, 60145, 70009, 80001, 10001, 40006, 20013, '2020-02-06', '1990-01-01', NULL, '2020-04-16 17:44:41', '바후림'),
(799, 'Yoon Hwa', NULL, 'Kim', '김윤화', '1990-01-01', 'F', 'yoonkim@symaptico.ca', '819-684-3372', NULL, NULL, '1Rue Joe-Archambault Gatineau, QC, J9H 6K8', 'J9H6K8', NULL, 1, 60182, 70011, 80001, 10001, 40006, 20013, '2020-02-06', '1990-01-01', NULL, '2020-04-07 22:46:56', NULL),
(800, NULL, NULL, NULL, '안제인', '1990-01-01', 'F', NULL, '819-684-3372', NULL, NULL, '1Rue Joe-Archambault Gatineau, QC, J9H 6K8', 'J9H6K8', NULL, 0, 60182, 70011, 80001, 10001, 40006, 20013, '2020-02-06', '1990-01-01', NULL, '2020-04-07 22:47:06', NULL),
(801, 'Jungsook', NULL, 'Kim', '김정숙', '1990-01-01', 'F', NULL, '613-823-7791', NULL, NULL, '9 Waterbridge Dr K2G 6R6', 'K2G6R6', NULL, 1, 60145, 70009, 80001, 10001, 40006, 20013, '2020-02-06', '1990-01-01', NULL, '2020-03-21 17:45:14', ''),
(802, 'Terry C', NULL, 'Kim', '김태주', '1990-01-01', 'F', NULL, '613-761-9485', NULL, NULL, '#1802-38 Metropole Pvt., Ottawa, ON, K1Z 1E9', 'K1Z1E9', NULL, 1, 60145, 70009, 80001, 10001, 40006, 20013, '2020-02-06', '1990-01-01', NULL, '2020-03-21 17:45:22', ''),
(803, NULL, '', NULL, '김애자', '1990-01-01', 'F', NULL, '613-761-9485', NULL, NULL, '#1802-38 Metropole Pvt., Ottawa, ON, K1Z 1E9', 'K1Z1E9', '', 0, 60145, 70009, 80001, 10001, 40006, 20013, '2020-02-06', '1990-01-01', NULL, NULL, ''),
(804, 'Chung Keun', NULL, 'Ryu', '류충근', '1990-01-01', 'F', 'ryu_4651@hotmail.com', '613-851-6906', NULL, NULL, '#1012-1025 Grenon Ave., Ottawa, ON, K2B 8S5', 'K2B8S5', NULL, 1, 60145, 70009, 80001, 10001, 40006, 20013, '2020-02-06', '1990-01-01', NULL, '2020-03-21 17:46:11', ''),
(805, 'Hye Soon ', '', 'Shin Ryu', '신혜순', '1990-01-01', 'F', NULL, '613-851-6906', NULL, NULL, '#1012-1025 Grenon Ave., Ottawa, ON, K2B 8S5', 'K2B8S5', '', 0, 60145, 70009, 80001, 10001, 40006, 20013, '2020-02-06', '1990-01-01', NULL, NULL, ''),
(806, 'Manyoung', NULL, 'Park', '박만녕', '1990-01-01', 'F', 'myoung316@gmail.com', '613-519-0634', NULL, '613-413-2276', '113 Markland Cres., Ottawa, ON, K2G 5Z8', 'K2G5Z8', NULL, 1, 60145, 70009, 80001, 10001, 40006, 20013, '2020-02-06', '1990-01-01', NULL, '2020-04-06 18:44:50', NULL),
(807, NULL, NULL, NULL, '이현영', '1990-01-01', 'F', NULL, '613-519-0634', NULL, NULL, '113 Markland Cres., Ottawa, ON, K2G 5Z8', 'K2G5Z8', NULL, 0, 60145, 70009, 80001, 10001, 40006, 20013, '2020-02-06', '1990-01-01', NULL, '2020-04-06 18:45:03', NULL),
(808, NULL, '', NULL, '박세령', '1990-01-01', 'F', NULL, '613-591-0634', NULL, NULL, '113 Markland Cres., Ottawa, ON, K2G 5Z8', 'K2G5Z8', '', 0, 60145, 70009, 80001, 10001, 40006, 20013, '2020-02-06', '1990-01-01', NULL, NULL, ''),
(809, 'Semi', NULL, 'Park', '박세미', '2003-06-19', 'F', NULL, '613-413-2276', NULL, NULL, '113 Markland Cres., Ottawa, ON, K2G 5Z8', 'K2G5Z8', NULL, 0, 60145, 70009, 80001, 10001, 40006, 20013, '2020-02-06', '1990-01-01', NULL, '2020-04-03 05:18:48', NULL),
(810, 'John', NULL, 'Park', '박세한', '1990-01-01', 'F', NULL, '613-591-0634', NULL, '873-288-2567', '113 Markland Cres., Ottawa, ON, K2G 5Z8', 'K2G5Z8', NULL, 0, 60145, 70009, 80001, 10001, 40006, 20013, '2020-02-06', '1990-01-01', NULL, '2020-04-16 18:10:14', 'Mosaic'),
(811, 'Kyung Ja', NULL, 'Hwang', '황경자', '1990-01-01', 'F', NULL, '613-519-0634', NULL, NULL, '113 Markland Cres., Ottawa, ON, K2G 5Z8', 'K2G5Z8', NULL, 1, 60145, 70009, 80001, 10001, 40006, 20013, '2020-02-06', '1990-01-01', NULL, '2020-04-07 23:03:36', NULL),
(812, 'Chan Fun', NULL, 'Aw', '어찬훈', '1990-01-01', 'F', NULL, '613-824-4976', NULL, NULL, '60 Northpark Dr., Ottawa, ON, K1B 3R8', 'K1B3R8', NULL, 1, 60145, 70009, 80001, 10001, 40006, 20013, '2020-02-06', '1990-01-01', NULL, '2020-03-21 21:10:56', ''),
(813, NULL, '', NULL, '심숙자', '1990-01-01', 'F', NULL, '613-824-4976', NULL, NULL, '60 Northpark Dr., Ottawa, ON, K1B 3R8', 'K1B3R8', '', 0, 60145, 70009, 80001, 10001, 40006, 20013, '2020-02-06', '1990-01-01', NULL, NULL, ''),
(814, 'Charles', NULL, 'Ohh', '오철수', '1990-01-01', 'F', 'cohh34@gmail.com', '613-692-3446', NULL, '343-883-0705', '510 Millars Sound Way., Ottawa, ON, K2J 3V4', 'K2J3V4', NULL, 1, 60145, 70009, 80001, 10001, 40006, 20013, '2020-02-06', '1990-01-01', NULL, '2020-04-07 22:50:17', NULL),
(815, NULL, NULL, NULL, '정강남', '1990-01-01', 'F', NULL, '613-692-3446', NULL, '343-883-0705', '510 Millars Sound Way., Ottawa, ON, K2J 3V4', 'K2J3V4', NULL, 0, 60145, 70009, 80001, 10001, 40006, 20013, '2020-02-06', '1990-01-01', NULL, '2020-04-07 22:50:27', NULL),
(816, 'MoonJoon', NULL, 'Lee', '이문준', '1990-01-01', 'F', 'leemj@sympatico.ca', '613-831-6421', NULL, NULL, '43 West Ridge Dr., Stittsville, ON, K2S 1S4', 'K2S1S4', NULL, 1, 60162, 70009, 80001, 10001, 40006, 20013, '2020-02-06', '1990-01-01', NULL, '2020-03-20 19:35:00', ''),
(817, NULL, NULL, NULL, '김영수', '1990-01-01', 'F', NULL, '613-831-6421', NULL, NULL, '43 West Ridge Dr., Stittsville, ON, K2S 1S4', 'K2S1S4', NULL, 0, 60162, 70009, 80001, 10001, 40006, 20013, '2020-02-06', '1990-01-01', NULL, '2020-03-20 19:35:28', ''),
(818, 'Sukbo', NULL, 'Lee', '이석보', '1990-01-01', 'F', NULL, '613-440-2151', NULL, NULL, '#3-540 Stonfield Private., Ottawa ON, K2G 4R3', 'K2G4R3', NULL, 1, 60145, 70009, 80001, 10001, 40006, 20013, '2020-02-06', '1990-01-01', NULL, '2020-03-21 21:12:55', ''),
(819, 'Jungsoon', '', 'Lee', '이정순', '1990-01-01', 'F', NULL, '613-440-2151', NULL, NULL, '#3-540 Stonfield Private., Ottawa ON, K2G 4R3', 'K2G4R3', '', 0, 60145, 70009, 80001, 10001, 40006, 20013, '2020-02-06', '1990-01-01', NULL, NULL, ''),
(820, 'Hae Teak', NULL, 'Chung', '정해택', '1990-01-01', 'F', 'tedchung@rogers.ca', '613-836-1527', NULL, NULL, '558 Mazari Cres., Ottawa, ON, K2S 0A1', 'K2S0A1', NULL, 1, 60145, 70009, 80001, 10001, 40006, 20013, '2020-02-06', '1990-01-01', NULL, '2020-03-21 21:14:01', ''),
(821, NULL, '', NULL, '박수련', '1990-01-01', 'F', NULL, '613-836-1527', NULL, NULL, '558 Mazari Cres., Ottawa, ON, K2S 0A1', 'K2S0A1', '', 0, 60145, 70009, 80001, 10001, 40006, 20013, '2020-02-06', '1990-01-01', NULL, NULL, ''),
(822, 'Dongwon', NULL, 'Kang', '강동원', '1990-01-01', 'F', NULL, '613-981-0117', '613-260-1992', '613-410-1991', '3055 Courtyard Cres., Ottawa, On K1T 3R7', 'K1T3R7', NULL, 1, 60145, 70009, 80001, 10001, 40006, 20013, '2020-02-06', '1990-01-01', NULL, '2020-04-07 22:33:23', NULL),
(823, NULL, NULL, NULL, '박성희', '1990-01-01', 'F', NULL, NULL, NULL, '613-260-1992', '3055 Courtyard Cres., Ottawa, On K1T 3R7', 'K1T3R7', NULL, 0, 60145, 70009, 80001, 10001, 40006, 20013, '2020-02-06', '1990-01-01', NULL, '2020-04-07 22:33:44', NULL),
(824, NULL, NULL, NULL, '강한성', '1990-01-01', 'F', NULL, '613-501-2438', NULL, '613-700-3172', '3055 Courtyard Cres., Ottawa, On K1T 3R7', 'K1T3R7', NULL, 0, 60145, 70009, 80001, 10001, 40006, 20013, '2020-02-06', '1990-01-01', NULL, '2020-04-16 17:51:08', '바후림'),
(825, NULL, NULL, NULL, '강민성', '1990-01-01', 'F', NULL, '613-501-2438', NULL, '613-263-2969', '3055 Courtyard Cres., Ottawa, On K1T 3R7', 'K1T3R7', NULL, 0, 60145, 70009, 80001, 10001, 40006, 20013, '2020-02-06', '1990-01-01', NULL, '2020-04-16 17:46:49', '바후림'),
(826, 'Junghoon', NULL, 'Suh', '서정훈', '1990-01-01', 'F', NULL, '613-808-8359', NULL, '613-595-0532', '168 Streamside Cres., Ottawa, ON, K2W 0A8', 'K2W0A8', NULL, 1, 60145, 70009, 80001, 10001, 40006, 20013, '2020-02-06', '1990-01-01', NULL, '2020-04-08 17:01:45', NULL),
(827, NULL, NULL, NULL, '이신정', '1990-01-01', 'F', NULL, '613-808-8359', NULL, '613-700-5790', '168 Streamside Cres., Ottawa, ON, K2W 0A8', 'K2W0A8', NULL, 0, 60145, 70009, 80001, 10001, 40006, 20013, '2020-02-06', '1990-01-01', NULL, '2020-04-08 17:01:58', NULL),
(828, NULL, '', NULL, '서희원', '1990-01-01', 'F', NULL, '613-808-8359', NULL, NULL, '168 Streamside Cres., Ottawa, ON, K2W 0A8', 'K2W0A8', '', 0, 60145, 70009, 80001, 10001, 40006, 20013, '2020-02-06', '1990-01-01', NULL, NULL, ''),
(829, NULL, '', NULL, '서예덴', '1990-01-01', 'F', NULL, '613-808-8359', NULL, NULL, '168 Streamside Cres., Ottawa, ON, K2W 0A8', 'K2W0A8', '', 0, 60145, 70009, 80001, 10001, 40006, 20013, '2020-02-06', '1990-01-01', NULL, NULL, ''),
(830, 'Seung Hyun', NULL, 'Yeo', '여승현', '1990-01-01', 'F', 'yeo.seunghyun@gmail.com', '613-252-3464', NULL, NULL, '2104-242 Rideau St., Ottawa, On K1N 0B7', 'K1N0B7', NULL, 1, 60145, 70009, 80001, 10001, 40006, 20013, '2020-02-06', '1990-01-01', NULL, '2020-03-21 22:44:35', ''),
(831, NULL, NULL, NULL, '박근아', '1990-01-01', 'F', 'kunpark2@gmail.com', '613-252-3464', NULL, NULL, '2104-242 Rideau St., Ottawa, On K1N 0B7', 'K1N0B7', NULL, 0, 60145, 70009, 80001, 10001, 40006, 20013, '2020-02-06', '1990-01-01', NULL, '2020-03-21 22:44:55', ''),
(832, 'Changsuk', NULL, 'Cho', '조창석', '1990-01-01', 'F', NULL, '613-266-6722', NULL, NULL, '124 Osnaerook Pvt., Ottawa, ON, K2J 0G8', 'K2J0G8', NULL, 1, 60145, 70009, 80001, 10001, 40006, 20013, '2020-02-06', '1990-01-01', NULL, '2020-04-14 17:39:12', NULL),
(833, NULL, NULL, NULL, '홍수정', '1990-01-01', 'F', NULL, '613-266-6722', NULL, NULL, '124 Osnaerook Pvt., Ottawa, ON, K2J 0G8', 'K2J0G8', NULL, 0, 60145, 70009, 80001, 10001, 40006, 20013, '2020-02-06', '1990-01-01', NULL, '2020-04-14 17:39:19', NULL),
(834, NULL, '', NULL, '조예준', '1990-01-01', 'F', NULL, '613-656-3281', NULL, NULL, '124 Osnaerook Pvt., Ottawa, ON, K2J 0G8', 'K2J0G8', '', 0, 60145, 70009, 80001, 10001, 40006, 20013, '2020-02-06', '1990-01-01', NULL, NULL, ''),
(835, 'Sungchul', NULL, 'Shin', '신성철', '1990-01-01', 'F', 'bap1212@maver.com', '416-482-1638', NULL, '613-252-3162', '335 Island Park Dr., Ottawa, On K1Y 0A6', 'K1Y0A6', NULL, 1, 60145, 70009, 80001, 10001, 40006, 20013, '2020-02-06', '1990-01-01', NULL, '2020-04-14 23:56:07', NULL),
(836, 'Dongmin', NULL, 'Shin', '신동민', '2006-04-30', 'F', NULL, '613-920-1011', NULL, NULL, '335 Island Park Dr., Ottawa, On K1Y 0A6', 'K1Y0A6', NULL, 0, 60145, 70009, 80001, 10001, 40006, 20013, '2020-02-06', '1990-01-01', NULL, '2020-04-03 01:11:28', NULL),
(837, NULL, '', NULL, '신동주', '1990-01-01', 'F', NULL, NULL, NULL, NULL, '335 Island Park Dr., Ottawa, On K1Y 0A6', 'K1Y0A6', '', 0, 60145, 70009, 80001, 10001, 40006, 20013, '2020-02-06', '1990-01-01', NULL, NULL, ''),
(838, 'Soojin', NULL, 'Yu', '유수진', '1990-01-01', 'F', 'soojinyu@hotmail.com', '416-482-1638', NULL, '613-252-3162', '335 Island Park Dr., Ottawa, On K1Y 0A6', 'K1Y0A6', NULL, 0, 60145, 70009, 80001, 10001, 40006, 20013, '2020-02-06', '1990-01-01', NULL, '2020-04-14 23:56:30', NULL),
(839, 'Yeong', NULL, 'Yoo', '유영창', '1990-01-01', 'F', 'yeong_yoo@hanmail.net', '613-424-0772', NULL, '613-993-5331', '2231 Mondavi St., Ottawa, ON, K4A 4S1', 'K4A4S1', NULL, 1, 60145, 70009, 80001, 10001, 40006, 20013, '2020-02-06', '1990-01-01', NULL, '2020-03-21 22:47:36', ''),
(840, NULL, NULL, NULL, '이호진', '1990-01-01', 'F', NULL, '613-424-0772', NULL, '613-993-5331', '2231 Mondavi St., Ottawa, ON, K4A 4S1', 'K4A4S1', NULL, 0, 60145, 70009, 80001, 10001, 40006, 20013, '2020-02-06', '1990-01-01', NULL, '2020-04-08 17:17:33', NULL),
(841, 'John', NULL, 'Yoo', '유준상', '1990-01-01', 'F', NULL, '613-424-0772', NULL, '613-799-8331', '2231 Mondavi St., Ottawa, ON, K4A 4S1', 'K4A4S1', NULL, 0, 60145, 70009, 80001, 10001, 40006, 20013, '2020-02-06', '1990-01-01', NULL, '2020-04-16 18:10:34', 'Mosaic'),
(842, NULL, '', NULL, '유정은', '1990-01-01', 'F', NULL, '613-424-0772', NULL, NULL, '2231 Mondavi St., Ottawa, ON, K4A 4S1', 'K4A4S1', '', 0, 60145, 70009, 80001, 10001, 40006, 20013, '2020-02-06', '1990-01-01', NULL, NULL, ''),
(843, 'Joan Jong Ja', NULL, 'Hahn-Kern', '차정자', '1990-01-01', 'F', 'jhahn-kern@rogers.com', NULL, NULL, '613-824-9979', '109 Saphir Ave., Ottawa, On K4B 1J9', 'K4B1J9', NULL, 1, 60145, 70009, 80001, 10001, 40006, 20013, '2020-02-06', '1990-01-01', NULL, '2020-04-07 23:02:23', NULL),
(844, 'Sangchul', NULL, 'Han', '한상철', '1990-01-01', 'F', 'hansc72@hotmail.com', '613-435-9069', NULL, '613-986-3706', '221 Santiago St., Carleton Place, On K7C 0C7', 'K7C0C7', NULL, 1, 60204, 70009, 80001, 10001, 40006, 20013, '2020-02-06', '1990-01-01', NULL, '2020-04-14 23:59:00', NULL),
(845, 'Kye Un', NULL, 'Park', '박계언', '1990-01-01', 'F', NULL, '613-435-9069', NULL, '613-986-3706', '221 Santiago St., Carleton Place, On K7C 0C7', 'K7C0C7', NULL, 0, 60204, 70009, 80001, 10001, 40006, 20013, '2020-02-06', '1990-01-01', NULL, '2020-04-14 23:59:14', NULL),
(846, 'Victoria', NULL, 'Han', '한승아', '2004-08-28', 'F', NULL, '613-253-3706', NULL, NULL, '221 Santiago St., Carleton Place, On K7C 0C7', 'K7C0C7', NULL, 0, 60204, 70009, 80001, 10001, 40006, 20013, '2020-02-06', '1990-01-01', NULL, '2020-04-03 05:11:38', NULL),
(847, 'Bryan', NULL, 'Han', '한승원', '2006-12-25', 'F', NULL, '613-253-3706', NULL, NULL, '221 Santiago St., Carleton Place, On K7C 0C7', 'K7C0C7', NULL, 0, 60204, 70009, 80001, 10001, 40006, 20013, '2020-02-06', '1990-01-01', NULL, '2020-04-03 01:15:38', NULL),
(848, 'Junho', NULL, 'Kim', '김준호', '1990-01-01', 'F', NULL, '613-680-1828', NULL, '613-355-6370', '45 Carwood Cir., Ottawa, ON, K1K 4V4', 'K1K4V4', NULL, 1, 60145, 70009, 80001, 10001, 40006, 20013, '2020-02-06', '1990-01-01', NULL, '2020-03-21 22:50:01', ''),
(849, NULL, NULL, NULL, '김영심', '1990-01-01', 'F', NULL, '613-680-1828', NULL, '613-355-6370', '45 Carwood Cir., Ottawa, ON, K1K 4V4', 'K1K4V4', NULL, 0, 60145, 70009, 80001, 10001, 40006, 20013, '2020-02-06', '1990-01-01', NULL, '2020-04-13 17:51:36', '박영심'),
(850, NULL, '', NULL, '김태섭', '1990-01-01', 'F', NULL, '613-680-1828', NULL, NULL, '45 Carwood Cir., Ottawa, ON, K1K 4V4', 'K1K4V4', '', 0, 60145, 70009, 80001, 10001, 40006, 20013, '2020-02-06', '1990-01-01', NULL, NULL, ''),
(851, 'Sangjin', NULL, 'Lee', '이상진', '1990-01-01', 'F', 'sjinlee2@yahoo.ca', '613-692-8630', NULL, '613-699-6725', '975 Rossburn Cres., Ottawa, ON, K2J 0G4', 'K2J0G4', NULL, 1, 60145, 70009, 80001, 10001, 40006, 20013, '2020-02-06', '1990-01-01', NULL, '2020-04-13 17:55:19', NULL),
(852, NULL, NULL, NULL, '조재은', '1990-01-01', 'F', NULL, '613-692-8630', NULL, '613-800-8443', '975 Rossburn Cres., Ottawa, ON, K2J 0G4', 'K2J0G4', NULL, 0, 60145, 70009, 80001, 10001, 40006, 20013, '2020-02-06', '1990-01-01', NULL, '2020-04-13 17:55:31', NULL),
(853, 'Yun Teag', NULL, 'Jang', '장윤택', '1990-01-01', 'F', NULL, '613-805-5447', NULL, NULL, '5908 Pineglade Cres., Ottawa On, k1W 1G3', 'k1W1G3', NULL, 1, 60145, 70009, 80001, 10001, 40006, 20013, '2020-02-06', '1990-01-01', NULL, '2020-03-21 22:51:48', ''),
(854, NULL, '', NULL, '이문영', '1990-01-01', 'F', NULL, '613-805-5447', NULL, NULL, '5908 Pineglade Cres., Ottawa On, k1W 1G3', 'k1W1G3', '', 0, 60145, 70009, 80001, 10001, 40006, 20013, '2020-02-06', '1990-01-01', NULL, NULL, ''),
(855, 'Haeun', NULL, 'Jang', '장하운', '2002-07-29', 'F', 'bug0729@naver.com', '613-805-5447', NULL, NULL, '5908 Pineglade Cres., Ottawa On, k1W 1G3', 'k1W1G3', NULL, 0, 60145, 70009, 80001, 10001, 40006, 20013, '2020-02-06', '1990-01-01', NULL, '2020-04-03 05:30:52', NULL),
(856, 'Junha', NULL, 'Jang', '장준하', '2003-11-11', 'F', 'junhajang2003@gmail.com', '613-805-5447', NULL, NULL, '5908 Pineglade Cres., Ottawa On, k1W 1G3', 'k1W1G3', NULL, 0, 60145, 70009, 80001, 10001, 40006, 20013, '2020-02-06', '1990-01-01', NULL, '2020-04-03 05:30:39', NULL),
(857, 'Jeongjoo', NULL, 'Na', '나정주', '1990-01-01', 'F', 'jjna@msn.com', '613-599-0621', '613-592-2288 (x.230)', NULL, '6 Springtree Pl., Ottawa, ON, K2M 2H5', 'K2M2H5', NULL, 1, 60145, 70009, 80001, 10001, 40006, 20013, '2020-02-06', '1990-01-01', NULL, '2020-03-21 22:52:41', ''),
(858, NULL, NULL, NULL, '박영희', '1990-01-01', 'F', NULL, '613-599-0621', NULL, '613-592-2288', '6 Springtree Pl., Ottawa, ON, K2M 2H5', 'K2M2H5', NULL, 0, 60145, 70009, 80001, 10001, 40006, 20013, '2020-02-06', '1990-01-01', NULL, '2020-04-13 17:40:24', NULL),
(859, 'Steve', NULL, 'Ma', '마종욱', '1990-01-01', 'F', NULL, '613-491-1076', NULL, NULL, '148 Culloden Cres., Ottawa, ON K2J 5Z9', 'K2J5Z9', NULL, 1, 60145, 70009, 80001, 10001, 40006, 20013, '2020-02-06', '1990-01-01', NULL, '2020-03-21 22:53:21', ''),
(860, NULL, '', NULL, '강현종', '1990-01-01', 'F', NULL, '613-491-1076', NULL, NULL, '148 Culloden Cres., Ottawa, ON K2J 5Z9', 'K2J5Z9', '', 0, 60145, 70009, 80001, 10001, 40006, 20013, '2020-02-06', '1990-01-01', NULL, NULL, ''),
(861, 'Laura', NULL, 'Ma', '마지선', '2002-07-30', 'F', 'sunshinema0730@gmail.com', '613-261-0576', NULL, NULL, '148 Culloden Cres., Ottawa, ON K2J 5Z9', 'K2J5Z9', NULL, 0, 60145, 70009, 80001, 10001, 40006, 20013, '2020-02-06', '1990-01-01', NULL, '2020-04-03 05:25:31', NULL),
(862, 'Sarah', NULL, 'Ma', '마지원', '1990-01-01', 'F', NULL, '613-619-0577', NULL, NULL, '148 Culloden Cres., Ottawa, ON K2J 5Z9', 'K2J5Z9', NULL, 0, 60145, 70009, 80001, 10001, 40006, 20013, '2020-02-06', '1990-01-01', NULL, '2020-04-16 18:17:39', 'Mosaic'),
(863, 'Sam', NULL, 'Ma', '마지훈', '1990-01-01', 'F', NULL, '613-491-1076', NULL, NULL, '148 Culloden Cres., Ottawa, ON K2J 5Z9', 'K2J5Z9', NULL, 0, 60145, 70009, 80001, 10001, 40006, 20013, '2020-02-06', '1990-01-01', NULL, '2020-04-03 05:13:00', NULL),
(864, 'Robert', NULL, 'Hahn', '한문종', '1990-01-01', 'F', 'rmchahn@yahoo.com', '613-795-8895', NULL, '613-286-6984', '#1208-90 George St., Ottawa, ON, K1N 0A8', 'K1N 0A8', NULL, 1, 60145, 70009, 80001, 10001, 40006, 20013, '2020-02-06', '1990-01-01', NULL, '2020-04-14 17:39:41', NULL),
(865, 'Younga', NULL, 'Hahn', '최영아', '1990-01-01', 'F', NULL, '613-795-8895', NULL, '613-286-6984', '#1208-90 George St., Ottawa, ON, K1N 0A8', 'K1N 0A8', NULL, 0, 60145, 70009, 80001, 10001, 40006, 20013, '2020-02-06', '1990-01-01', NULL, '2020-04-14 17:40:10', '한영아'),
(866, 'Young Joon', NULL, 'Kim', '김영준', '1990-01-01', 'F', 'yjoonk1@gmail.com', '613-440-3819', NULL, NULL, '#509-179 Metcalfe St., Ottawa, On K2P 0W1', 'K2P0W1', NULL, 1, 60145, 70009, 80001, 10001, 40006, 20013, '2020-02-06', '1990-01-01', NULL, '2020-03-21 22:54:55', ''),
(867, NULL, NULL, NULL, '안애리', '1990-01-01', 'F', NULL, '613-440-3819', NULL, '613-912-3859', '#509-179 Metcalfe St., Ottawa, On K2P 0W1', 'K2P0W1', NULL, 0, 60145, 70009, 80001, 10001, 40006, 20013, '2020-02-06', '1990-01-01', NULL, '2020-04-13 17:50:57', NULL),
(868, 'Jaehong', NULL, 'Park', '박재홍', '1990-01-01', 'F', 'p_garden@hanmail.net', '613-435-2499', NULL, '613-784-3168', '3 Grengold Way., Ottawa, ON, K2T 1C8', 'K2T1C8', NULL, 1, 60145, 70009, 80001, 10001, 40006, 20013, '2020-02-06', '1990-01-01', NULL, '2020-03-21 22:55:34', ''),
(869, NULL, NULL, NULL, '오은경', '1990-01-01', 'F', NULL, '613-435-2499', NULL, '613-784-3168', '3 Grengold Way., Ottawa, ON, K2T 1C8', 'K2T1C8', NULL, 0, 60145, 70009, 80001, 10001, 40006, 20013, '2020-02-06', '1990-01-01', NULL, '2020-04-13 17:50:08', NULL),
(870, 'Yerim', NULL, 'Park', '박예림', '1990-01-01', 'F', NULL, '613-435-2499', NULL, '613-299-4453', '3 Grengold Way., Ottawa, ON, K2T 1C8', 'K2T1C8', NULL, 0, 60145, 70009, 80001, 10001, 40006, 20013, '2020-02-06', '1990-01-01', NULL, '2020-04-16 18:22:04', 'Mosaic'),
(871, NULL, '', NULL, '박예원', '1990-01-01', 'F', NULL, '613-435-2499', NULL, NULL, '3 Grengold Way., Ottawa, ON, K2T 1C8', 'K2T1C8', '', 0, 60145, 70009, 80001, 10001, 40006, 20013, '2020-02-06', '1990-01-01', NULL, NULL, ''),
(872, 'Jungwee', NULL, 'Park', '박정위', '1990-01-01', 'F', 'jungwee@yahoo.com', '613-270-9519', NULL, '613-951-4598', '132 Shaughnessy Cr., Ottawaa, ON, K2K 2N3', 'K2K2N3', NULL, 1, 60145, 70009, 80001, 10001, 40006, 20013, '2020-02-06', '1990-01-01', NULL, '2020-03-21 22:57:03', ''),
(873, NULL, NULL, NULL, '박춘선', '1990-01-01', 'F', NULL, '613-270-9519', NULL, '613-951-4598', '132 Shaughnessy Cr., Ottawaa, ON, K2K 2N3', 'K2K2N3', NULL, 0, 60145, 70009, 80001, 10001, 40006, 20013, '2020-02-06', '1990-01-01', NULL, '2020-04-13 17:51:56', NULL),
(874, 'Sangmin', NULL, 'Lee', '이상민', '1990-01-01', 'F', NULL, '613-712-8659', NULL, NULL, '135 Mcleod St., Ottaw, On', NULL, NULL, 1, 60145, 70009, 80001, 10001, 40006, 20013, '2020-02-06', '1990-01-01', NULL, '2020-03-21 22:57:52', ''),
(875, 'Dong Yi', NULL, 'Seo', '서동이', '1990-01-01', 'F', NULL, '613-323-0541', NULL, '613-843-0541', '147 Baroness Dr., Ottawa, On K2G 6S4', 'K2G6S4', NULL, 1, 60145, 70009, 80001, 10001, 40006, 20013, '2020-02-06', '1990-01-01', NULL, '2020-04-14 05:42:19', NULL),
(876, NULL, NULL, NULL, '정수연', '1990-01-01', 'F', NULL, '613-323-0541', NULL, '613-993-9280', '147 Baroness Dr., Ottawa, On K2G 6S4', 'K2G6S4', NULL, 0, 60145, 70009, 80001, 10001, 40006, 20013, '2020-02-06', '1990-01-01', NULL, '2020-04-14 05:42:38', NULL),
(877, 'Jungwoo', NULL, 'Yang', '양정우', '1990-01-01', 'F', NULL, '613-716-9856', NULL, NULL, '#98-3275 McCarthy Rd., Ottawa, ON K1V 9M8', 'K1V9M8', NULL, 1, 60145, 70009, 80001, 10001, 40006, 20013, '2020-02-06', '1990-01-01', NULL, '2020-04-14 05:43:43', NULL),
(878, NULL, NULL, NULL, '박지현', '1990-01-01', 'F', NULL, '613-716-9856', NULL, NULL, '#98-3275 McCarthy Rd., Ottawa, ON K1V 9M8', 'K1V9M8', NULL, 0, 60145, 70009, 80001, 10001, 40006, 20013, '2020-02-06', '1990-01-01', NULL, '2020-04-14 05:43:52', NULL),
(879, NULL, '', NULL, '양은우', '1990-01-01', 'F', NULL, '613-314-2470', NULL, NULL, '#98-3275 McCarthy Rd., Ottawa, ON K1V 9M8', 'K1V9M8', '', 0, 60145, 70009, 80001, 10001, 40006, 20013, '2020-02-06', '1990-01-01', NULL, NULL, ''),
(880, NULL, '', NULL, '양예준', '1990-01-01', 'F', NULL, '613-314-2470', NULL, NULL, '#98-3275 McCarthy Rd., Ottawa, ON K1V 9M8', 'K1V9M8', '', 0, 60145, 70009, 80001, 10001, 40006, 20013, '2020-02-06', '1990-01-01', NULL, NULL, ''),
(881, 'Inwon', NULL, 'Lee', '이인원', '1990-01-01', 'F', 'rinwon@gmail.com', '613-843-9967', NULL, '613-956-7582', '7 Baypointe Cr., Ottawa, ON, K2G 6T8', 'K2G6T8', NULL, 1, 60145, 70009, 80001, 10001, 40006, 20013, '2020-02-06', '1990-01-01', NULL, '2020-03-21 22:59:51', ''),
(882, 'Miryong', '', 'Hwang', '황미령', '1990-01-01', 'F', NULL, '613-843-9967', NULL, '613-852-9967', '7 Baypointe Cr., Ottawa, ON, K2G 6T8', 'K2G6T8', '', 0, 60145, 70009, 80001, 10001, 40006, 20013, '2020-02-06', '1990-01-01', NULL, NULL, ''),
(883, 'Joobin Joseph', NULL, 'Lee', '이주빈', '2003-04-26', 'F', 'joobin2003@gmail.com', '613-843-9967', NULL, NULL, '7 Baypointe Cr., Ottawa, ON, K2G 6T8', 'K2G6T8', NULL, 0, 60145, 70009, 80001, 10001, 40006, 20013, '2020-02-06', '1990-01-01', NULL, '2020-04-03 05:29:33', NULL),
(884, 'Joohyung Philip', '', 'Lee', '이주형', '1990-01-01', 'F', NULL, '613-843-9967', NULL, NULL, '7 Baypointe Cr., Ottawa, ON, K2G 6T8', 'K2G6T8', '', 0, 60145, 70009, 80001, 10001, 40006, 20013, '2020-02-06', '1990-01-01', NULL, NULL, ''),
(885, 'Jonghyuk', NULL, 'Lee', '이종혁', '1990-01-01', 'F', 'jlees@canada.com', '613-260-3526', NULL, '613-952-8563', '1331 Brookline Ave., Ottawa, ON, K1V 6S2', 'K1V6S2', NULL, 1, 60145, 70009, 80001, 10001, 40006, 20013, '2020-02-06', '1990-01-01', NULL, '2020-03-21 23:00:45', ''),
(886, NULL, NULL, NULL, '박은경', '1990-01-01', 'F', NULL, '613-260-3526', NULL, '613-884-1962', '1331 Brookline Ave., Ottawa, ON, K1V 6S2', 'K1V6S2', NULL, 0, 60145, 70009, 80001, 10001, 40006, 20013, '2020-02-06', '1990-01-01', NULL, '2020-04-14 05:45:19', NULL),
(887, NULL, '', NULL, '이예일', '1990-01-01', 'F', NULL, '613-260-3526', NULL, NULL, '1331 Brookline Ave., Ottawa, ON, K1V 6S2', 'K1V6S2', '', 0, 60145, 70009, 80001, 10001, 40006, 20013, '2020-02-06', '1990-01-01', NULL, NULL, ''),
(888, 'Yegene', '', 'Lee', '이예진', '1990-01-01', 'F', NULL, '613-260-3526', NULL, NULL, '1331 Brookline Ave., Ottawa, ON, K1V 6S2', 'K1V6S2', '', 0, 60145, 70009, 80001, 10001, 40006, 20013, '2020-02-06', '1990-01-01', NULL, NULL, ''),
(889, 'Young Jin', NULL, 'Jun', '전영진', '1990-01-01', 'F', NULL, '613-252-3488', NULL, NULL, '710 Triton Pl Ottawa, On, k2J 0Z3', 'k2J0Z3', NULL, 1, 60145, 70009, 80001, 10001, 40006, 20013, '2020-02-06', '1990-01-01', NULL, '2020-04-14 05:48:41', NULL),
(890, 'Choloong', NULL, 'Hahn', '한철웅', '1990-01-01', 'F', 'choloong.hahn@gmail.com', '613-406-1537', NULL, '613-408-1537', '#503-2470 Southvale Cres., Ottawa ON K1B 4L9', 'K1B4L9', NULL, 1, 60145, 70009, 80001, 10001, 40006, 20013, '2020-02-06', '1990-01-01', NULL, '2020-04-14 05:49:27', NULL),
(891, NULL, NULL, NULL, '장윤정', '1990-01-01', 'F', NULL, '613-406-1537', NULL, '613-408-1537', '#503-2470 Southvale Cres., Ottawa ON K1B 4L9', 'K1B4L9', NULL, 0, 60145, 70009, 80001, 10001, 40006, 20013, '2020-02-06', '1990-01-01', NULL, '2020-04-14 05:49:38', NULL),
(892, NULL, '', NULL, '한라엘', '1990-01-01', 'F', NULL, '613-406-1537', NULL, NULL, '#503-2470 Southvale Cres., Ottawa ON K1B 4L9', 'K1B4L9', '', 0, 60145, 70009, 80001, 10001, 40006, 20013, '2020-02-06', '1990-01-01', NULL, NULL, ''),
(893, 'Tae Maen', NULL, 'Shin', '신태멘', '1990-01-01', 'F', NULL, '613-366-9224', NULL, '613-371-7333', '#1510-324 Laurier Ave W., Ottawa, On K1P 0A4', 'K1P0A4', NULL, 1, 60145, 70009, 80001, 10001, 40006, 20013, '2020-02-06', '1990-01-01', NULL, '2020-04-14 05:54:29', NULL),
(894, 'Da Ye', NULL, 'Chun', '천다예', '1990-01-01', 'F', NULL, '613-366-9224', NULL, '613-371-7333', '#1510-324 Laurier Ave W., Ottawa, On K1P 0A4', 'K1P0A4', NULL, 0, 60145, 70009, 80001, 10001, 40006, 20013, '2020-02-06', '1990-01-01', NULL, '2020-04-14 05:54:40', NULL),
(895, NULL, NULL, NULL, '신은유', '1990-01-01', 'F', NULL, '613-366-9224', NULL, NULL, '#1510-324 Laurier Ave W., Ottawa, On K1P 0A4', 'K1P0A4', NULL, 0, 60145, 70009, 80001, 10001, 40006, 20013, '2020-02-06', '1990-01-01', NULL, '2020-03-25 19:32:47', ''),
(896, 'Ki-Sang', NULL, 'Rhee', '이기상', '1990-01-01', 'F', 'kisangrhee@yahoo.co.kr', '613-800-0699', NULL, '613-879-2677', '729 River Rd., Ottawa, ON, K4M 1B2', 'K4M1B2', NULL, 1, 60145, 70009, 80001, 10001, 40006, 20013, '2020-02-06', '1990-01-01', NULL, '2020-04-14 17:32:38', NULL),
(897, NULL, NULL, NULL, '이주희', '1990-01-01', 'F', NULL, '613-800-0699', NULL, '613-879-2677', '729 River Rd., Ottawa, ON, K4M 1B2', 'K4M1B2', NULL, 0, 60145, 70009, 80001, 10001, 40006, 20013, '2020-02-06', '1990-01-01', NULL, '2020-04-14 17:32:18', NULL),
(898, 'Hi-Zung', NULL, 'Kim', '김희중', '1990-01-01', 'F', NULL, '613-736-5332', NULL, '613-518-8041', '1996 Jasper Ave., Ottawa, ON, K1V 1Z5', 'K1V1Z5', NULL, 1, 60145, 70009, 80001, 10001, 40006, 20013, '2020-02-06', '1990-01-01', NULL, '2020-04-14 05:41:49', NULL),
(899, 'Matsuura', NULL, 'Takeshi', 'Matsuura Takeshi', '1990-01-01', 'F', NULL, '613-736-5332', NULL, '613-518-8041', '1996 Jasper Ave., Ottawa, ON, K1V 1Z5', 'K1V1Z5', NULL, 0, 60145, 70009, 80001, 10001, 40006, 20013, '2020-02-06', '1990-01-01', NULL, '2020-04-14 05:42:03', NULL),
(900, 'Youngsoon', NULL, 'You', '유영순', '1990-01-01', 'F', 'hyckbong@naver.com', '613-592-7721', NULL, NULL, '32 Slade Cres., Kanata, ON, K2K 2L1', 'K2K2L1', NULL, 1, 60145, 70009, 80001, 10001, 40006, 20013, '2020-02-06', '1990-01-01', NULL, '2020-03-21 23:04:57', ''),
(901, 'Sunmock', NULL, 'Yang', '양선목', '1990-01-01', 'F', NULL, '613-592-7721', NULL, '613-868-7721', '32 Slade Cres., Kanata, ON, K2K 2L1', 'K2K2L1', NULL, 1, 60145, 70009, 80001, 10001, 40006, 20013, '2020-02-06', '1990-01-01', NULL, '2020-04-16 18:20:40', 'Mosaic'),
(902, 'Sookgeun', NULL, 'Lee', '이수근', '1990-01-01', 'F', NULL, '613-852-8007', NULL, NULL, '9 Hemlo Cres., Ottawa, ON, K2T 1C7', 'K2T1C7', NULL, 1, 60145, 70009, 80001, 10001, 40006, 20013, '2020-02-06', '1990-01-01', NULL, '2020-03-21 23:05:15', ''),
(903, NULL, NULL, NULL, '호정주', '1990-01-01', 'F', NULL, '613-852-8007', NULL, '613-884-2830', '9 Hemlo Cres., Ottawa, ON, K2T 1C7', 'K2T1C7', NULL, 0, 60145, 70009, 80001, 10001, 40006, 20013, '2020-02-06', '1990-01-01', NULL, '2020-04-14 05:55:31', NULL),
(904, NULL, '', NULL, '오혜성', '1990-01-01', 'F', NULL, '613-852-8007', NULL, NULL, '9 Hemlo Cres., Ottawa, ON, K2T 1C7', 'K2T1C7', '', 0, 60145, 70009, 80001, 10001, 40006, 20013, '2020-02-06', '1990-01-01', NULL, NULL, ''),
(905, 'Sunghyun', NULL, 'Lee', '이성현', '1990-01-01', 'F', NULL, '613-852-8007', NULL, NULL, '9 Hemlo Cres., Ottawa, ON, K2T 1C7', 'K2T1C7', NULL, 0, 60145, 70009, 80001, 10001, 40006, 20013, '2020-02-06', '1990-01-01', NULL, '2020-04-16 18:20:54', 'Mosaic'),
(906, NULL, '', NULL, '오윤성', '1990-01-01', 'F', NULL, '613-852-8007', NULL, NULL, '9 Hemlo Cres., Ottawa, ON, K2T 1C7', 'K2T1C7', '', 0, 60145, 70009, 80001, 10001, 40006, 20013, '2020-02-06', '1990-01-01', NULL, NULL, ''),
(907, NULL, '', NULL, '이태현', '1990-01-01', 'F', NULL, '613-852-8007', NULL, NULL, '9 Hemlo Cres., Ottawa, ON, K2T 1C7', 'K2T1C7', '', 0, 60145, 70009, 80001, 10001, 40006, 20013, '2020-02-06', '1990-01-01', NULL, NULL, ''),
(908, 'Myung-Hee', NULL, 'Hwang', '황명희', '1990-01-01', 'F', 'mhhwang@hotmail.com', '613-823-9464', NULL, '613-297-1126', '102 Portrush Ave., Ottawa ON, K2J 5J2', 'K2J5J2', NULL, 1, 60145, 70009, 80001, 10001, 40006, 20013, '2020-02-06', '1990-01-01', NULL, '2020-04-14 05:57:33', NULL),
(909, 'Wayne', NULL, 'Awrey', 'Wayne Awrey', '1990-01-01', 'F', NULL, '613-823-9464', NULL, '613-297-1126', '102 Portrush Ave., Ottawa ON, K2J 5J2', 'K2J5J2', NULL, 0, 60145, 70009, 80001, 10001, 40006, 20013, '2020-02-06', '1990-01-01', NULL, '2020-04-14 05:57:23', NULL),
(910, 'Abigail', NULL, 'Awrey', 'Abigail Awrey', '2003-04-13', 'F', NULL, '613-823-9464', NULL, NULL, '102 Portrush Ave., Ottawa ON, K2J 5J2', 'K2J5J2', NULL, 0, 60145, 70009, 80001, 10001, 40006, 20013, '2020-02-06', '1990-01-01', NULL, '2020-04-03 05:16:00', NULL),
(911, 'Jacob', '', 'Awrey', 'Jacon Awrey', '1990-01-01', 'F', NULL, '613-823-9464', NULL, NULL, '102 Portrush Ave., Ottawa ON, K2J 5J2', 'K2J5J2', '', 0, 60145, 70009, 80001, 10001, 40006, 20013, '2020-02-06', '1990-01-01', NULL, NULL, ''),
(912, 'Young Suk', NULL, 'Park', '박영석', '1990-01-01', 'F', 'young_park2001@hotmail.com', '613-823-7791', NULL, NULL, '9 Waterbridge Dr Ottawa, ON, K2G 6R6', 'K2G6R6', NULL, 1, 60145, 70009, 80001, 10001, 40006, 20013, '2020-02-06', '1990-01-01', NULL, '2020-03-21 23:07:54', ''),
(913, NULL, '', NULL, '한은신', '1990-01-01', 'F', NULL, '613-795-1567', NULL, NULL, '9 Waterbridge Dr Ottawa, ON, K2G 6R6', 'K2G6R6', '', 0, 60145, 70009, 80001, 10001, 40006, 20013, '2020-02-06', '1990-01-01', NULL, NULL, ''),
(914, 'Oksu', NULL, 'Shin', '신옥수', '1990-01-01', 'F', NULL, '613-983-2631', NULL, NULL, '333 Foxridge Way, Ottawa, On K2J 0V7', 'K2J0V7', NULL, 1, 60145, 70009, 80001, 10001, 40006, 20013, '2020-02-06', '1990-01-01', NULL, '2020-03-21 23:08:25', ''),
(915, 'Byung-Hyuk', NULL, 'Woo', '우병혁', '1990-01-01', 'F', 'brian.bh.woo@gmail.com', '613-618-8684', NULL, NULL, '310 Silbrass Pvt., Ottawa, K2J 5M5', 'K2J5M5', NULL, 1, 60145, 70009, 80001, 10001, 40006, 20013, '2020-02-06', '1990-01-01', NULL, '2020-03-21 23:08:41', ''),
(916, NULL, NULL, NULL, '홍경실', '1990-01-01', 'F', NULL, '613-618-8684', NULL, '613-410-5996', '310 Silbrass Pvt., Ottawa, K2J 5M5', 'K2J5M5', NULL, 0, 60145, 70009, 80001, 10001, 40006, 20013, '2020-02-06', '1990-01-01', NULL, '2020-04-07 18:46:50', NULL),
(917, NULL, '', NULL, '우하린', '1990-01-01', 'F', NULL, '613-618-8684', NULL, NULL, '310 Silbrass Pvt., Ottawa, K2J 5M5', 'K2J5M5', '', 0, 60145, 70009, 80001, 10001, 40006, 20013, '2020-02-06', '1990-01-01', NULL, NULL, ''),
(918, 'Chung Nak', NULL, 'Lee', '이청낙', '1990-01-01', 'F', NULL, '613-425-4857', NULL, '613-843-2556', '644 Woodbriar Way., Ottawa, ON, K1T 0J6', 'K1T0J6', NULL, 1, 60145, 70009, 80001, 10001, 40006, 20013, '2020-02-06', '1990-01-01', NULL, '2020-03-21 23:09:38', ''),
(919, NULL, NULL, NULL, '류서영', '1990-01-01', 'F', NULL, '613-425-4857', NULL, '613-843-2556', '644 Woodbriar Way., Ottawa, ON, K1T 0J6', 'K1T0J6', NULL, 0, 60145, 70009, 80001, 10001, 40006, 20013, '2020-02-06', '1990-01-01', NULL, '2020-04-07 18:49:00', NULL),
(920, NULL, '', NULL, '이예은', '1990-01-01', 'F', NULL, '613-425-4857', NULL, NULL, '644 Woodbriar Way., Ottawa, ON, K1T 0J6', 'K1T0J6', '', 0, 60145, 70009, 80001, 10001, 40006, 20013, '2020-02-06', '1990-01-01', NULL, NULL, ''),
(921, NULL, '', NULL, '이영준', '1990-01-01', 'F', NULL, '613-425-4857', NULL, NULL, '644 Woodbriar Way., Ottawa, ON, K1T 0J6', 'K1T0J6', '', 0, 60145, 70009, 80001, 10001, 40006, 20013, '2020-02-06', '1990-01-01', NULL, NULL, ''),
(922, 'Laura', NULL, 'Kim', '김혜주', '1990-01-01', 'F', NULL, '613-720-4483', NULL, '613-915-4483', '#166-201 Parkdale Ave., Ottawa, On K1Y 1E8', 'K1Y1E8', NULL, 1, 60145, 70009, 80001, 10001, 40006, 20013, '2020-02-06', '1990-01-01', NULL, '2020-04-14 17:34:14', NULL),
(923, NULL, NULL, NULL, '박진성', '1990-01-01', 'F', NULL, '613-720-4483', NULL, '613-915-4483', '#166-201 Parkdale Ave., Ottawa, On K1Y 1E8', 'K1Y1E8', NULL, 0, 60145, 70009, 80001, 10001, 40006, 20013, '2020-02-06', '1990-01-01', NULL, '2020-04-14 17:34:06', NULL),
(924, 'Sujin', NULL, 'Park', '박수진', '1990-01-01', 'F', NULL, '613-415-8942', NULL, NULL, '2719 Kelly  K2B 7V2', 'K2B7V2', NULL, 1, 60145, 70009, 80001, 10001, 40006, 20013, '2020-02-06', '1990-01-01', NULL, '2020-03-21 23:11:15', ''),
(925, 'Junghee', NULL, 'Park', '박정희', '1990-01-01', 'F', NULL, '613-882-6577', NULL, NULL, '#1508-171 Lees ave., Ottawa, ON, K1H 7C5', 'K1H7C5', NULL, 1, 60145, 70009, 80001, 10001, 40006, 20013, '2020-02-06', '1990-01-01', NULL, '2020-03-21 23:11:27', ''),
(926, NULL, '', NULL, '김우진', '1990-01-01', 'F', NULL, '613-882-6577', NULL, NULL, '#1508-171 Lees ave., Ottawa, ON, K1H 7C5', 'K1H7C5', '', 0, 60145, 70009, 80001, 10001, 40006, 20013, '2020-02-06', '1990-01-01', NULL, NULL, ''),
(927, 'Seungeun', NULL, 'Song', '송승은', '1990-01-01', 'F', NULL, '819-243-3839', NULL, NULL, '28 Rue Ratier, Gatin J8V 2K2', 'J8V2K2', NULL, 1, 60182, 70011, 80001, 10001, 40006, 20013, '2020-02-06', '1990-01-01', NULL, '2020-04-09 18:55:13', NULL),
(928, 'Young Sun', NULL, 'Lim', '임영선', '1990-01-01', 'F', 'hskim@emlsi.com', '613-592-5449', NULL, '613-867-5449', '21 Oakham Ridge, Kanata, ON, K2K 3B3', 'K2K3B3', NULL, 1, 60145, 70009, 80001, 10001, 40006, 20013, '2020-02-06', '1990-01-01', NULL, '2020-04-08 17:18:46', NULL),
(929, 'Kimberly', NULL, 'Kim', '김혜인', '1990-01-01', 'F', NULL, '613-592-5449', NULL, '613-883-5440', '21 Oakham Ridge, Kanata, ON, K2K 3B3', 'K2K3B3', NULL, 0, 60145, 70009, 80001, 10001, 40006, 20013, '2020-02-06', '1990-01-01', NULL, '2020-04-16 18:14:04', 'Mosaic'),
(930, 'Jae Young', NULL, 'Jeon', '전재영', '1990-01-01', 'F', NULL, '613-270-9058', NULL, '613-793-0424', '6 Harrington Crt., Ottawa, ON, K2K 2S7', 'K2K2S7', NULL, 1, 60145, 70009, 80001, 10001, 40006, 20013, '2020-02-06', '1990-01-01', NULL, '2020-04-07 22:39:54', NULL),
(931, NULL, NULL, NULL, '엄경주', '1990-01-01', 'F', NULL, '613-270-9058', NULL, '613-299-0447', '6 Harrington Crt., Ottawa, ON, K2K 2S7', 'K2K2S7', NULL, 0, 60145, 70009, 80001, 10001, 40006, 20013, '2020-02-06', '1990-01-01', NULL, '2020-04-07 22:40:11', NULL),
(932, 'Yeun Jae', NULL, 'Joo', '주윤재', '1990-01-01', 'F', NULL, '613-869-8257', NULL, NULL, '15 Grand View., Ottawa, ON K2H 8B4', 'K2H8B4', NULL, 1, 60145, 70009, 80001, 10001, 40006, 20013, '2020-02-06', '1990-01-01', NULL, '2020-04-13 17:56:10', NULL),
(933, NULL, NULL, NULL, '윤순희', '1990-01-01', 'F', NULL, '613-869-8257', NULL, NULL, '15 Grand View., Ottawa, ON K2H 8B4', 'K2H8B4', NULL, 0, 60145, 70009, 80001, 10001, 40006, 20013, '2020-02-06', '1990-01-01', NULL, '2020-04-13 17:56:25', NULL),
(934, 'Lawrence', NULL, 'Park', '박인배', '1990-01-01', 'F', NULL, '905-941-1584', NULL, NULL, '306-325 Centrum Blvd., Ottawa, On K1E 3W8', 'K1E3W8', NULL, 1, 60145, 70009, 80001, 10001, 40006, 20013, '2020-02-06', '1990-01-01', NULL, '2020-03-21 23:13:58', ''),
(935, NULL, '', NULL, '박명수', '1990-01-01', 'F', NULL, '905-941-1584', NULL, NULL, '306-325 Centrum Blvd., Ottawa, On K1E 3W8', 'K1E3W8', '', 0, 60145, 70009, 80001, 10001, 40006, 20013, '2020-02-06', '1990-01-01', NULL, NULL, ''),
(936, 'Gyo Un', NULL, 'Lee', '이교운', '1990-01-01', 'M', 'gyounlee@yahoo.ca', NULL, NULL, '613-986-7203', '65 Evanshen Cres., Ottawa, On, K2K 2Z7', 'K2K2Z7', NULL, 1, 60145, 70009, 80001, 10001, 40006, 20013, '2020-02-06', '1990-01-01', NULL, '2020-04-08 17:20:42', NULL),
(937, 'Sun Young', NULL, 'Jung', '정선영', '1990-01-01', 'F', 'wjdtjso@hotmail.com', NULL, NULL, '613-979-7209', '65 Evanshen Cres., Ottawa, On, K2K 2Z7', 'K2K2Z7', NULL, 0, 60145, 70009, 80001, 10001, 40006, 20013, '2020-02-06', '1990-01-01', NULL, '2020-04-08 17:21:06', NULL),
(938, 'Jennie', NULL, 'Lee', '이다인', '2005-05-20', 'F', NULL, NULL, NULL, NULL, '65 Evanshen Cres., Ottawa, On, K2K 2Z7', 'K2K2Z7', NULL, 0, 60145, 70009, 80001, 10001, 40006, 20013, '2020-02-06', '1990-01-01', NULL, '2020-04-03 01:19:53', NULL),
(939, 'Bong Geun', NULL, 'Lee', '이봉근', '1990-01-01', 'F', 'bongglee@hotmail.com', '613-434-2409', NULL, '613-878-0232', '427 Sweetflag St., Ottawa, On K2J 5T7', 'K2J5T7', NULL, 1, 60145, 70009, 80001, 10001, 40006, 20013, '2020-02-06', '1990-01-01', NULL, '2020-03-21 23:15:07', ''),
(940, NULL, NULL, NULL, '유혜선', '1990-01-01', 'F', NULL, '613-434-2409', NULL, '613-878-8995', '427 Sweetflag St., Ottawa, On K2J 5T7', 'K2J5T7', NULL, 0, 60145, 70009, 80001, 10001, 40006, 20013, '2020-02-06', '1990-01-01', NULL, '2020-04-08 17:17:58', NULL),
(941, 'Jennifer', NULL, 'Lee', '이재연', '1990-01-01', 'F', NULL, '613-440-2201', NULL, '613-854-6995', '427 Sweetflag St., Ottawa, On K2J 5T7', 'K2J5T7', NULL, 0, 60145, 70009, 80001, 10001, 40006, 20013, '2020-02-06', '1990-01-01', NULL, '2020-04-16 18:08:37', 'Mosaic'),
(942, 'Seunggee', NULL, 'Lee', '이승기', '1990-01-01', 'F', 'seunggee1@gmail.com', NULL, NULL, '613-265-4624', '#403-318 Larry Greenberg Dr, Ottawa, ON K1T 2R5', 'K1T2R5', NULL, 1, 60145, 70009, 80001, 10001, 40006, 20013, '2020-02-06', '1990-01-01', NULL, '2020-04-08 17:21:58', NULL),
(943, NULL, NULL, NULL, '이민주', '1990-01-01', 'F', NULL, NULL, NULL, '613-265-4624', '#403-318 Larry Greenberg Dr, Ottawa, ON K1T 2R5', 'K1T2R5', NULL, 0, 60145, 70009, 80001, 10001, 40006, 20013, '2020-02-06', '1990-01-01', NULL, '2020-04-08 17:22:07', NULL),
(944, 'Dohyeon', NULL, 'Lee', '이도현', '2007-05-28', 'F', NULL, NULL, NULL, NULL, '#403-318 Larry Greenberg Dr, Ottawa, ON K1T 2R5', 'K1T2R5', NULL, 0, 60145, 70009, 80001, 10001, 40006, 20013, '2020-02-06', '1990-01-01', NULL, '2020-04-01 23:57:31', NULL),
(945, NULL, '', NULL, '이가은', '1990-01-01', 'F', NULL, NULL, NULL, NULL, '#403-318 Larry Greenberg Dr, Ottawa, ON K1T 2R5', 'K1T2R5', '', 0, 60145, 70009, 80001, 10001, 40006, 20013, '2020-02-06', '1990-01-01', NULL, NULL, ''),
(946, 'Jisook', NULL, 'Lim', '임지숙', '1990-01-01', 'F', NULL, '613-885-6707', NULL, NULL, '419 Sweetflag St., Ottawa, On K2J 5Y6', 'K2J5Y6', NULL, 1, 60145, 70009, 80001, 10001, 40006, 20013, '2020-02-06', '1990-01-01', NULL, '2020-03-21 23:16:47', ''),
(947, NULL, '', NULL, '김희옥', '1990-01-01', 'F', NULL, '613-885-6707', NULL, NULL, '419 Sweetflag St., Ottawa, On K2J 5Y6', 'K2J5Y6', '', 0, 60145, 70009, 80001, 10001, 40006, 20013, '2020-02-06', '1990-01-01', NULL, NULL, ''),
(948, 'Jae', NULL, 'Chung', '정재윤', '1990-01-01', 'F', 'jchung2536@rogers.com', '613-831-7887', NULL, '613-271-8871', '30 Kittiwake Dr., Stittsville, ON, K2S 1Z5', 'K2S1Z5', NULL, 1, 60162, 70009, 80001, 10001, 40006, 20013, '2020-02-06', '1990-01-01', NULL, '2020-03-20 19:44:18', ''),
(949, NULL, NULL, NULL, '권양균', '1990-01-01', 'F', NULL, '613-831-7887', NULL, NULL, '30 Kittiwake Dr., Stittsville, ON, K2S 1Z5', 'K2S1Z5', NULL, 0, 60162, 70009, 80001, 10001, 40006, 20013, '2020-02-06', '1990-01-01', NULL, '2020-03-20 19:44:35', ''),
(950, 'David', NULL, 'Chung', '정대현', '1990-01-01', 'F', NULL, '613-831-7887', NULL, NULL, '30 Kittiwake Dr., Stittsville, ON, K2S 1Z5', 'K2S1Z5', NULL, 0, 60162, 70009, 80001, 10001, 40006, 20013, '2020-02-06', '1990-01-01', NULL, '2020-03-20 19:44:51', ''),
(951, 'Cybthia', NULL, 'Chung', '정예린', '1990-01-01', 'F', NULL, '613-831-7887', NULL, NULL, '30 Kittiwake Dr., Stittsville, ON, K2S 1Z5', 'K2S1Z5', NULL, 0, 60162, 70009, 80001, 10001, 40006, 20013, '2020-02-06', '1990-01-01', NULL, '2020-03-20 19:45:08', ''),
(952, NULL, NULL, NULL, '김혜영', '1990-01-01', 'F', NULL, NULL, NULL, '613-265-5072', '516 Carina Cres., Ottawa, ON, K2J 0Z4', 'K2J0Z4', NULL, 1, 60145, 70009, 80001, 10001, 40006, 20013, '2020-02-06', '1990-01-01', NULL, '2020-04-09 18:52:26', NULL),
(953, 'Chanwoo', NULL, 'Bai', '배찬우', '1990-01-01', 'F', 'seanbai@hotmail.com', '613-451-1081', NULL, NULL, '352 Napoleon St., Carleton Place, ON, K7C 2W7', 'K7C2W7', NULL, 1, 60204, 70009, 80001, 10001, 40006, 20013, '2020-02-06', '1990-01-01', NULL, '2020-03-20 19:45:40', ''),
(954, NULL, NULL, NULL, '박현선', '1990-01-01', 'F', NULL, '613-451-1081', NULL, '613-451-0367', '352 Napoleon St., Carleton Place, ON, K7C 2W7', 'K7C2W7', NULL, 0, 60204, 70009, 80001, 10001, 40006, 20013, '2020-02-06', '1990-01-01', NULL, '2020-04-09 18:45:37', NULL),
(955, NULL, NULL, NULL, '배지환', '1990-01-01', 'F', NULL, '613-257-5485', NULL, NULL, '352 Napoleon St., Carleton Place, ON, K7C 2W7', 'K7C2W7', NULL, 0, 60204, 70009, 80001, 10001, 40006, 20013, '2020-02-06', '1990-01-01', NULL, '2020-03-20 19:46:09', ''),
(956, 'Jisoo', NULL, 'Bai', '배지수', '2007-08-27', 'F', NULL, '613-257-5485', NULL, NULL, '352 Napoleon St., Carleton Place, ON, K7C 2W7', 'K7C2W7', NULL, 0, 60204, 70009, 80001, 10001, 40006, 20013, '2020-02-06', '1990-01-01', NULL, '2020-04-03 01:02:41', NULL),
(957, 'Kyunghwa', NULL, 'Hong', '홍경화', '1990-01-01', 'F', NULL, '613-299-2276', NULL, NULL, '211-266 Lorry Greenberg Dr., Ottawa, On K1T 3J9', 'K1T3J9', NULL, 1, 60145, 70009, 80001, 10001, 40006, 20013, '2020-02-06', '1990-01-01', NULL, '2020-04-16 17:50:17', '바후림'),
(958, 'Chonghyun (David)', NULL, 'Ma', '마종현', '1990-01-01', 'F', NULL, '613-440-3524', NULL, NULL, '621 New Liskeard Cres., Ottawa, ON, K2J 0N4', 'K2J0N4', NULL, 1, 60145, 70009, 80001, 10001, 40006, 20013, '2020-02-06', '1990-01-01', NULL, '2020-03-23 21:17:56', ''),
(959, NULL, '', NULL, '마형준', '1990-01-01', 'F', NULL, '613-440-3524', NULL, NULL, '621 New Liskeard Cres., Ottawa, ON, K2J 0N4', 'K2J0N4', '', 0, 60145, 70009, 80001, 10001, 40006, 20013, '2020-02-06', '1990-01-01', NULL, NULL, ''),
(960, 'Ashely', '', 'Ma', '마혜린', '1990-01-01', 'F', NULL, '613-440-3524', NULL, NULL, '621 New Liskeard Cres., Ottawa, ON, K2J 0N4', 'K2J0N4', '', 0, 60145, 70009, 80001, 10001, 40006, 20013, '2020-02-06', '1990-01-01', NULL, NULL, ''),
(961, 'Amy', NULL, 'Ma', '마혜원', '2003-06-07', 'F', NULL, '613-440-3524', NULL, NULL, '621 New Liskeard Cres., Ottawa, ON, K2J 0N4', 'K2J0N4', NULL, 0, 60145, 70009, 80001, 10001, 40006, 20013, '2020-02-06', '1990-01-01', NULL, '2020-04-03 05:17:48', NULL),
(962, 'Mungsook', NULL, 'Jang', '장명숙', '1990-01-01', 'F', NULL, '613-424-3525', NULL, '613-261-3905', '621 New Liskeard Cres., Ottawa, ON, K2J 0N4', 'K2J0N4', NULL, 0, 60145, 70009, 80001, 10001, 40006, 20013, '2020-02-06', '1990-01-01', NULL, '2020-04-09 18:41:02', NULL),
(963, 'Christine', NULL, 'Park', '박영희', '1990-01-01', 'F', NULL, '613-823-6868', NULL, '613-762-7626', '9 Mid Pines Grove., Ottawa, ON, K2R 1B7', 'K2R1B7', NULL, 1, 60145, 70009, 80001, 10001, 40006, 20013, '2020-02-06', '1990-01-01', NULL, '2020-03-21 23:21:43', '');
INSERT INTO `members` (`id`, `first_name`, `middle_name`, `last_name`, `kor_name`, `dob`, `gender`, `email`, `tel_home`, `tel_office`, `tel_cell`, `address`, `postal_code`, `photo`, `primary`, `city_id`, `province_id`, `country_id`, `status_id`, `level_id`, `duty_id`, `register_at`, `baptism_at`, `created_at`, `updated_at`, `comment`) VALUES
(964, NULL, NULL, NULL, '추대위', '1990-01-01', 'F', NULL, '613-823-6868', NULL, '613-762-7626', '9 Mid Pines Grove., Ottawa, ON, K2R 1B7', 'K2R1B7', NULL, 0, 60145, 70009, 80001, 10001, 40006, 20013, '2020-02-06', '1990-01-01', NULL, '2020-04-08 17:20:08', NULL),
(965, 'Yong-Hyun', NULL, 'Ahn', '안용현', '1990-01-01', 'F', NULL, '613-627-4043', NULL, '613-716-1235', '188 Gray Cres., Ottawa, On K2K 3L3', 'K2K3L3', NULL, 1, 60145, 70009, 80001, 10001, 40006, 20013, '2020-02-06', '1990-01-01', NULL, '2020-04-09 18:41:19', NULL),
(966, NULL, NULL, NULL, '신상복', '1990-01-01', 'F', NULL, '613-627-4043', NULL, '613-850-1235', '188 Gray Cres., Ottawa, On K2K 3L3', 'K2K3L3', NULL, 0, 60145, 70009, 80001, 10001, 40006, 20013, '2020-02-06', '1990-01-01', NULL, '2020-04-09 18:41:32', NULL),
(967, 'Hunsam', NULL, 'Jung', '정헌삼', '1990-01-01', 'F', 'hunsam72@gmail.com', '613-435-2308', NULL, '613-218-4920', '219 Denali way Stittsville, ON K2S 0N1', 'K2S0N1', NULL, 1, 60162, 70009, 80001, 10001, 40006, 20013, '2020-02-06', '1990-01-01', NULL, '2020-03-20 19:47:08', ''),
(968, NULL, NULL, NULL, '조영란', '1990-01-01', 'F', NULL, '613-435-2308', NULL, '613-218-4920', '219 Denali way Stittsville, ON K2S 0N1', 'K2S0N1', NULL, 0, 60162, 70009, 80001, 10001, 40006, 20013, '2020-02-06', '1990-01-01', NULL, '2020-04-09 18:43:51', NULL),
(969, 'Jaeyoon', NULL, 'Jung', '정재윤', '2007-06-12', 'F', NULL, '613-435-2308', NULL, NULL, '219 Denali way Stittsville, ON K2S 0N1', 'K2S0N1', NULL, 0, 60162, 70009, 80001, 10001, 40006, 20013, '2020-02-06', '1990-01-01', NULL, '2020-04-01 23:56:23', 'Youth'),
(970, 'Sang Kon', NULL, 'Jo', '조상곤', '1990-01-01', 'F', NULL, '613-230-7111', NULL, NULL, '711 Somerset St. W., Ottawa, ON, K1R 6P5', 'K1R6P5', NULL, 1, 60145, 70009, 80001, 10001, 40006, 20013, '2020-02-06', '1990-01-01', NULL, '2020-03-21 23:25:26', ''),
(971, NULL, NULL, NULL, '서영례', '1990-01-01', 'F', NULL, '613-230-7111', NULL, '613-220-3399', '711 Somerset St. W., Ottawa, ON, K1R 6P5', 'K1R6P5', NULL, 0, 60145, 70009, 80001, 10001, 40006, 20013, '2020-02-06', '1990-01-01', NULL, '2020-04-09 18:44:11', NULL),
(972, 'Wonhyuk', NULL, 'Choi', '최원혁', '1990-01-01', 'F', 'bchoi1107@gmail.com', '613-816-0251', NULL, '613-670-3630', '206 Applecres Cres., Ottawa, ON K2K 0C7', 'K2K0C7', NULL, 1, 60145, 70009, 80001, 10001, 40006, 20013, '2020-02-06', '1990-01-01', NULL, '2020-03-21 23:25:59', ''),
(973, NULL, NULL, NULL, '이승희', '1990-01-01', 'F', NULL, '613-816-0251', NULL, '613-790-2301', '206 Applecres Cres., Ottawa, ON K2K 0C7', 'K2K0C7', NULL, 0, 60145, 70009, 80001, 10001, 40006, 20013, '2020-02-06', '1990-01-01', NULL, '2020-04-09 18:44:39', NULL),
(974, NULL, '', NULL, '최성근', '1990-01-01', 'F', NULL, '613-816-0251', NULL, NULL, '206 Applecres Cres., Ottawa, ON K2K 0C7', 'K2K0C7', '', 0, 60145, 70009, 80001, 10001, 40006, 20013, '2020-02-06', '1990-01-01', NULL, NULL, ''),
(975, NULL, '', NULL, '최은서', '1990-01-01', 'F', NULL, '613-816-0251', NULL, NULL, '206 Applecres Cres., Ottawa, ON K2K 0C7', 'K2K0C7', '', 0, 60145, 70009, 80001, 10001, 40006, 20013, '2020-02-06', '1990-01-01', NULL, NULL, ''),
(976, 'Ho-Chun', NULL, 'Suk', '석호천', '1990-01-01', 'F', 'hochunsuk@hotmail.com', '613-237-0317', NULL, '613-944-6782', '273 Colbert Cres., Ottawa, ON, K1V 2C7', 'K1V2C7', NULL, 1, 60145, 70009, 80001, 10001, 40006, 20013, '2020-02-06', '1990-01-01', NULL, '2020-03-21 23:28:55', ''),
(977, NULL, NULL, NULL, '손미혜', '1990-01-01', 'F', NULL, '613-237-0317', NULL, '613-260-5735', '273 Colbert Cres., Ottawa, ON, K1V 2C7', 'K1V2C7', NULL, 0, 60145, 70009, 80001, 10001, 40006, 20013, '2020-02-06', '1990-01-01', NULL, '2020-04-07 22:49:38', NULL),
(978, 'Eunkyung', NULL, 'Ahn', '안은경', '1990-01-01', 'F', NULL, '613-422-9403', NULL, '613-979-9403', '269 Colbert Cres., Ottawa, On K1V 2C7', 'K1V2C7', NULL, 1, 60145, 70009, 80001, 10001, 40006, 20013, '2020-02-06', '1990-01-01', NULL, '2020-04-14 05:50:20', NULL),
(979, NULL, NULL, NULL, '서종호', '1990-01-01', 'F', NULL, '613-422-9403', NULL, '613-979-9403', '269 Colbert Cres., Ottawa, On K1V 2C7', 'K1V2C7', NULL, 0, 60145, 70009, 80001, 10001, 40006, 20013, '2020-02-06', '1990-01-01', NULL, '2020-04-14 05:50:29', NULL),
(980, NULL, '', NULL, '서창혁', '1990-01-01', 'F', NULL, '613-422-9403', NULL, NULL, '269 Colbert Cres., Ottawa, On K1V 2C7', 'K1V2C7', '', 0, 60145, 70009, 80001, 10001, 40006, 20013, '2020-02-06', '1990-01-01', NULL, NULL, ''),
(981, 'Sunghyuk', NULL, 'Seo', '서성혁', '1990-01-01', 'F', NULL, '613-422-9403', NULL, '819-329-9403', '2281 Courtice Ave., Ottawa, ON, K1H 7G7', 'K1H7G7', NULL, 0, 60145, 70009, 80001, 10001, 40006, 20013, '2020-02-06', '1990-01-01', NULL, '2020-04-16 18:20:01', 'Mosaic'),
(982, 'Hakjune', NULL, 'Oh', '오학준', '1990-01-01', 'F', 'hakjuneoh@rogers.com', '613-618-2519', NULL, '613-599-9539', '21 Cambior Cr., Ottawa, ON, K2T 1J3', 'K2T1J3', NULL, 1, 60145, 70009, 80001, 10001, 40006, 20013, '2020-02-06', '1990-01-01', NULL, '2020-03-21 23:30:16', ''),
(983, NULL, '', NULL, '이지연', '1990-01-01', 'F', NULL, '613-618-2519', NULL, NULL, '21 Cambior Cr., Ottawa, ON, K2T 1J3', 'K2T1J3', '', 0, 60145, 70009, 80001, 10001, 40006, 20013, '2020-02-06', '1990-01-01', NULL, NULL, ''),
(984, NULL, '', NULL, '오태훈', '1990-01-01', 'F', NULL, '613-618-2519', NULL, NULL, '21 Cambior Cr., Ottawa, ON, K2T 1J3', 'K2T1J3', '', 0, 60145, 70009, 80001, 10001, 40006, 20013, '2020-02-06', '1990-01-01', NULL, NULL, ''),
(985, 'Andrew', NULL, 'Oh', '오승훈', '2002-01-15', 'F', 'zenobe.andrew.oh@gmail.com', '613-270-9754', NULL, NULL, '21 Cambior Cr., Ottawa, ON, K2T 1J3', 'K2T1J3', NULL, 0, 60145, 70009, 80001, 10001, 40006, 20013, '2020-02-06', '1990-01-01', NULL, '2020-04-03 05:28:33', NULL),
(986, 'JungSook', NULL, 'Lee', '이정숙', '1990-01-01', 'F', 'hjlee@rogers.com', '613-600-5909', NULL, NULL, '28 San Mateo Dr., Ottawa, ON, K2J 5H4', 'K2J5H4', NULL, 1, 60145, 70009, 80001, 10001, 40006, 20013, '2020-02-06', '1990-01-01', NULL, '2020-04-14 05:56:09', NULL),
(987, NULL, NULL, NULL, '이희정', '1990-01-01', 'F', NULL, '613-600-5909', NULL, NULL, '28 San Mateo Dr., Ottawa, ON, K2J 5H4', 'K2J5H4', NULL, 0, 60145, 70009, 80001, 10001, 40006, 20013, '2020-02-06', '1990-01-01', NULL, '2020-04-14 05:56:19', NULL),
(988, 'Hye Kyung', NULL, 'Jung', '정혜경', '1990-01-01', 'F', NULL, '613-741-8583', NULL, '613-797-9398', '56 Cagrove Pr., Ottawa, ON, K1K 4V7', 'K1K4V7', NULL, 1, 60145, 70009, 80001, 10001, 40006, 20013, '2020-02-06', '1990-01-01', NULL, '2020-03-21 23:31:55', ''),
(989, NULL, NULL, NULL, '박대제', '1990-01-01', 'F', NULL, '613-741-8583', NULL, '613-797-9398', '56 Cagrove Pr., Ottawa, ON, K1K 4V7', 'K1K4V7', NULL, 0, 60145, 70009, 80001, 10001, 40006, 20013, '2020-02-06', '1990-01-01', NULL, '2020-04-14 17:33:23', NULL),
(990, NULL, '', NULL, '박상하', '1990-01-01', 'F', NULL, '613-741-8583', NULL, NULL, '56 Cagrove Pr., Ottawa, ON, K1K 4V7', 'K1K4V7', '', 0, 60145, 70009, 80001, 10001, 40006, 20013, '2020-02-06', '1990-01-01', NULL, NULL, ''),
(991, NULL, '', NULL, '박상빈', '1990-01-01', 'F', NULL, '613-741-8583', NULL, NULL, '56 Cagrove Pr., Ottawa, ON, K1K 4V7', 'K1K4V7', '', 0, 60145, 70009, 80001, 10001, 40006, 20013, '2020-02-06', '1990-01-01', NULL, NULL, ''),
(992, 'Kihyun', NULL, 'Kim', '김기현', '1990-01-01', 'F', NULL, '613-866-4271', NULL, '613-986-4270', '64 Birkendale Dr., Ottawa, ON, K2K 2X4', 'K2K2X4', NULL, 1, 60145, 70009, 80001, 10001, 40006, 20013, '2020-02-06', '1990-01-01', NULL, '2020-04-14 23:43:05', NULL),
(993, NULL, NULL, NULL, '이은경', '1990-01-01', 'F', NULL, '613-866-4271', NULL, '613-986-4270', '64 Birkendale Dr., Ottawa, ON, K2K 2X4', 'K2T0C3', NULL, 0, 60145, 70009, 80001, 10001, 40006, 20013, '2020-02-06', '1990-01-01', NULL, '2020-04-14 23:43:32', NULL),
(994, NULL, '', NULL, '김성윤', '1990-01-01', 'F', NULL, '613-762-4271', NULL, NULL, '64 Birkendale Dr., Ottawa, ON, K2K 2X4', 'K2T0C3', '', 0, 60145, 70009, 80001, 10001, 40006, 20013, '2020-02-06', '1990-01-01', NULL, NULL, ''),
(995, NULL, '', NULL, '김윤서', '1990-01-01', 'F', NULL, '613-762-4271', NULL, NULL, '64 Birkendale Dr., Ottawa, ON, K2K 2X4', 'K2T0C3', '', 0, 60145, 70009, 80001, 10001, 40006, 20013, '2020-02-06', '1990-01-01', NULL, NULL, ''),
(996, 'Moon-Sook', NULL, 'Kim', '김문숙', '1990-01-01', 'F', NULL, '613-314-7930', NULL, NULL, '268 Dovercourt Ave., Ottawa, On K1Z 7H5', 'K1Z7H5', NULL, 1, 60145, 70009, 80001, 10001, 40006, 20013, '2020-02-06', '1990-01-01', NULL, '2020-04-14 23:44:04', NULL),
(997, NULL, NULL, NULL, '김정호', '1990-01-01', 'F', NULL, '613-314-7930', NULL, NULL, '268 Dovercourt Ave., Ottawa, On K1Z 7H5', 'K1Z7H5', NULL, 0, 60145, 70009, 80001, 10001, 40006, 20013, '2020-02-06', '1990-01-01', NULL, '2020-04-14 23:43:56', NULL),
(998, 'Danny', NULL, 'Kim', '김대니', '1990-01-01', 'F', NULL, '613-843-1957', NULL, '613-867-3972', '268 Dovercourt Ave., Ottawa, On K1Z 7H5', 'K1Z7H5', NULL, 0, 60145, 70009, 80001, 10001, 40006, 20013, '2020-02-06', '1990-01-01', NULL, '2020-04-16 18:02:45', 'Mosaic'),
(999, 'Jungsu', NULL, 'Kim', '김정수', '1990-01-01', 'F', 'josephgim@nate.com', '613-805-2595', NULL, '613-850-2595', '220 Enclave Walk., Ottawa, On K1W 0J4', 'K1W0J4', NULL, 1, 60145, 70009, 80001, 10001, 40006, 20013, '2020-02-06', '1990-01-01', NULL, '2020-04-14 23:41:45', NULL),
(1000, NULL, NULL, NULL, '노은미', '1990-01-01', 'F', NULL, '613-805-2595', NULL, '613-850-2595', '220 Enclave Walk., Ottawa, On K1W 0J4', 'K1W0J4', NULL, 0, 60145, 70009, 80001, 10001, 40006, 20013, '2020-02-06', '1990-01-01', NULL, '2020-04-14 23:41:55', NULL),
(1001, NULL, '', NULL, '김예인', '1990-01-01', 'F', NULL, '613-805-2595', NULL, NULL, '220 Enclave Walk., Ottawa, On K1W 0J4', 'K1W0J4', '', 0, 60145, 70009, 80001, 10001, 40006, 20013, '2020-02-06', '1990-01-01', NULL, NULL, ''),
(1002, 'Boungkyun', NULL, 'Choi', '최봉균', '1990-01-01', 'F', 'cbk610@dreamwiz.com', '613-604-9052', '613-729-3819', '613-851-6831', '58 Forillon Cr., Kanata, ON, K2M 2W6', 'K2M2W6', NULL, 1, 60145, 70009, 80001, 10001, 40006, 20013, '2020-02-06', '1990-01-01', NULL, '2020-03-21 23:35:07', ''),
(1003, NULL, NULL, NULL, '이현영', '1990-01-01', 'F', NULL, '613-604-9052', NULL, '613-797-2771', '58 Forillon Cr., Kanata, ON, K2M 2W6', 'K2M2W6', NULL, 0, 60145, 70009, 80001, 10001, 40006, 20013, '2020-02-06', '1990-01-01', NULL, '2020-04-14 17:31:50', NULL),
(1004, 'Seyun', NULL, 'Eom', '엄세윤', '1990-01-01', 'F', NULL, '613-792-1932', NULL, '613-996-5976', '26 Coleridge St., Ottawa, On K2C 4E5', 'K2C4E5', NULL, 1, 60145, 70009, 80001, 10001, 40006, 20013, '2020-02-06', '1990-01-01', NULL, '2020-04-14 23:46:33', NULL),
(1005, NULL, NULL, NULL, '강수경', '1990-01-01', 'F', NULL, '613-792-1932', NULL, '613-996-5976', '26 Coleridge St., Ottawa, On K2C 4E5', 'K2C4E5', NULL, 0, 60145, 70009, 80001, 10001, 40006, 20013, '2020-02-06', '1990-01-01', NULL, '2020-04-14 23:46:44', NULL),
(1006, NULL, '', NULL, '엄두영', '1990-01-01', 'F', NULL, '613-792-1932', NULL, NULL, '26 Coleridge St., Ottawa, On K2C 4E5', 'K2C4E5', '', 0, 60145, 70009, 80001, 10001, 40006, 20013, '2020-02-06', '1990-01-01', NULL, NULL, ''),
(1007, 'Sang Cheul', NULL, 'Lee', '이상철', '1990-01-01', 'F', 'sang-cheul@hanmail.net', '613-260-1740', NULL, '613-866-2075', '1048 Walkley Rd., Ottawa, ON, k1V 6R2', 'k1V6R2', NULL, 1, 60145, 70009, 80001, 10001, 40006, 20013, '2020-02-06', '1990-01-01', NULL, '2020-03-21 23:36:46', ''),
(1008, NULL, NULL, NULL, '이상례', '1990-01-01', 'F', NULL, '613-260-1740', NULL, '613-866-2075', '1048 Walkley Rd., Ottawa, ON, k1V 6R2', 'k1V6R2', NULL, 0, 60145, 70009, 80001, 10001, 40006, 20013, '2020-02-06', '1990-01-01', NULL, '2020-04-13 17:44:33', NULL),
(1009, 'Yong Woon', NULL, 'Han', '한용운', '1990-01-01', 'F', 'hrhan20@gmail.com', '613-226-6686', NULL, NULL, '643 Kochar Dr., Ottawa, ON, K2C 4H2', 'K2C4H2', NULL, 1, 60145, 70009, 80001, 10001, 40006, 20013, '2020-02-06', '1990-01-01', NULL, '2020-03-21 23:37:14', ''),
(1010, 'Yongmee', NULL, 'Han', '권영미', '1990-01-01', 'F', NULL, '613-771-1226', NULL, '613-979-7466', '643 Kochar Dr., Ottawa, ON, K2C 4H2', 'K2C4H2', NULL, 0, 60145, 70009, 80001, 10001, 40006, 20013, '2020-02-06', '1990-01-01', NULL, '2020-04-09 18:39:39', NULL),
(1011, 'Haein', NULL, 'Han', '한혜인', '1990-01-01', 'F', NULL, '905-782-1030', NULL, NULL, '643 Kochar Dr., Ottawa, ON, K2C 4H2', 'K2C4H2', NULL, 1, 60145, 70009, 80001, 10001, 40006, 20013, '2020-02-06', '1990-01-01', NULL, '2020-04-16 17:42:22', '바후림'),
(1012, 'Seunghwan', NULL, 'Hong', '홍승환', '1990-01-01', 'F', 'ottawaac@gmail.com', '613-986-8033', NULL, NULL, '1307-234 Rideau St., Ottawa On K1N 0A9', 'K1N0A9', NULL, 1, 60145, 70009, 80001, 10001, 40006, 20013, '2020-02-06', '1990-01-01', NULL, '2020-03-21 23:38:01', ''),
(1013, 'Dayoon', '', 'Lee', '이다윤', '1990-01-01', 'F', NULL, '613-986-8033', NULL, NULL, '1307-234 Rideau St., Ottawa On K1N 0A9', 'K1N0A9', '', 0, 60145, 70009, 80001, 10001, 40006, 20013, '2020-02-06', '1990-01-01', NULL, NULL, ''),
(1014, 'Liam Junsoo', '', 'Hong', '홍준수', '1990-01-01', 'F', NULL, '613-986-8033', NULL, NULL, '1307-234 Rideau St., Ottawa On K1N 0A9', 'K1N0A9', '', 0, 60145, 70009, 80001, 10001, 40006, 20013, '2020-02-06', '1990-01-01', NULL, NULL, ''),
(1015, 'Young Ju', NULL, 'Song', '송영주', '1990-01-01', 'F', NULL, '613-890-0762', NULL, NULL, '1518 Jasmine Cres, Ottawa ON', NULL, NULL, 1, 60145, 70009, 80001, 10001, 40006, 20013, '2020-02-06', '1990-01-01', NULL, '2020-04-07 18:43:51', NULL),
(1016, 'Andrew', NULL, 'Yoon', '윤기수', '1990-01-01', 'F', 'sky417@gmail.com', '613-408-6646', NULL, NULL, '40 Mersey Dr., Ottawa, On K2K 3A7', 'K2K3A7', NULL, 1, 60145, 70009, 80001, 10001, 40006, 20013, '2020-02-06', '1990-01-01', NULL, '2020-03-21 23:39:01', ''),
(1017, NULL, '', NULL, '최다영', '1990-01-01', 'F', NULL, '613-408-6646', NULL, NULL, '40 Mersey Dr., Ottawa, On K2K 3A7', 'K2K3A7', '', 0, 60145, 70009, 80001, 10001, 40006, 20013, '2020-02-06', '1990-01-01', NULL, NULL, ''),
(1018, 'Un Yong', NULL, 'Jeong', '정운용', '1990-01-01', 'F', 'unyong_jeong@hotmail.com', '613-435-4758', NULL, '613-762-5609', '214 Keyrock Drive, Kanata ON K2T 0B5', 'K2T0B5', NULL, 1, 60145, 70009, 80001, 10001, 40006, 20013, '2020-02-06', '1990-01-01', NULL, '2020-04-14 05:40:17', NULL),
(1019, NULL, NULL, NULL, '백영경', '1990-01-01', 'F', NULL, '613-435-4758', NULL, '613-327-7230', '214 Keyrock Drive, Kanata ON K2T 0B5', 'K2T0B5', NULL, 0, 60145, 70009, 80001, 10001, 40006, 20013, '2020-02-06', '1990-01-01', NULL, '2020-04-14 05:40:33', NULL),
(1020, NULL, '', NULL, '정기호', '1990-01-01', 'F', NULL, '613-435-4758', NULL, NULL, '214 Keyrock Drive, Kanata ON K2T 0B5', 'K2T0B5', '', 0, 60145, 70009, 80001, 10001, 40006, 20013, '2020-02-06', '1990-01-01', NULL, NULL, ''),
(1021, NULL, '', NULL, '정하영', '1990-01-01', 'F', NULL, '613-435-4758', NULL, NULL, '214 Keyrock Drive, Kanata ON K2T 0B5', 'K2T0B5', '', 0, 60145, 70009, 80001, 10001, 40006, 20013, '2020-02-06', '1990-01-01', NULL, NULL, ''),
(1022, 'Frank C', NULL, 'Lee', '이충휘', '1990-01-01', 'F', 'lee.frankc@gmail.com', '613-823-5404', NULL, '613-992-5053', '65 Portman Cres., Ottawa, ON, K2G 7B8', 'K2G7B8', NULL, 1, 60145, 70009, 80001, 10001, 40006, 20013, '2020-02-06', '1990-01-01', NULL, '2020-03-21 23:40:14', ''),
(1023, NULL, '', NULL, '박진영', '1990-01-01', 'F', NULL, '613-823-5404', NULL, NULL, '65 Portman Cres., Ottawa, ON, K2G 7B8', 'K2G7B8', '', 0, 60145, 70009, 80001, 10001, 40006, 20013, '2020-02-06', '1990-01-01', NULL, NULL, ''),
(1024, 'Benjamin', '', 'Lee', '이규민', '1990-01-01', 'F', NULL, '613-823-5404', NULL, NULL, '65 Portman Cres., Ottawa, ON, K2G 7B8', 'K2G7B8', '', 0, 60145, 70009, 80001, 10001, 40006, 20013, '2020-02-06', '1990-01-01', NULL, NULL, ''),
(1025, 'Hee Chang', NULL, 'Lee', '이희창', '1990-01-01', 'F', NULL, '613-823-5404', NULL, NULL, '65 Portman Cres., Ottawa, ON, K2G 7B8', 'K2G7B8', NULL, 1, 60145, 70009, 80001, 10001, 40006, 20013, '2020-02-06', '1990-01-01', NULL, '2020-03-21 23:41:31', ''),
(1026, 'Jeong Dong', NULL, 'Choe', '최정동', '1990-01-01', 'F', NULL, '613-435-7991', NULL, NULL, '426 Brunskill Way,  Ottawa, ON, K2T 0B1', 'K2T0B1', NULL, 1, 60145, 70009, 80001, 10001, 40006, 20013, '2020-02-06', '1990-01-01', NULL, '2020-03-21 23:41:41', ''),
(1027, NULL, NULL, NULL, '조미경', '1990-01-01', 'F', NULL, '613-435-7991', NULL, '613-404-2797', '426 Brunskill Way,  Ottawa, ON, K2T 0B1', 'K2T0B1', NULL, 0, 60145, 70009, 80001, 10001, 40006, 20013, '2020-02-06', '1990-01-01', NULL, '2020-04-09 19:00:18', NULL),
(1028, 'Youngeun', NULL, 'Choe', '최영은', '1990-01-01', 'F', 'ye.jennychoe@gmail.com', '613-404-9741', NULL, NULL, '426 Brunskill Way,  Ottawa, ON, K2T 0B1', 'K2T0B1', NULL, 0, 60145, 70009, 80001, 10001, 40006, 20013, '2020-02-06', '1990-01-01', NULL, '2020-04-16 17:47:11', '바후림'),
(1029, 'Alex', NULL, 'Choe', '최영민', '2002-05-05', 'F', 'achoe1@ocdsb.ca', '613-435-7991', NULL, NULL, '426 Brunskill Way,  Ottawa, ON, K2T 0B1', 'K2T0B1', NULL, 0, 60145, 70009, 80001, 10001, 40006, 20013, '2020-02-06', '1990-01-01', NULL, '2020-04-03 05:31:45', NULL),
(1030, 'Hyoung Seub', NULL, 'Rhie', '이형섭', '1990-01-01', 'F', 'hsrhie@gmail.com', '613-421-5169', NULL, NULL, '11 Winlock Cres., Ottawa, On k2G 3X5', 'k2G3X5', NULL, 1, 60145, 70009, 80001, 10001, 40006, 20013, '2020-02-06', '1990-01-01', NULL, '2020-03-21 23:42:39', ''),
(1031, NULL, '', NULL, '민현모', '1990-01-01', 'F', NULL, '613-421-5169', NULL, NULL, '11 Winlock Cres., Ottawa, On k2G 3X5', 'k2G3X5', '', 0, 60145, 70009, 80001, 10001, 40006, 20013, '2020-02-06', '1990-01-01', NULL, NULL, ''),
(1032, 'Hayoung', NULL, 'Rhie', '이하영', '2003-12-26', 'F', NULL, '613-421-5169', NULL, NULL, '11 Winlock Cres., Ottawa, On k2G 3X5', 'k2G3X5', NULL, 0, 60145, 70009, 80001, 10001, 40006, 20013, '2020-02-06', '1990-01-01', NULL, '2020-04-03 05:32:52', NULL),
(1033, 'Dale', NULL, 'Ohh', '오대일', '1990-01-01', 'F', NULL, '613-692-0523', NULL, '613-276-1717', '535 Sandgate Ridge., Ottawa, ON, K2J 0L8', 'K2J0L8', NULL, 1, 60145, 70009, 80001, 10001, 40006, 20013, '2020-02-06', '1990-01-01', NULL, '2020-04-16 18:02:22', 'Mosaic'),
(1034, 'Ryan', NULL, 'Clermont', 'Ryan Clermont', '1990-01-01', 'F', 'authgirl@gmail.com', '613-883-2884', NULL, NULL, '356 Hillsboro Pvt., Ottawa, On K2M 3B1', 'K2M3B1', NULL, 1, 60145, 70009, 80001, 10001, 40006, 20013, '2020-02-06', '1990-01-01', NULL, '2020-04-15 00:08:37', NULL),
(1035, 'Victoria', NULL, 'Clermont', 'Victoria Clermont', '1990-01-01', 'F', NULL, '613-883-2884', NULL, NULL, '356 Hillsboro Pvt., Ottawa, On K2M 3B1', 'K2M3B1', NULL, 0, 60145, 70009, 80001, 10001, 40006, 20013, '2020-02-06', '1990-01-01', NULL, '2020-04-15 00:08:21', NULL),
(1036, 'Eun-Young', NULL, 'Kim', '김은영', '1990-01-01', 'F', 'kim_vonnk@yahoo.ca', '613-828-5700', NULL, NULL, '145 Bradford St., Ottawa, ON K2B 5Y9', 'K2B5Y9', NULL, 1, 60145, 70009, 80001, 10001, 40006, 20013, '2020-02-06', '1990-01-01', NULL, '2020-03-21 23:44:30', ''),
(1037, 'Ronald', '', 'Laing', 'Ronald Laing', '1990-01-01', 'F', NULL, '613-828-5700', NULL, NULL, '145 Bradford St., Ottawa, ON K2B 5Y9', 'K2B5Y9', '', 0, 60145, 70009, 80001, 10001, 40006, 20013, '2020-02-06', '1990-01-01', NULL, NULL, ''),
(1038, 'Catherine', NULL, 'Vera', 'Catherine Vera(캐서린 랭)', '1990-01-01', 'F', NULL, '613-828-5700', NULL, NULL, '145 Bradford St., Ottawa, ON K2B 5Y9', 'K2B5Y9', NULL, 0, 60145, 70009, 80001, 10001, 40006, 20013, '2020-02-06', '1990-01-01', NULL, '2020-03-26 17:03:09', ''),
(1039, 'Jay', NULL, 'Kim', '김재용', '1990-01-01', 'F', 'jkott7@gmail.com', '613-591-8964', '613-591-6567 (x.238)', NULL, '260 Escarpment Cres, Ottawa, ON K2T 0L5', 'K2T0L5', NULL, 1, 60145, 70009, 80001, 10001, 40006, 20013, '2020-02-06', '1990-01-01', NULL, '2020-03-21 23:45:17', ''),
(1040, NULL, NULL, NULL, '조애란', '1990-01-01', 'F', NULL, '613-591-8964', NULL, '613-591-6567', '260 Escarpment Cres, Ottawa, ON K2T 0L5', 'K2T0L5', NULL, 0, 60145, 70009, 80001, 10001, 40006, 20013, '2020-02-06', '1990-01-01', NULL, '2020-04-09 19:01:34', NULL),
(1041, NULL, '', NULL, '김한세', '1990-01-01', 'F', NULL, '613-591-8964', NULL, NULL, '260 Escarpment Cres, Ottawa, ON K2T 0L5', 'K2T0L5', '', 0, 60145, 70009, 80001, 10001, 40006, 20013, '2020-02-06', '1990-01-01', NULL, NULL, ''),
(1042, NULL, '', NULL, '김세은', '1990-01-01', 'F', NULL, '613-591-8964', NULL, NULL, '260 Escarpment Cres, Ottawa, ON K2T 0L5', 'K2T0L5', '', 0, 60145, 70009, 80001, 10001, 40006, 20013, '2020-02-06', '1990-01-01', NULL, NULL, ''),
(1043, NULL, '', NULL, '김창숙', '1990-01-01', 'F', NULL, '613-591-8964', NULL, NULL, '260 Escarpment Cres, Ottawa, ON K2T 0L5', 'K2T0L5', '', 0, 60145, 70009, 80001, 10001, 40006, 20013, '2020-02-06', '1990-01-01', NULL, NULL, ''),
(1044, 'Joong-Kyu', NULL, 'Kim', '김중규', '1990-01-01', 'F', NULL, '613-599-9575', NULL, '613-831-8529', '204 Walden Dr., Ottawa, ON, K2K 2K6', 'K2K2K6', NULL, 1, 60145, 70009, 80001, 10001, 40006, 20013, '2020-02-06', '1990-01-01', NULL, '2020-03-22 06:33:45', ''),
(1045, NULL, '', NULL, '김정숙', '1990-01-01', 'F', NULL, '613-599-9575', NULL, NULL, '204 Walden Dr., Ottawa, ON, K2K 2K6', 'K2K2K6', '', 0, 60145, 70009, 80001, 10001, 40006, 20013, '2020-02-06', '1990-01-01', NULL, NULL, ''),
(1046, NULL, '', NULL, '김서영', '1990-01-01', 'F', NULL, '613-599-9575', NULL, NULL, '204 Walden Dr., Ottawa, ON, K2K 2K6', 'K2K2K6', '', 0, 60145, 70009, 80001, 10001, 40006, 20013, '2020-02-06', '1990-01-01', NULL, NULL, ''),
(1047, NULL, '', NULL, '김진수', '1990-01-01', 'F', NULL, '613-599-9575', NULL, NULL, '204 Walden Dr., Ottawa, ON, K2K 2K6', 'K2K2K6', '', 0, 60145, 70009, 80001, 10001, 40006, 20013, '2020-02-06', '1990-01-01', NULL, NULL, ''),
(1048, 'Jungae', NULL, 'Lee', '연정애', '1990-01-01', 'F', 'jungaelee66@hotmail.com', '613-695-6691', NULL, '613-591-3136', '#2103-38 Metropole Pvt., Ottawa, ON', NULL, NULL, 1, 60145, 70009, 80001, 10001, 40006, 20013, '2020-02-06', '1990-01-01', NULL, '2020-04-14 17:36:35', NULL),
(1049, 'Nobert', NULL, 'Molzan', 'Nobert  Molzan', '1990-01-01', 'F', NULL, '613-695-6691', NULL, '613-591-3136', '#2103-38 Metropole Pvt., Ottawa, ON', NULL, NULL, 0, 60145, 70009, 80001, 10001, 40006, 20013, '2020-02-06', '1990-01-01', NULL, '2020-04-14 17:36:55', NULL),
(1050, 'Seong-Yeon', NULL, 'Choi', '최성연', '1990-01-01', 'F', NULL, '613-592-0089', NULL, NULL, '89 Goldridge Dr., Ottawa, ON, K2T 1E9', 'K2T1E9', NULL, 1, 60145, 70009, 80001, 10001, 40006, 20013, '2020-02-06', '1990-01-01', NULL, '2020-03-22 06:35:27', ''),
(1051, NULL, NULL, NULL, '이옥녕', '1990-01-01', 'F', NULL, '613-592-0089', NULL, '613-599-5422', '89 Goldridge Dr., Ottawa, ON, K2T 1E9', 'K2T1E9', NULL, 0, 60145, 70009, 80001, 10001, 40006, 20013, '2020-02-06', '1990-01-01', NULL, '2020-04-08 17:09:56', NULL),
(1052, NULL, '', NULL, '최새나', '1990-01-01', 'F', NULL, '613-592-0089', NULL, NULL, '89 Goldridge Dr., Ottawa, ON, K2T 1E9', 'K2T1E9', '', 0, 60145, 70009, 80001, 10001, 40006, 20013, '2020-02-06', '1990-01-01', NULL, NULL, ''),
(1053, NULL, '', NULL, '최지나', '1990-01-01', 'F', NULL, '613-592-0089', NULL, NULL, '89 Goldridge Dr., Ottawa, ON, K2T 1E9', 'K2T1E9', '', 0, 60145, 70009, 80001, 10001, 40006, 20013, '2020-02-06', '1990-01-01', NULL, NULL, ''),
(1054, 'Rebecca', NULL, 'Choi', '최해나', '1990-01-01', 'F', NULL, '613-592-0089', NULL, '613-668-3818', '89 Goldridge Dr., Ottawa, ON, K2T 1E9', 'K2T1E9', NULL, 0, 60145, 70009, 80001, 10001, 40006, 20013, '2020-02-06', '1990-01-01', NULL, '2020-04-16 18:16:41', 'Mosaic'),
(1055, 'Anderson', NULL, 'Ian', 'Anderson, Ian', '1990-01-01', 'F', NULL, '613-216-1292', NULL, '613-291-5129', '#505-420 Berkley Ave., Ottawa, ON, K2A 4H5', 'K2A4H5', NULL, 1, 60145, 70009, 80001, 10001, 40006, 20013, '2020-02-06', '1990-01-01', NULL, '2020-04-09 18:50:12', NULL),
(1056, NULL, NULL, NULL, '김주희', '1990-01-01', 'F', NULL, '613-216-1292', NULL, '613-883-4783', '#505-420 Berkley Ave., Ottawa, ON, K2A 4H5', 'K2A4H5', NULL, 0, 60145, 70009, 80001, 10001, 40006, 20013, '2020-02-06', '1990-01-01', NULL, '2020-04-09 18:50:44', NULL),
(1057, 'Michael', NULL, 'Seung', '성범석', '1990-01-01', 'F', 'mseung@sympatico.ca', '613-249-8932', NULL, '613-518-6131', '105 Annapolis Cir., Ottawa, ON, K1V 1Y9', 'K1V1Y9', NULL, 1, 60145, 70009, 80001, 10001, 40006, 20013, '2020-02-06', '1990-01-01', NULL, '2020-04-14 05:43:00', NULL),
(1058, NULL, NULL, NULL, '양영민', '1990-01-01', 'F', NULL, '613-249-8932', NULL, '613-866-9988', '105 Annapolis Cir., Ottawa, ON, K1V 1Y9', 'K1V1Y9', NULL, 0, 60145, 70009, 80001, 10001, 40006, 20013, '2020-02-06', '1990-01-01', NULL, '2020-04-14 05:43:14', NULL),
(1059, NULL, '', NULL, '성준영', '1990-01-01', 'F', NULL, '613-249-8932', NULL, NULL, '105 Annapolis Cir., Ottawa, ON, K1V 1Y9', 'K1V1Y9', '', 0, 60145, 70009, 80001, 10001, 40006, 20013, '2020-02-06', '1990-01-01', NULL, NULL, ''),
(1060, 'Rachel', NULL, 'Lim', '임정', '1990-01-01', 'F', NULL, '613-298-8666', NULL, NULL, '2-337 Elgin St., Ottawa, On K2P 1M5', 'K2P1M5', NULL, 1, 60145, 70009, 80001, 10001, 40006, 20013, '2020-02-06', '1990-01-01', NULL, '2020-03-22 06:39:19', ''),
(1061, 'So-Young', NULL, 'Jang', '장소영', '1990-01-01', 'F', 'b_sudeep@rogers.com', '613-741-1252', NULL, '613-994-5416', '103 Millgreen Cres., Ottawa, ON, K1J 1K4', 'K1J1K4', NULL, 1, 60145, 70009, 80001, 10001, 40006, 20013, '2020-02-06', '1990-01-01', NULL, '2020-03-22 06:39:30', ''),
(1062, 'Sudeep Kishore', '', 'Bhattarai', 'Sudeep Kishore Bhattarai', '1990-01-01', 'F', NULL, '613-741-1252', NULL, NULL, '103 Millgreen Cres., Ottawa, ON, K1J 1K4', 'K1J1K4', '', 0, 60145, 70009, 80001, 10001, 40006, 20013, '2020-02-06', '1990-01-01', NULL, NULL, ''),
(1063, 'Suyogya', NULL, 'Bhattarai', '장복동', '1990-01-01', 'F', NULL, '613-741-1252', NULL, NULL, '103 Millgreen Cres., Ottawa, ON, K1J 1K4', 'K1J1K4', NULL, 0, 60145, 70009, 80001, 10001, 40006, 20013, '2020-02-06', '1990-01-01', NULL, '2020-03-22 06:40:46', ''),
(1064, 'Kyu Yong', NULL, 'Cho', '조규용', '1990-01-01', 'F', 'blackseed@hotmail.com', '613-277-2255', NULL, '613-799-7983', '18 Rue Albert Camus., Gatineau, QC J9J 2R7', 'QCJ9J2R7', NULL, 1, 60182, 70011, 80001, 10001, 40006, 20013, '2020-02-06', '1990-01-01', NULL, '2020-04-14 17:38:36', NULL),
(1065, NULL, NULL, NULL, '김지연', '1990-01-01', 'F', NULL, '613-277-2255', NULL, '613-799-7983', '18 Rue Albert Camus., Gatineau, QC J9J 2R7', 'QCJ9J2R7', NULL, 0, 60182, 70011, 80001, 10001, 40006, 20013, '2020-02-06', '1990-01-01', NULL, '2020-04-14 17:38:49', NULL),
(1066, NULL, NULL, NULL, '조서현', '1990-01-01', 'F', NULL, '613-899-4829', NULL, NULL, '18 Rue Albert Camus., Gatineau, QC J9J 2R7', 'QCJ9J2R7', NULL, 0, 60182, 70011, 80001, 10001, 40006, 20013, '2020-02-06', '1990-01-01', NULL, '2020-03-20 19:49:17', ''),
(1067, NULL, NULL, NULL, '조유현', '1990-01-01', 'F', NULL, '613-899-4829', NULL, NULL, '18 Rue Albert Camus., Gatineau, QC J9J 2R7', 'QCJ9J2R7', NULL, 0, 60182, 70011, 80001, 10001, 40006, 20013, '2020-02-06', '1990-01-01', NULL, '2020-03-20 19:49:35', ''),
(1068, 'Young Woo', NULL, 'Choi', '최영우', '1990-01-01', 'F', 'ssamze@hotmail.com', '613-316-6119', NULL, '613-869-3723', '201 Blackdome Cre., Ottawa, On K2T 1A6', 'K2T1A6', NULL, 1, 60145, 70009, 80001, 10001, 40006, 20013, '2020-02-06', '1990-01-01', NULL, '2020-03-22 06:42:09', ''),
(1069, NULL, NULL, NULL, '김혜레나', '1990-01-01', 'F', NULL, '613-316-6119', NULL, '613-869-3723', '201 Blackdome Cre., Ottawa, On K2T 1A6', 'K2T1A6', NULL, 0, 60145, 70009, 80001, 10001, 40006, 20013, '2020-02-06', '1990-01-01', NULL, '2020-04-14 23:48:00', NULL),
(1070, NULL, '', NULL, '최세린', '1990-01-01', 'F', NULL, '613-316-6119', NULL, NULL, '201 Blackdome Cre., Ottawa, On K2T 1A6', 'K2T1A6', '', 0, 60145, 70009, 80001, 10001, 40006, 20013, '2020-02-06', '1990-01-01', NULL, NULL, ''),
(1071, 'Steven', NULL, 'Ohh', '오성환', '1990-01-01', 'F', 'sohh64@gmail.com', '613-986-9391', NULL, '613-404-7145', '2746 Grend Vista Cir., Ottawa, ON, K2J 0W6', 'K2J0W6', NULL, 1, 60145, 70009, 80001, 10001, 40006, 20013, '2020-02-06', '1990-01-01', NULL, '2020-04-14 23:56:53', NULL),
(1072, NULL, NULL, NULL, '이신자', '1990-01-01', 'F', NULL, '613-986-9391', NULL, '613-404-7145', '2746 Grend Vista Cir., Ottawa, ON, K2J 0W6', 'K2J0W6', NULL, 0, 60145, 70009, 80001, 10001, 40006, 20013, '2020-02-06', '1990-01-01', NULL, '2020-04-14 23:57:13', NULL),
(1073, 'Wonsuk (Bryan)', NULL, 'Yoo', '유원석', '1990-01-01', 'F', 'wsbyoo@gmail.com', '613-823-9925', '613-356-5867', '613-371-6664', '723 Mondego Terr., Ottawa, On K2J 5Y3', 'K2J5Y3', NULL, 1, 60145, 70009, 80001, 10001, 40006, 20013, '2020-02-06', '1990-01-01', NULL, '2020-03-23 21:30:14', ''),
(1074, NULL, NULL, NULL, '노승현', '1990-01-01', 'F', NULL, '613-823-9925', NULL, '613-356-5867', '723 Mondego Terr., Ottawa, On K2J 5Y3', 'K2J5Y3', NULL, 0, 60145, 70009, 80001, 10001, 40006, 20013, '2020-02-06', '1990-01-01', NULL, '2020-04-14 23:57:45', NULL),
(1075, 'Elias', NULL, 'Yoo', '유민호', '2005-10-23', 'F', NULL, '613-882-7157', NULL, NULL, '723 Mondego Terr., Ottawa, On K2J 5Y3', 'K2J5Y3', NULL, 0, 60145, 70009, 80001, 10001, 40006, 20013, '2020-02-06', '1990-01-01', NULL, '2020-04-03 01:19:10', NULL),
(1076, 'Christopher', '', 'Yoo', '유준호', '1990-01-01', 'F', NULL, '613-823-9925', NULL, NULL, '723 Mondego Terr., Ottawa, On K2J 5Y3', 'K2J5Y3', '', 0, 60145, 70009, 80001, 10001, 40006, 20013, '2020-02-06', '1990-01-01', NULL, NULL, ''),
(1077, 'Seung Chan', NULL, 'Lee', '이승찬', '1990-01-01', 'F', 'sc628822gmail.com', '613-413-1286', NULL, '613-413-3496', '910-1401 Prince of Walles Dr., Ottawa, On K2C 3J8', 'K2C3J8', NULL, 1, 60145, 70009, 80001, 10001, 40006, 20013, '2020-02-06', '1990-01-01', NULL, '2020-04-14 23:58:00', NULL),
(1078, NULL, NULL, NULL, '김보람', '1990-01-01', 'F', NULL, '613-413-1286', NULL, '613-413-3496', '910-1401 Prince of Walles Dr., Ottawa, On K2C 3J8', 'K2C3J8', NULL, 0, 60145, 70009, 80001, 10001, 40006, 20013, '2020-02-06', '1990-01-01', NULL, '2020-04-14 23:58:12', NULL),
(1079, 'Seunghwan', NULL, 'Lee', '이승환', '1990-01-01', 'F', 'seunghwanlee999@gmail.com', '613-851-8781', NULL, '613-979-8781', '648 Willowmere Way., Ottawa, On K1T 0K1', 'K1T0K1', NULL, 1, 60145, 70009, 80001, 10001, 40006, 20013, '2020-02-06', '1990-01-01', NULL, '2020-04-14 23:52:58', NULL),
(1080, NULL, NULL, NULL, '김광신', '1990-01-01', 'F', NULL, '613-851-8781', NULL, '613-979-8781', '648 Willowmere Way., Ottawa, On K1T 0K1', 'K1T0K1', NULL, 0, 60145, 70009, 80001, 10001, 40006, 20013, '2020-02-06', '1990-01-01', NULL, '2020-04-14 23:53:12', NULL),
(1081, 'Jane', '', 'Lee', '이제인', '1990-01-01', 'F', NULL, '613-425-1799', NULL, NULL, '648 Willowmere Way., Ottawa, On K1T 0K1', 'K1T0K1', '', 0, 60145, 70009, 80001, 10001, 40006, 20013, '2020-02-06', '1990-01-01', NULL, NULL, ''),
(1082, 'John', NULL, 'Whang', '황상준', '1990-01-01', 'F', NULL, '613-599-0099', NULL, '613-866-4602', '513 Bryce Place., Ottawa, ON, K2S 0N2', 'K2S0N2', NULL, 1, 60145, 70009, 80001, 10001, 40006, 20013, '2020-02-06', '1990-01-01', NULL, '2020-04-14 23:59:31', NULL),
(1083, NULL, NULL, NULL, '이수아', '1990-01-01', 'F', NULL, '613-599-0099', NULL, '613-866-4602', '513 Bryce Place., Ottawa, ON, K2S 0N2', 'K2S0N2', NULL, 0, 60145, 70009, 80001, 10001, 40006, 20013, '2020-02-06', '1990-01-01', NULL, '2020-04-14 23:59:42', NULL),
(1084, 'Jacob', NULL, 'Hwang', '황제민', '1990-01-01', 'F', NULL, '613-599-0099', NULL, NULL, '513 Bryce Place., Ottawa, ON, K2S 0N2', 'K2S0N2', NULL, 0, 60145, 70009, 80001, 10001, 40006, 20013, '2020-02-06', '1990-01-01', NULL, '2020-04-03 05:12:48', NULL),
(1085, 'Emma', NULL, 'Whang', '황주은', '2002-07-27', 'F', 'emmaw2002@icloud.com', '613-599-0099', NULL, NULL, '513 Bryce Place., Ottawa, ON, K2S 0N2', 'K2S0N2', NULL, 0, 60145, 70009, 80001, 10001, 40006, 20013, '2020-02-06', '1990-01-01', NULL, '2020-04-03 05:26:37', NULL),
(1086, 'Myung-Kyo', NULL, 'Kang', '강명교', '1990-01-01', 'F', 'makang@hotmail.com', '613-864-9502', NULL, '613-692-0575', '220 Kinloch Court., Ottawa, ON, K2J 5S9', 'K2J5S9', NULL, 1, 60145, 70009, 80001, 10001, 40006, 20013, '2020-02-06', '1990-01-01', NULL, '2020-04-15 00:05:31', NULL),
(1087, 'Dae-Ho', '', 'Chung', '정대호', '1990-01-01', 'F', NULL, '613-692-0575 ', NULL, NULL, '220 Kinloch Court., Ottawa, ON, K2J 5S9', 'K2J5S9', '', 0, 60145, 70009, 80001, 10001, 40006, 20013, '2020-02-06', '1990-01-01', NULL, NULL, ''),
(1088, 'Sam', NULL, 'Chung', '정우진', '1990-01-01', 'F', NULL, '613-692-0575', NULL, NULL, '220 Kinloch Court., Ottawa, ON, K2J 5S9', 'K2J5S9', NULL, 0, 60145, 70009, 80001, 10001, 40006, 20013, '2020-02-06', '1990-01-01', NULL, '2020-04-03 05:12:30', NULL),
(1089, NULL, '', NULL, '정다은', '1990-01-01', 'F', NULL, '613-692-0575 ', NULL, NULL, '220 Kinloch Court., Ottawa, ON, K2J 5S9', 'K2J5S9', '', 0, 60145, 70009, 80001, 10001, 40006, 20013, '2020-02-06', '1990-01-01', NULL, NULL, ''),
(1090, 'Ketherine', NULL, 'Song', '엄경자', '1990-01-01', 'F', NULL, '613-230-5500', NULL, '613-761-4641', '1 Bower Ave., Ottawa, ON, K1S 0J9', 'K1S0J9', NULL, 1, 60145, 70009, 80001, 10001, 40006, 20013, '2020-02-06', '1990-01-01', NULL, '2020-03-22 06:47:24', ''),
(1091, 'Byoung-Joon', NULL, 'Lee', '이병준', '1990-01-01', 'F', 'bjlee@creatrix.ca', '613-903-9763', NULL, '613-784-0633', '200 Accolade Pvt., Ottawa, On K2G 4R8', 'K2G4R8', NULL, 1, 60145, 70009, 80001, 10001, 40006, 20013, '2020-02-06', '1990-01-01', NULL, '2020-04-15 00:04:44', NULL),
(1092, 'Yoosook', NULL, 'Ko', '고유숙', '1990-01-01', 'F', NULL, '613-903-9763', NULL, '613-784-0633', '200 Accolade Pvt., Ottawa, On K2G 4R8', 'K2G4R8', NULL, 0, 60145, 70009, 80001, 10001, 40006, 20013, '2020-02-06', '1990-01-01', NULL, '2020-04-15 00:05:04', NULL),
(1093, NULL, '', NULL, '이지아', '1990-01-01', 'F', NULL, '613-421-6560', NULL, NULL, '200 Accolade Pvt., Ottawa, On K2G 4R8', 'K2G4R8', '', 0, 60145, 70009, 80001, 10001, 40006, 20013, '2020-02-06', '1990-01-01', NULL, NULL, ''),
(1094, NULL, '', NULL, '이현우', '1990-01-01', 'F', NULL, '613-421-6560', NULL, NULL, '200 Accolade Pvt., Ottawa, On K2G 4R8', 'K2G4R8', '', 0, 60145, 70009, 80001, 10001, 40006, 20013, '2020-02-06', '1990-01-01', NULL, NULL, ''),
(1095, 'Mooseung', NULL, 'Kang', '강무승', '1990-01-01', 'F', 'moos0927@gmail.com', '613-890-1683', NULL, '613-890-9219', '3055 Courtyard Cres., Ottawa, On K1T 3R7', 'K1T3R7', NULL, 1, 60145, 70009, 80001, 10001, 40006, 20013, '2020-02-06', '1990-01-01', NULL, '2020-04-15 00:01:02', NULL),
(1096, 'Eunjung', NULL, 'Na', '나은정', '1990-01-01', 'F', 'gracenanjung@gmail.com', '613-890-1683', NULL, '613-890-9219', '38 Santacruz Private., Ottawa, On K1G 6M4', 'K1G6M4', NULL, 0, 60145, 70009, 80001, 10001, 40006, 20013, '2020-02-06', '1990-01-01', NULL, '2020-04-15 00:01:19', NULL),
(1097, 'Joseph', NULL, 'Kim', '김형근', '1990-01-01', 'F', NULL, '647-289-1202', NULL, NULL, '902-379  Metcalfe St., Ottawa, On k2P 1S9', 'k2P1S9', NULL, 1, 60145, 70009, 80001, 10001, 40006, 20013, '2020-02-06', '1990-01-01', NULL, '2020-03-22 06:49:36', ''),
(1098, 'Hyunhye', NULL, 'Kim', '김현혜', '1990-01-01', 'F', NULL, '905-783-9769', NULL, NULL, '2209-242 Rideau St., Ottawa, On', NULL, NULL, 1, 60145, 70009, 80001, 10001, 40006, 20013, '2020-02-06', '1990-01-01', NULL, '2020-03-22 06:49:49', ''),
(1099, 'Donguk', NULL, 'Jo', '조동욱', '1990-01-01', 'F', NULL, '613-890-8026', NULL, '873-688-8032', '25 Goulburn Ave., Ottawa, On K1N 8C7', 'K1N8C7', NULL, 1, 60145, 70009, 80001, 10001, 40006, 20013, '2020-02-06', '1990-01-01', NULL, '2020-04-16 18:03:33', 'Mosaic'),
(1100, 'Sung', NULL, 'Byun', '변승규', '1990-01-01', 'F', NULL, '613-608-5625', NULL, NULL, '#101-341 Gloucester St., Ottawa, ON, K1R 5E5', 'K1R5E5', NULL, 1, 60145, 70009, 80001, 10001, 40006, 20013, '2020-02-06', '1990-01-01', NULL, '2020-04-16 18:18:42', 'Mosaic'),
(1101, 'Suk-Jae', NULL, 'Kang', '강석제', '1990-01-01', 'F', 'mksj67@gmail.com', '613-317-7562', NULL, '613-869-0271', '113 Dunforest Terrace ., Ottawa, On K2J 3V1', 'K2J3V1', NULL, 1, 60145, 70009, 80001, 10001, 40006, 20001, '2020-02-06', '1990-01-01', NULL, '2020-04-06 18:34:48', ''),
(1102, NULL, NULL, NULL, '임명희', '1990-01-01', 'F', 'wegssein2@hanmail.net', '613-317-7562', NULL, NULL, '113 Dunforest Terrace ., Ottawa, On K2J 3V1', 'K2J3V1', NULL, 0, 60145, 70009, 80001, 10001, 40006, 20013, '2020-02-06', '1990-01-01', NULL, '2020-04-06 18:36:37', ''),
(1103, 'Jasmine', NULL, 'Kang', '강세은', '1990-01-01', 'F', NULL, '613-317-7562', NULL, '343-204-3109', '113 Dunforest Terrace ., Ottawa, On K2J 3V1', 'K2J3V1', NULL, 0, 60145, 70009, 80001, 10001, 40006, 20013, '2020-02-06', '1990-01-01', NULL, '2020-04-16 18:07:36', 'Mosaic'),
(1104, 'Sunny', NULL, 'Kang', '강희수', '1990-01-01', 'F', NULL, '613-317-7562', NULL, '613-869-0677', '113 Dunforest Terrace ., Ottawa, On K2J 3V1', 'K2J3V1', NULL, 0, 60145, 70009, 80001, 10001, 40006, 20013, '2020-02-06', '1990-01-01', NULL, '2020-04-16 18:21:25', 'Mosaic'),
(1105, 'Doyoon', NULL, 'Lee', '이도윤', '1990-01-01', 'F', 'bluenote73@hotmail.com', NULL, NULL, '343-988-5836', '494 Temiskaming Cres., Otttawa, On K2J 0V6', 'K2J0V6', NULL, 1, 60145, 70009, 80001, 10001, 40006, 20013, '2020-02-06', '1990-01-01', NULL, '2020-04-06 18:46:28', NULL),
(1106, NULL, NULL, NULL, '홍정현', '1990-01-01', 'F', NULL, NULL, NULL, '873-688-6772', '494 Temiskaming Cres., Otttawa, On K2J 0V6', 'K2J0V6', NULL, 0, 60145, 70009, 80001, 10001, 40006, 20013, '2020-02-06', '1990-01-01', NULL, '2020-04-06 18:46:56', NULL),
(1107, 'Youngeun', NULL, 'Lee', '이영은', '1990-01-01', 'F', NULL, NULL, NULL, NULL, '494 Temiskaming Cres., Otttawa, On K2J 0V6', 'K2J0V6', NULL, 0, 60145, 70009, 80001, 10001, 40006, 20013, '2020-02-06', '1990-01-01', NULL, '2020-04-03 05:34:25', NULL),
(1108, NULL, '', NULL, '이은호', '1990-01-01', 'F', NULL, NULL, NULL, NULL, '494 Temiskaming Cres., Otttawa, On K2J 0V6', 'K2J0V6', '', 0, 60145, 70009, 80001, 10001, 40006, 20013, '2020-02-06', '1990-01-01', NULL, NULL, ''),
(1109, 'Hoyoung', NULL, 'Lee', '이호영', '1990-01-01', 'F', NULL, NULL, NULL, NULL, '494 Temiskaming Cres., Otttawa, On K2J 0V6', 'K2J0V6', NULL, 0, 60145, 70009, 80001, 10001, 40006, 20013, '2020-02-06', '1990-01-01', NULL, '2020-04-03 05:33:57', NULL),
(1110, 'Kenny', NULL, 'Kim', '김귀란', '1990-01-01', 'F', NULL, '613-271-8367', NULL, NULL, '20 Manly Crt., Ottawa, ON, K2G 5H2', 'K2G5H2', NULL, 1, 60145, 70009, 80001, 10001, 40006, 20013, '2020-02-06', '1990-01-01', NULL, '2020-04-13 17:50:37', '고귀란'),
(1111, 'Woo Jin', NULL, 'Kim', '김우진', '1990-01-01', 'F', NULL, '514-467-7339', NULL, NULL, '1182 Orleans Blvd., Ottawa, On K1C 2W1', 'K1C2W1', NULL, 1, 60145, 70009, 80001, 10001, 40006, 20013, '2020-02-06', '1990-01-01', NULL, '2020-03-22 06:54:00', ''),
(1112, 'Yeun-Hee', NULL, 'Nam', '남윤희', '1990-01-01', 'F', NULL, '613-290-6735', NULL, '613-519-1414', 'B142 Lindenshade Dr. Nepean, On K2J 5R5', 'K2J5R5', NULL, 1, 60145, 70009, 80001, 10001, 40006, 20013, '2020-02-06', '1990-01-01', NULL, '2020-04-07 18:40:38', NULL),
(1113, 'Kyongsuk', NULL, 'Min', '민경숙', '1990-01-01', 'F', NULL, '613-867-8943', NULL, NULL, '#1409-90 George St., Ottawa, On K1N 0A8', 'K1N0A8', NULL, 1, 60145, 70009, 80001, 10001, 40006, 20013, '2020-02-06', '1990-01-01', NULL, '2020-04-15 00:02:22', NULL),
(1114, 'Julia', NULL, 'Lim', '임경화', '1990-01-01', 'F', NULL, '613-700-3873', NULL, NULL, '400 Slater St., Ottawa, On K1R 7S7', 'K1R7S7', NULL, 1, 60145, 70009, 80001, 10001, 40006, 20013, '2020-02-06', '1990-01-01', NULL, '2020-04-16 18:12:43', 'Mosaic'),
(1115, 'Ellia', NULL, 'Lim', '임주현', '1990-01-01', 'F', 'elim025@gmail.com', '613-724-1347', NULL, NULL, '#501-475 Laurier Ave. W., Ottawa, ON, K1R 7X1', 'K1R7X1', NULL, 1, 60145, 70009, 80001, 10001, 40006, 20013, '2020-02-06', '1990-01-01', NULL, '2020-04-16 18:03:46', 'Mosaic'),
(1116, 'Matthew', NULL, 'Cho', '조인영', '1990-01-01', 'F', NULL, NULL, NULL, NULL, '70 Carwood Circle., Ottawa, On K1K 4V4', 'K1K4V4', NULL, 1, 60145, 70009, 80001, 10001, 40006, 20013, '2020-02-06', '1990-01-01', NULL, '2020-03-22 06:54:57', ''),
(1117, NULL, '', NULL, '박보람', '1990-01-01', 'F', NULL, NULL, NULL, NULL, '70 Carwood Circle., Ottawa, On K1K 4V4', 'K1K4V4', '', 0, 60145, 70009, 80001, 10001, 40006, 20013, '2020-02-06', '1990-01-01', NULL, NULL, ''),
(1118, NULL, NULL, NULL, '조진희', '1990-01-01', 'F', NULL, NULL, NULL, NULL, '70 Carwood Circle., Ottawa, On K1K 4V4', 'K1K4V4', NULL, 0, 60145, 70009, 80001, 10001, 40006, 20013, '2020-02-06', '1990-01-01', NULL, '2020-03-24 17:31:27', ''),
(1119, 'Sunghyun', NULL, 'Choi', '최성현', '1990-01-01', 'F', NULL, '647-545-8008', NULL, NULL, '86 Sai Crescent., Ottawa, ON K1G 5N9', 'K1G5N9', NULL, 1, 60145, 70009, 80001, 10001, 40006, 20013, '2020-02-06', '1990-01-01', NULL, '2020-03-22 06:55:56', ''),
(1120, NULL, '', NULL, '전보경', '1990-01-01', 'F', NULL, '647-545-8008', NULL, NULL, '86 Sai Crescent., Ottawa, ON K1G 5N9', 'K1G5N9', '', 0, 60145, 70009, 80001, 10001, 40006, 20013, '2020-02-06', '1990-01-01', NULL, NULL, ''),
(1121, 'Won Sang', NULL, 'Choi', '최원상', '1990-01-01', 'F', 'wonsangchoi@hotmail.com', '613-233-7491', NULL, '613-327-9667', '#2210-515 St-Laurant Blvd., Ottawa, ON, K1K 3X5', 'K1K3X5', NULL, 1, 60145, 70009, 80001, 10001, 40006, 20013, '2020-02-06', '1990-01-01', NULL, '2020-03-22 06:56:32', ''),
(1122, NULL, NULL, NULL, '조수진', '1990-01-01', 'F', NULL, '613-233-7491', NULL, '613-327-9667', '#2210-515 St-Laurant Blvd., Ottawa, ON, K1K 3X5', 'K1K3X5', NULL, 0, 60145, 70009, 80001, 10001, 40006, 20013, '2020-02-06', '1990-01-01', NULL, '2020-04-14 23:58:38', NULL),
(1123, NULL, '', NULL, '최준환', '1990-01-01', 'F', NULL, '613-233-7491', NULL, NULL, '#2210-515 St-Laurant Blvd., Ottawa, ON, K1K 3X5', 'K1K3X5', '', 0, 60145, 70009, 80001, 10001, 40006, 20013, '2020-02-06', '1990-01-01', NULL, NULL, ''),
(1124, 'Jerry', NULL, 'Cho', '조남종', '1990-01-01', 'F', 'njerrycho@gmail.com', NULL, NULL, '613-806-9331', NULL, NULL, NULL, 1, 60145, 70009, 80001, 10001, 40006, 20013, '2020-02-06', '1990-01-01', NULL, '2020-04-06 18:47:42', NULL),
(1125, 'David', NULL, 'Jeong', '정동진', '1990-01-01', 'F', 'simply9184@gmail.com', '343-777-3239', NULL, NULL, NULL, NULL, NULL, 1, 60145, 70009, 80001, 10001, 40006, 20013, '2020-02-06', '1990-01-01', NULL, '2020-03-22 06:57:31', ''),
(1126, 'Jenny', '', 'Kang', '강정은', '1990-01-01', 'F', NULL, '343-777-3239', NULL, NULL, NULL, NULL, '', 0, 60145, 70009, 80001, 10001, 40006, 20013, '2020-02-06', '1990-01-01', NULL, NULL, ''),
(1127, NULL, '', NULL, '정호산', '1990-01-01', 'F', NULL, '343-777-3239', NULL, NULL, NULL, NULL, '', 0, 60145, 70009, 80001, 10001, 40006, 20013, '2020-02-06', '1990-01-01', NULL, NULL, ''),
(1128, NULL, '', NULL, '정호영', '1990-01-01', 'F', NULL, '343-777-3239', NULL, NULL, NULL, NULL, '', 0, 60145, 70009, 80001, 10001, 40006, 20013, '2020-02-06', '1990-01-01', NULL, NULL, ''),
(1129, 'Youlim', NULL, 'Kim', '김유림', '1990-01-01', 'F', 'rimychu@gmail.com', '613-408-8778', NULL, NULL, '86 corsica Private,Ottawa,ON K1G 5Y1', 'K1G5Y1', NULL, 1, 60145, 70009, 80001, 10001, 40006, 20013, '2020-02-06', '1990-01-01', NULL, '2020-04-16 17:54:08', '바후림'),
(1130, NULL, NULL, NULL, '이소연', '1990-01-01', 'F', NULL, '613-440-2201', NULL, '613-608-4966', '427 Sweetflag St., Ottawa, On K2J 5T7', 'K2J5T7', NULL, 0, 60145, 70009, 80001, 10001, 40006, 20013, '2020-02-06', '1990-01-01', NULL, '2020-04-13 17:45:04', NULL),
(1131, 'Sheeun', NULL, 'Lee', '이시언', '1990-01-01', 'F', NULL, '613-413-6854', NULL, NULL, '235 Hidden Valley Pvt., Ottawa, On K1C 5B7', 'K1C5B7', NULL, 1, 60145, 70009, 80001, 10001, 40006, 20013, '2020-02-06', '1990-01-01', NULL, '2020-03-22 06:58:38', ''),
(1132, 'Byung Keun', NULL, 'Lim', '임병근', '1990-01-01', 'F', NULL, '416-875-7570', NULL, '613-581-8775', '914 Whimbrel Way, Ottawa, On K2J 6C5', 'K2J6C5', NULL, 1, 60145, 70009, 80001, 10001, 40006, 20013, '2020-02-06', '1990-01-01', NULL, '2020-04-07 23:01:53', NULL),
(1133, 'Lae Seok', NULL, 'Hwang', '황래석', '1990-01-01', 'F', NULL, '343-997-3561', NULL, '613-981-8134', '561 Aberfoyle Cir., Ottawa, On K2K 3R4', 'K2K3R4', NULL, 1, 60145, 70009, 80001, 10001, 40006, 20013, '2020-02-06', '1990-01-01', NULL, '2020-04-14 23:48:32', NULL),
(1134, 'Jung-A', NULL, 'Yoo', '유정아', '1990-01-01', 'F', NULL, '613-852-5314', NULL, NULL, '185 Lyon St Unit 702., Ottawa, On K1R 5W4', 'K1R5W4', NULL, 1, 60145, 70009, 80001, 10001, 40006, 20013, '2020-02-06', '1990-01-01', NULL, '2020-03-22 06:59:42', ''),
(1135, 'Dongchl', NULL, 'Lee', '이동철', '1990-01-01', 'F', NULL, NULL, NULL, '647-213-1279', '413-2460 Southvale Cres., Ottawa, On K1B 4L8', 'K1B4L8', NULL, 1, 60145, 70009, 80001, 10001, 40006, 20013, '2020-02-06', '1990-01-01', NULL, '2020-04-08 17:21:29', NULL),
(1136, NULL, NULL, NULL, '정현진', '1990-01-01', 'F', NULL, NULL, NULL, '647-213-1279', '413-2460 Southvale Cres., Ottawa, On K1B 4L8', 'K1B4L8', NULL, 0, 60145, 70009, 80001, 10001, 40006, 20013, '2020-02-06', '1990-01-01', NULL, '2020-04-08 17:21:38', NULL),
(1137, 'Sanghwun', NULL, 'Hwan', '황상현', '1990-01-01', 'F', NULL, '613-408-0963', NULL, '613-989-4194', '200 Fraser Park, Orleans, ON, K1E 1K1', 'K1E1K1', NULL, 1, 60143, 70009, 80001, 10001, 40006, 20013, '2020-02-06', '1990-01-01', NULL, '2020-04-15 00:07:28', NULL),
(1138, 'Han Na', NULL, 'Kang', '강한나', '1990-01-01', 'F', NULL, '613-408-0963', NULL, '613-989-4194', '200 Fraser Park, Orleans, ON, K1E 1K1', 'K1E1K1', NULL, 0, 60143, 70009, 80001, 10001, 40006, 20013, '2020-02-06', '1990-01-01', NULL, '2020-04-15 00:07:58', NULL),
(1139, NULL, NULL, NULL, '황주희', '1990-01-01', 'F', NULL, NULL, NULL, NULL, '200 Fraser Park, Orleans, ON, K1E 1K1', 'K1E1K1', NULL, 0, 60143, 70009, 80001, 10001, 40006, 20013, '2020-02-06', '1990-01-01', NULL, '2020-03-20 19:50:46', ''),
(1140, NULL, NULL, NULL, '정병근', '1990-01-01', 'F', 'jeongtor@gmail.com', '416-939-9679', NULL, '909-760-8108', '#1811-2201 Riverside Dr., Ottawa, On K1H8K5', 'K1H8K5', NULL, 1, 60145, 70009, 80001, 10001, 40006, 20013, '2020-02-06', '1990-01-01', NULL, '2020-03-22 07:01:12', ''),
(1141, NULL, NULL, NULL, '고경애', '1990-01-01', 'F', NULL, '416-939-9679', NULL, '905-760-8108', '#1811-2201 Riverside Dr., Ottawa, On K1H8K5', 'K1H8K5', NULL, 0, 60145, 70009, 80001, 10001, 40006, 20013, '2020-02-06', '1990-01-01', NULL, '2020-04-15 00:05:52', NULL),
(1142, NULL, NULL, NULL, '박현자', '1990-01-01', 'F', 'jinjoo@6587@gmail.com', '613-413-6589', NULL, NULL, '58-353 Mc Arthur Ave, Ottawa, K1L 6N5', 'K1L6N5', NULL, 1, 60145, 70009, 80001, 10001, 40006, 20013, '2020-02-06', '1990-01-01', NULL, '2020-03-22 07:01:42', ''),
(1143, 'Hyunsuk', NULL, 'Paek', '백현숙', '1990-01-01', 'F', 'rvivi78@gmail.com', '343-998-4754', NULL, NULL, '452 Brettonwood Ridge., Ottawa, On k2T 0L1', 'K2T0L1', NULL, 1, 60145, 70009, 80001, 10001, 40006, 20013, '2020-02-06', '1990-01-01', NULL, '2020-04-03 01:13:02', NULL),
(1144, 'David', NULL, 'Chan', 'David Chan', '1990-01-01', 'F', NULL, '613-656-5883', NULL, '613-608-1891', '26 Harrington court,Kanata ON K2K 2S7', 'K2K2S7', NULL, 1, 60145, 70009, 80001, 10001, 40006, 20013, '2020-02-06', '1990-01-01', NULL, '2020-04-09 18:43:22', NULL),
(1145, NULL, NULL, NULL, '임승희', '1990-01-01', 'F', NULL, '613-656-5883', NULL, '613-592-2756', '26 Harrington court,Kanata ON K2K 2S7', 'K2K2S7', NULL, 0, 60145, 70009, 80001, 10001, 40006, 20013, '2020-02-06', '1990-01-01', NULL, '2020-04-09 18:43:03', NULL),
(1146, 'Sang Eun', NULL, 'Lee', '이상은', '1990-01-01', 'F', NULL, '343-333-7172', NULL, NULL, '21 woodford Way, Nepean K2J 4C4', 'K2J4C4', NULL, 1, 60145, 70009, 80001, 10001, 40006, 20013, '2020-02-06', '1990-01-01', NULL, '2020-04-16 17:43:14', '바후림'),
(1147, 'Yong Sup', NULL, 'Kim', '김용섭', '1990-01-01', 'F', NULL, '613-286-9319', NULL, NULL, '40 Saint Helen\'s Place., Ottawa On K2G', 'K2G', NULL, 1, 60145, 70009, 80001, 10001, 40006, 20013, '2020-02-06', '1990-01-01', NULL, '2020-03-22 07:02:45', ''),
(1148, NULL, NULL, NULL, '정미숙', '1990-01-01', 'F', NULL, '819-830-0063', NULL, NULL, NULL, NULL, NULL, 1, 60145, 70009, 80001, 10001, 40006, 20013, '2020-02-06', '1990-01-01', NULL, '2020-03-22 07:02:53', ''),
(1149, 'Simin', NULL, 'Yook', '육심인', '1990-01-01', 'F', 'simin.yook@gmail.com', '647-880-7750', NULL, NULL, '134 York st Ottawa On, K1N 1K8', 'K1N1K8', NULL, 1, 60145, 70009, 80001, 10001, 40006, 20013, '2020-02-06', '1990-01-01', NULL, '2020-04-16 17:44:31', '바후림'),
(1150, 'Natalie', NULL, 'Kim', '김예솔', '1990-01-01', 'F', NULL, '647-983-9183', NULL, NULL, '1576 Calumet place.Mississauga,ON', NULL, NULL, 1, 60137, 70009, 80001, 10001, 40006, 20013, '2020-02-06', '1990-01-01', NULL, '2020-03-20 19:51:32', ''),
(1151, 'Juhnun', NULL, 'Oh', '오준헌', '1990-01-01', 'F', NULL, '613-408-3767', NULL, '613-408-3686', '3 Ellisson way, ottawa, ON, K1G 4N9', 'K1G4N9', NULL, 1, 60145, 70009, 80001, 10001, 40006, 20013, '2020-02-06', '1990-01-01', NULL, '2020-04-16 18:12:23', 'Mosaic'),
(1152, 'Yena', NULL, 'Oh', '오예나', '1990-01-01', 'F', 'yenaoh90@gmail.com', '647-881-3123', NULL, NULL, '#507-311 Bell St. South, Ottawa, On K1S 4K1', 'K1S4K1', NULL, 1, 60145, 70009, 80001, 10001, 40006, 20013, '2020-02-06', '1990-01-01', NULL, '2020-03-22 07:03:32', ''),
(1153, 'JungHyun', NULL, 'Jang', '장정현', '1990-01-01', 'F', 'junghyun.s.jang@gmail.com', '819-968-7835', NULL, NULL, '#414-2750 carousel Crescent ottawa.ON, K1T1Z5', 'K1T1Z5', NULL, 1, 60145, 70009, 80001, 10001, 40006, 20013, '2020-02-06', '1990-01-01', NULL, '2020-04-16 17:43:54', '바후림'),
(1154, 'Ji Sub', NULL, 'Yun', '윤지섭', '1990-01-01', 'F', 'choopjs@gmail.com', '506-476-6928', NULL, NULL, '48-353 Mcarthur Ave', NULL, NULL, 1, 60145, 70009, 80001, 10001, 40006, 20013, '2020-02-06', '1990-01-01', NULL, '2020-04-14 17:37:15', NULL),
(1155, 'Yutaek', NULL, 'Hwang', '황유택', '1990-01-01', 'F', NULL, '613-265-8696', NULL, NULL, '167 Flamborough Way, Ottawa, ON K2K 3H9', 'K2K3H9', NULL, 1, 60145, 70009, 80001, 10001, 40006, 20013, '2020-02-06', '1990-01-01', NULL, '2020-04-16 18:22:23', 'Mosaic'),
(1156, NULL, NULL, NULL, '이동섭', '1990-01-01', 'F', 'bart7147@msn.com', '201-799-3436', NULL, NULL, '237 Lamplighters Dr. Nepean, On K2J 0L3', 'K2J0L3', NULL, 1, 60145, 70009, 80001, 10001, 40006, 20013, '2020-02-06', '1990-01-01', NULL, '2020-03-22 07:04:04', '');
INSERT INTO `members` (`id`, `first_name`, `middle_name`, `last_name`, `kor_name`, `dob`, `gender`, `email`, `tel_home`, `tel_office`, `tel_cell`, `address`, `postal_code`, `photo`, `primary`, `city_id`, `province_id`, `country_id`, `status_id`, `level_id`, `duty_id`, `register_at`, `baptism_at`, `created_at`, `updated_at`, `comment`) VALUES
(1157, NULL, NULL, NULL, '조상은', '1990-01-01', 'F', NULL, '204-799-3436', NULL, '613-301-8949', '237 Lamplighters Dr. Nepean, On K2J 0L3', 'K2J0L3', NULL, 0, 60145, 70009, 80001, 10001, 40006, 20013, '2020-02-06', '1990-01-01', NULL, '2020-04-13 17:44:12', NULL),
(1158, NULL, '', NULL, '이승희', '1990-01-01', 'F', NULL, '201-799-3436', NULL, NULL, '237 Lamplighters Dr. Nepean, On K2J 0L3', 'K2J0L3', '', 0, 60145, 70009, 80001, 10001, 40006, 20013, '2020-02-06', '1990-01-01', NULL, NULL, ''),
(1159, NULL, '', NULL, '이승훈', '1990-01-01', 'F', NULL, '201-799-3436', NULL, NULL, '237 Lamplighters Dr. Nepean, On K2J 0L3', 'K2J0L3', '', 0, 60145, 70009, 80001, 10001, 40006, 20013, '2020-02-06', '1990-01-01', NULL, NULL, ''),
(1160, 'Juuhee', NULL, 'Kim', '김주희', '1990-01-01', 'F', NULL, '647-208-5007', NULL, NULL, '#805-2201 Riverside Dr., Ottawa, ON', NULL, NULL, 1, 60145, 70009, 80001, 10001, 40006, 20013, '2020-02-06', '1990-01-01', NULL, '2020-04-16 17:48:42', '바후림'),
(1161, 'Saehee', NULL, 'Park', '박새희', '1990-01-01', 'F', NULL, '613-983-4790', NULL, NULL, '7-154 Osgoode St., Ottawa, On K1S 6S6', 'K1S6S6', NULL, 1, 60145, 70009, 80001, 10001, 40006, 20013, '2020-02-06', '1990-01-01', NULL, '2020-04-16 17:56:21', '바후림'),
(1162, 'Casey', NULL, 'Lee', '이윤호', '1990-01-01', 'F', NULL, '416-602-3813', NULL, NULL, '569 Parade Dr., Stittsville, Ottawa, On K2S 0Y1', 'K2S0Y1', NULL, 1, 60162, 70009, 80001, 10001, 40006, 20013, '2020-02-06', '1990-01-01', NULL, '2020-03-20 19:54:36', ''),
(1163, NULL, NULL, NULL, '박은주', '1990-01-01', 'F', NULL, '416-602-3813', NULL, NULL, '569 Parade Dr., Stittsville, Ottawa, On K2S 0Y1', 'K2S0Y1', NULL, 0, 60162, 70009, 80001, 10001, 40006, 20013, '2020-02-06', '1990-01-01', NULL, '2020-03-20 19:54:50', ''),
(1164, NULL, NULL, NULL, '이응준', '1990-01-01', 'F', NULL, '613-422-5072', NULL, NULL, NULL, NULL, NULL, 1, 60145, 70009, 80001, 10001, 40006, 20013, '2020-02-06', '1990-01-01', NULL, '2020-03-23 21:34:34', ''),
(1165, 'Jong In', NULL, 'Byun', '변종인', '1990-01-01', 'F', NULL, '613-899-2518', NULL, NULL, '#109-1285 Cahill Dr., Ottawa, ON K1V 9A7', 'K1V9A7', NULL, 1, 60145, 70009, 80001, 10001, 40006, 20013, '2020-02-06', '1990-01-01', NULL, '2020-04-16 18:10:45', 'Mosaic'),
(1166, 'Yujoung', NULL, 'Chung', '정유정', '1990-01-01', 'F', NULL, '416-573-7119', NULL, NULL, '308-151 Greenbank Rd., Ottawa, On K2H 0C2', 'K2H0C2', NULL, 1, 60145, 70009, 80001, 10001, 40006, 20013, '2020-02-06', '1990-01-01', NULL, '2020-03-22 07:06:45', ''),
(1167, 'Jenny', NULL, 'Lee', '이제니', '2007-01-19', 'F', NULL, '416-573-7119', NULL, NULL, '308-151 Greenbank Rd., Ottawa, On K2H 0C2', 'K2H0C2', NULL, 0, 60145, 70009, 80001, 10001, 40006, 20013, '2020-02-06', '1990-01-01', NULL, '2020-04-03 01:03:26', NULL),
(1168, NULL, NULL, NULL, '김운비', '1990-01-01', 'F', 'goby0823@hanmail.net', '819-700-2780', NULL, NULL, '504-234 Guigues Ave., Ottawa, On K1N 5J2', 'K1N5J2', NULL, 1, 60145, 70009, 80001, 10001, 40006, 20013, '2020-02-06', '1990-01-01', NULL, '2020-03-22 07:07:26', ''),
(1169, 'Taewen', '', 'Youn', '윤태원', '1990-01-01', 'F', NULL, '819-700-2780', NULL, NULL, '504-234 Guigues Ave., Ottawa, On K1N 5J2', 'K1N5J2', '', 0, 60145, 70009, 80001, 10001, 40006, 20013, '2020-02-06', '1990-01-01', NULL, NULL, ''),
(1170, NULL, '', NULL, '김주은', '1990-01-01', 'F', NULL, '819-700-2780', NULL, NULL, '504-234 Guigues Ave., Ottawa, On K1N 5J2', 'K1N5J2', '', 0, 60145, 70009, 80001, 10001, 40006, 20013, '2020-02-06', '1990-01-01', NULL, NULL, ''),
(1171, 'Jin Sook', NULL, 'Jang', '장진숙', '1990-01-01', 'F', NULL, '343-262-0313', NULL, NULL, '2323 Roger Stevens Dr., North Gower, On K0A 2T0', 'K0A2T0', NULL, 1, 60205, 70009, 80001, 10001, 40006, 20013, '2020-02-06', '1990-01-01', NULL, '2020-03-20 19:57:18', ''),
(1172, NULL, NULL, NULL, '김혜일', '1990-01-01', 'F', 'sjymam@gmail.com', '819-329-7947', NULL, NULL, '1044 Cobble Hill Dr. Ottawa, On K2J 0J5', 'K2J0J5', NULL, 1, 60145, 70009, 80001, 10001, 40006, 20013, '2020-02-06', '1990-01-01', NULL, '2020-03-22 07:08:24', ''),
(1173, NULL, '', NULL, '배산', '1990-01-01', 'F', NULL, '819-329-7947', NULL, NULL, '1044 Cobble Hill Dr. Ottawa, On K2J 0J5', 'K2J0J5', '', 0, 60145, 70009, 80001, 10001, 40006, 20013, '2020-02-06', '1990-01-01', NULL, NULL, ''),
(1174, NULL, '', NULL, '김준', '1990-01-01', 'F', NULL, '819-329-7947', NULL, NULL, '1044 Cobble Hill Dr. Ottawa, On K2J 0J5', 'K2J0J5', '', 0, 60145, 70009, 80001, 10001, 40006, 20013, '2020-02-06', '1990-01-01', NULL, NULL, ''),
(1175, NULL, '', NULL, '김윤', '1990-01-01', 'F', NULL, '819-329-7947', NULL, NULL, '1044 Cobble Hill Dr. Ottawa, On K2J 0J5', 'K2J0J5', '', 0, 60145, 70009, 80001, 10001, 40006, 20013, '2020-02-06', '1990-01-01', NULL, NULL, ''),
(1176, 'Byeongjin', NULL, 'Kim', '김병진', '1990-01-01', 'F', 'loveuku04@gmail.com', '343-987-1017', NULL, NULL, '848 Maryland Ave.Ottawa.ON K2C 0H8', 'K2C0H8', NULL, 1, 60145, 70009, 80001, 10001, 40006, 20013, '2020-02-06', '1990-01-01', NULL, '2020-03-22 07:09:54', ''),
(1177, NULL, NULL, NULL, '김은정', '1990-01-01', 'F', NULL, '343-987-1017', NULL, '819-328-5441', '848 Maryland Ave.Ottawa.ON K2C 0H8', 'K2C0H8', NULL, 0, 60145, 70009, 80001, 10001, 40006, 20013, '2020-02-06', '1990-01-01', NULL, '2020-04-08 17:02:44', NULL),
(1178, NULL, '', NULL, '김시온', '1990-01-01', 'F', NULL, '343-987-1017', NULL, NULL, '848 Maryland Ave.Ottawa.ON K2C 0H8', 'K2C0H8', '', 0, 60145, 70009, 80001, 10001, 40006, 20013, '2020-02-06', '1990-01-01', NULL, NULL, ''),
(1179, NULL, NULL, NULL, '백인정', '1990-01-01', 'F', 'ihnjungb@gmail.com', '418-262-7052', NULL, '343-961-2783', '704-1203 Maritime Way, Ottawa, On K2K 0H5', 'K2K0H5', NULL, 1, 60145, 70009, 80001, 10001, 40006, 20013, '2020-02-06', '1990-01-01', NULL, '2020-04-14 23:55:45', NULL),
(1180, 'Ji Eun', NULL, 'Lee', '이지은', '1990-01-01', 'F', NULL, '819-328-0256', NULL, NULL, '2840 Grand Canal St. nepean ON K2J 6E4', 'K2J6E4', NULL, 1, 60145, 70009, 80001, 10001, 40006, 20013, '2020-02-06', '1990-01-01', NULL, '2020-03-22 07:10:41', ''),
(1181, 'Yeongmin', NULL, 'Pyo', '표영민', '1990-01-01', 'F', 'pymgoodzz@me.come', '613-978-0715', NULL, NULL, NULL, NULL, NULL, 1, 60145, 70009, 80001, 10001, 40006, 20013, '2020-02-06', '1990-01-01', NULL, '2020-03-22 07:10:49', ''),
(1182, NULL, NULL, NULL, '문근식', '1990-01-01', 'F', NULL, NULL, NULL, '613-762-5393', NULL, NULL, NULL, 1, 60145, 70009, 80001, 10001, 40006, 20013, '2020-02-06', '1990-01-01', NULL, '2020-04-06 18:52:51', NULL),
(1183, 'Sinyoung', NULL, 'Kim', '김신영', '1990-01-01', 'F', NULL, '438-988-7523', NULL, NULL, '151 Mojave cres. Stitville, Ottawa, ON. K2S 0H3', 'K2S0H3', NULL, 1, 60145, 70009, 80001, 10001, 40006, 20013, '2020-02-06', '1990-01-01', NULL, '2020-03-22 07:11:05', ''),
(1184, 'Jungmin', NULL, 'Hwang', '황정민', '1990-01-01', 'F', NULL, '819-919-4933', NULL, '613-240-0034', '900 Dynes Rd , Ottawa, ON', NULL, NULL, 1, 60145, 70009, 80001, 10001, 40006, 20013, '2020-02-06', '1990-01-01', NULL, '2020-04-07 18:50:12', NULL),
(1185, 'Sunwoo', NULL, 'Park', '박선우', '1990-01-01', 'F', NULL, NULL, NULL, NULL, 'E-68 Stonehurst Ave., Ottawa, ON K1Y 1R5', 'K1Y1R5', NULL, 1, 60145, 70009, 80001, 10001, 40006, 20013, '2020-02-06', '1990-01-01', NULL, '2020-03-22 07:11:20', ''),
(1186, 'Jihoon', NULL, 'Lee', '이지훈', '1990-01-01', 'F', NULL, '613-606-3021', NULL, NULL, '#2312 185 Lyon St. North Ottawa, On K1R 7Y4', 'K1R7Y4', NULL, 1, 60145, 70009, 80001, 10001, 40006, 20013, '2020-02-06', '1990-01-01', NULL, '2020-04-16 17:48:33', '바후림'),
(1187, 'TaeHyun', NULL, 'Choi', '최태현', '1990-01-01', 'F', NULL, '226-505-6088', NULL, NULL, '15B Poplar St. Ottawa, On', NULL, NULL, 1, 60145, 70009, 80001, 10001, 40006, 20013, '2020-02-06', '1990-01-01', NULL, '2020-03-22 07:11:35', ''),
(1188, 'Hwasue', NULL, 'Sung', '성화수', '1990-01-01', 'F', NULL, '613-244-5017', NULL, '613-222-4634', NULL, NULL, NULL, 1, 60145, 70009, 80001, 10001, 40006, 20013, '2020-02-06', '1990-01-01', NULL, '2020-04-13 17:43:26', NULL),
(1189, NULL, NULL, NULL, '박준규', '1990-01-01', 'F', NULL, '613-244-5017', NULL, '613-240-1579', NULL, NULL, NULL, 0, 60145, 70009, 80001, 10001, 40006, 20013, '2020-02-06', '1990-01-01', NULL, '2020-04-13 17:43:38', NULL),
(1190, 'Da Jeong', NULL, 'Kim', '김다정', '1990-01-01', 'F', NULL, '514-473-1816', NULL, NULL, '229 Avgyle Avenue, Apt. 1005, Ottawa, On K2P 2J1', 'K2P2J1', NULL, 1, 60145, 70009, 80001, 10001, 40006, 20013, '2020-02-06', '1990-01-01', NULL, '2020-04-16 17:55:07', '바후림'),
(1191, NULL, NULL, NULL, '이정식', '1990-01-01', 'F', 'jungsik519@hotmail.com', '403-702-4015', NULL, NULL, '717 Summergaze St. Kanata, On K2M 0L4', 'K2M0L4', NULL, 1, 60145, 70009, 80001, 10001, 40006, 20013, '2020-02-06', '1990-01-01', NULL, '2020-03-22 07:12:26', ''),
(1192, NULL, '', NULL, '이미애', '1990-01-01', 'F', NULL, '403-702-4015', NULL, NULL, '717 Summergaze St. Kanata, On K2M 0L4', 'K2M0L4', '', 0, 60145, 70009, 80001, 10001, 40006, 20013, '2020-02-06', '1990-01-01', NULL, NULL, ''),
(1193, NULL, '', NULL, '이수인', '1990-01-01', 'F', NULL, '403-702-4015', NULL, NULL, '717 Summergaze St. Kanata, On K2M 0L4', 'K2M0L4', '', 0, 60145, 70009, 80001, 10001, 40006, 20013, '2020-02-06', '1990-01-01', NULL, NULL, ''),
(1194, NULL, '', NULL, '이시안', '1990-01-01', 'F', NULL, '403-702-4015', NULL, NULL, '717 Summergaze St. Kanata, On K2M 0L4', 'K2M0L4', '', 0, 60145, 70009, 80001, 10001, 40006, 20013, '2020-02-06', '1990-01-01', NULL, NULL, ''),
(1195, 'Hyunsuk', NULL, 'Lee', '이현숙', '1990-01-01', 'F', 'Kunst72@naver.com', '647-675-1590', NULL, NULL, '584 Lakeridge dr. Ottawa.ON', NULL, NULL, 1, 60145, 70009, 80001, 10001, 40006, 20013, '2020-02-06', '1990-01-01', NULL, '2020-03-22 07:13:12', ''),
(1196, 'Hong Seob', NULL, 'Oh', '오홍섭', '1990-01-01', 'F', 'oh.hongseob@gmail.com', '604-722-3045', NULL, NULL, '74 Metropole Private, Ottawa, On K1Z 1G1', 'K1Z1G1', NULL, 1, 60145, 70009, 80001, 10001, 40006, 20013, '2020-02-06', '1990-01-01', NULL, '2020-03-22 07:13:20', ''),
(1197, NULL, '', NULL, '송지현', '1990-01-01', 'F', NULL, '604-722-3045', NULL, NULL, '74 Metropole Private, Ottawa, On K1Z 1G1', 'K1Z1G1', '', 0, 60145, 70009, 80001, 10001, 40006, 20013, '2020-02-06', '1990-01-01', NULL, NULL, ''),
(1198, NULL, '', NULL, '오은서', '1990-01-01', 'F', NULL, '604-722-3045', NULL, NULL, '74 Metropole Private, Ottawa, On K1Z 1G1', 'K1Z1G1', '', 0, 60145, 70009, 80001, 10001, 40006, 20013, '2020-02-06', '1990-01-01', NULL, NULL, ''),
(1199, 'Hyeji', NULL, 'Kim', '김혜지', '1990-01-01', 'F', NULL, '613-255-1614', NULL, NULL, NULL, NULL, NULL, 1, 60145, 70009, 80001, 10001, 40006, 20013, '2020-02-06', '1990-01-01', NULL, '2020-03-22 07:13:58', ''),
(1200, 'Chul Hee', NULL, 'Park', '박철희', '1990-01-01', 'F', NULL, '226-868-2123', NULL, NULL, '206 Kohilo Crescent, Stittsville, On K2S 0E5', 'K2S0E5', NULL, 1, 60145, 70009, 80001, 10001, 40006, 20013, '2020-02-06', '1990-01-01', NULL, '2020-03-22 07:14:06', ''),
(1201, NULL, NULL, NULL, '김선희', '1990-01-01', 'F', NULL, '226-868-2123', NULL, '613-698-4060', '206 Kohilo Crescent, Stittsville, On K2S 0E5', 'K2S0E5', NULL, 0, 60145, 70009, 80001, 10001, 40006, 20013, '2020-02-06', '1990-01-01', NULL, '2020-04-09 18:54:54', NULL),
(1202, NULL, '', NULL, '박주헌', '1990-01-01', 'F', NULL, '226-868-2123', NULL, NULL, '206 Kohilo Crescent, Stittsville, On K2S 0E5', 'K2S0E5', '', 0, 60145, 70009, 80001, 10001, 40006, 20013, '2020-02-06', '1990-01-01', NULL, NULL, ''),
(1203, NULL, '', NULL, '박하연', '1990-01-01', 'F', NULL, '226-868-2123', NULL, NULL, '206 Kohilo Crescent, Stittsville, On K2S 0E5', 'K2S0E5', '', 0, 60145, 70009, 80001, 10001, 40006, 20013, '2020-02-06', '1990-01-01', NULL, NULL, ''),
(1204, NULL, NULL, NULL, '김지나', '1990-01-01', 'F', 'bhsmom@naver.com', '613-262-8124', NULL, NULL, '808-20 Deerfield Dr. Nepean, ON K2G 4L2', 'K2G4L2', NULL, 1, 60145, 70009, 80001, 10001, 40006, 20013, '2020-02-06', '1990-01-01', NULL, '2020-03-22 07:14:55', ''),
(1205, 'Eunhye', NULL, 'Lee', '이은혜', '1990-01-01', 'F', 'smeh025@gmail.com', '613-315-8882', NULL, NULL, '#532-349 McLeod Street., Ottawa, On K2P 0S1', 'K2P0S1', NULL, 1, 60145, 70009, 80001, 10001, 40006, 20013, '2020-02-06', '1990-01-01', NULL, '2020-04-06 18:51:47', NULL),
(1206, NULL, NULL, NULL, '강신명', '1990-01-01', 'F', NULL, NULL, NULL, '613-315-0524', '#532-349 McLeod Street., Ottawa, On K2P 0S1', 'K2P0S1', NULL, 0, 60145, 70009, 80001, 10001, 40006, 20013, '2020-02-06', '1990-01-01', NULL, '2020-04-06 18:51:28', NULL),
(1207, 'Janghoon', NULL, 'Jun', '전장훈', '1990-01-01', 'F', 'mjun008@uottawa.ca', '819-329-9392', NULL, NULL, '511-290 nelson St., Ottawa, ON, K1N 7S3', 'K1N7S3', NULL, 1, 60145, 70009, 80001, 10001, 40006, 20013, '2020-02-06', '1990-01-01', NULL, '2020-03-22 07:15:39', ''),
(1208, 'Min Kyu', NULL, 'Park', '박민규', '1990-01-01', 'F', NULL, '306-596-9956', NULL, NULL, '11-5762 Gordon Rd, Regina, SK', NULL, NULL, 1, 60197, 70012, 80001, 10001, 40006, 20013, '2020-02-06', '1990-01-01', NULL, '2020-04-16 17:47:01', '바후림'),
(1209, NULL, NULL, NULL, '정영진', '1990-01-01', 'F', 'chrisyjchung@gmail.com', '819-639-0109', NULL, NULL, '363 blake blvd,vanier', NULL, NULL, 1, 60145, 70009, 80001, 10001, 40006, 20013, '2020-02-06', '1990-01-01', NULL, '2020-03-22 07:15:56', ''),
(1210, NULL, '', NULL, '배혜수', '1990-01-01', 'F', NULL, '819-639-0109', NULL, NULL, '363 blake blvd,vanier', NULL, '', 0, 60145, 70009, 80001, 10001, 40006, 20013, '2020-02-06', '1990-01-01', NULL, NULL, ''),
(1211, 'Yunhee', NULL, 'Kim', '김윤희', '1990-01-01', 'F', NULL, '613-863-5520', NULL, NULL, '80 Rideau Terr Unit 36., Ottawa, ON K1M 2C6', 'K1M2C6', NULL, 1, 60145, 70009, 80001, 10001, 40006, 20013, '2020-02-06', '1990-01-01', NULL, '2020-03-22 07:16:21', ''),
(1212, 'Grace', NULL, 'Lee', '이성주', '1990-01-01', 'F', NULL, '819-592-9189', NULL, NULL, '206-1161 Wellington St. W. Ottawa, On K1Y 2Z1', 'K1Y2Z1', NULL, 1, 60145, 70009, 80001, 10001, 40006, 20013, '2020-02-06', '1990-01-01', NULL, '2020-04-16 17:56:34', '바후림'),
(1213, 'Won-Il', NULL, 'Jun', '전원일', '1990-01-01', 'F', NULL, '613-291-4143', NULL, NULL, '#1114-400 Slater St., Ottawa,ON K1R 7S7', 'K1R7S7', NULL, 1, 60145, 70009, 80001, 10001, 40006, 20013, '2020-02-06', '1990-01-01', NULL, '2020-04-16 17:44:53', '바후림'),
(1214, NULL, NULL, NULL, '최진한', '1990-01-01', 'F', 'friendjh196@gmail.com', '647-893-6808', NULL, NULL, '448 White Arctic Ave. Nepean, On K2J 5Y9', 'K2J5Y9', NULL, 1, 60145, 70009, 80001, 10001, 40006, 20013, '2020-02-06', '1990-01-01', NULL, '2020-03-22 07:16:47', ''),
(1215, NULL, '', NULL, '장새라', '1990-01-01', 'F', NULL, '647-893-6808', NULL, NULL, '448 White Arctic Ave. Nepean, On K2J 5Y9', 'K2J5Y9', '', 0, 60145, 70009, 80001, 10001, 40006, 20013, '2020-02-06', '1990-01-01', NULL, NULL, ''),
(1216, NULL, '', NULL, '최우영', '1990-01-01', 'F', NULL, '647-893-6808', NULL, NULL, '448 White Arctic Ave. Nepean, On K2J 5Y9', 'K2J5Y9', '', 0, 60145, 70009, 80001, 10001, 40006, 20013, '2020-02-06', '1990-01-01', NULL, NULL, ''),
(1217, 'Daehyun', NULL, 'Yeo', '여대현', '1990-01-01', 'F', NULL, '613-822-1650', NULL, NULL, '#46-641 King Edward Ave., Ottawa, On', NULL, NULL, 1, 60145, 70009, 80001, 10001, 40006, 20013, '2020-02-06', '1990-01-01', NULL, '2020-04-16 17:41:12', '바후림'),
(1218, 'Kang Hoo', NULL, 'Lee', '이강후', '1990-01-01', 'F', 'kanghoo7641@gmail.com', '613-255-0987', NULL, NULL, '115 Copperwood, Ottawa, ON', NULL, NULL, 1, 60145, 70009, 80001, 10001, 40006, 20013, '2020-02-06', '1990-01-01', NULL, '2020-03-22 07:17:30', ''),
(1219, 'Sue', NULL, 'Kang', '강수형', '1990-01-01', 'F', 'suekang96@gmail.com', '613-864-2552', NULL, NULL, '#309 1405 Prince of Wales Dr. Ottawa, On K2C 3J9', 'K2C3J9', NULL, 1, 60145, 70009, 80001, 10001, 40006, 20013, '2020-02-06', '1990-01-01', NULL, '2020-04-16 17:41:22', '바후림'),
(1220, NULL, NULL, NULL, '김세호', '1990-01-01', 'F', 'starry33@hanmail.net', '613-710-1277', NULL, NULL, '74 Kilbarry Crescent, Ottawa, On', NULL, NULL, 1, 60145, 70009, 80001, 10001, 40006, 20013, '2020-02-06', '1990-01-01', NULL, '2020-03-22 07:17:51', ''),
(1221, NULL, '', NULL, '유지인', '1990-01-01', 'F', NULL, '613-710-1277', NULL, NULL, '74 Kilbarry Crescent, Ottawa, On ', NULL, '', 0, 60145, 70009, 80001, 10001, 40006, 20013, '2020-02-06', '1990-01-01', NULL, NULL, ''),
(1222, NULL, '', NULL, '김의진', '1990-01-01', 'F', NULL, '613-710-1277', NULL, NULL, '74 Kilbarry Crescent, Ottawa, On ', NULL, '', 0, 60145, 70009, 80001, 10001, 40006, 20013, '2020-02-06', '1990-01-01', NULL, NULL, ''),
(1223, 'Hyunseong', NULL, 'Park', '박현성', '1990-01-01', 'F', NULL, '343-987-0809', NULL, NULL, '608-1339 meadowlands drive, K2E 7B4', 'K2E7B4', NULL, 1, 60145, 70009, 80001, 10001, 40006, 20013, '2020-02-06', '1990-01-01', NULL, '2020-04-16 17:54:56', '바후림'),
(1224, 'Jonathan', NULL, 'Turcotte', 'Jonathan', '1990-01-01', 'F', NULL, NULL, NULL, NULL, '332 Pintail Terrace Ottawa, ON K1E 2A1', 'K1E2A1', NULL, 1, 60145, 70009, 80001, 10001, 40006, 20013, '2020-02-06', '1990-01-01', NULL, '2020-03-22 07:18:43', ''),
(1225, 'Soon Joo', NULL, 'Seo', '서순주', '1990-01-01', 'F', NULL, '343-777-7872', NULL, NULL, '3717woodroffe Ave. K2G7A1', 'K2G7A1', NULL, 1, 60145, 70009, 80001, 10001, 40006, 20013, '2020-02-06', '1990-01-01', NULL, '2020-03-22 07:18:51', ''),
(1226, NULL, NULL, NULL, '김선영', '1990-01-01', 'F', NULL, '647-828-5753', NULL, '613-729-6018', NULL, NULL, NULL, 1, 60145, 70009, 80001, 10001, 40006, 20013, '2020-02-06', '1990-01-01', NULL, '2020-04-15 00:07:13', NULL),
(1227, NULL, NULL, NULL, '권성일', '1990-01-01', 'F', NULL, NULL, NULL, '613-252-2282', NULL, NULL, NULL, 1, 60145, 70009, 80001, 10001, 40006, 20013, '2020-02-06', '1990-01-01', NULL, '2020-04-06 18:52:05', NULL),
(1228, NULL, NULL, NULL, '최윤', '1990-01-01', 'F', NULL, NULL, NULL, '613-261-0202', NULL, NULL, NULL, 0, 60145, 70009, 80001, 10001, 40006, 20013, '2020-02-06', '1990-01-01', NULL, '2020-04-06 18:52:24', NULL),
(1229, NULL, '', NULL, '권아율', '1990-01-01', 'F', NULL, NULL, NULL, NULL, NULL, NULL, '', 0, 60145, 70009, 80001, 10001, 40006, 20013, '2020-02-06', '1990-01-01', NULL, NULL, ''),
(1230, 'Seokho', NULL, 'Hong', '홍석호', '1990-01-01', 'F', 'sh.hong289@gmail.com', '613-314-8197', NULL, NULL, '2201 riverside drice.', NULL, NULL, 1, 60145, 70009, 80001, 10001, 40006, 20013, '2020-02-06', '1990-01-01', NULL, '2020-04-16 17:48:24', '바후림'),
(1231, 'A Ran', NULL, 'Jeon', '전아란', '1990-01-01', 'F', 'jarys92@gmail.com', '613-324-2267', NULL, NULL, '6-369paseo private', NULL, NULL, 1, 60145, 70009, 80001, 10001, 40006, 20013, '2020-02-06', '1990-01-01', NULL, '2020-03-22 07:20:05', ''),
(1232, 'Boyoung', NULL, 'Chang', '장보영', '1990-01-01', 'F', NULL, '613-983-6181', NULL, NULL, '17 Calais Court nepean on. K2E 7E1', 'K2E7E1', NULL, 1, 60145, 70009, 80001, 10001, 40006, 20013, '2020-02-06', '1990-01-01', NULL, '2020-03-22 07:20:13', ''),
(1233, 'Chris', NULL, 'Hahn', 'Chris Hahn', '1990-01-01', 'F', 'chris.hahn89@gmail.com', '613-867-8895', NULL, NULL, '100 Gooseberry Place, K2J 5Z6', 'K2J5Z6', NULL, 1, 60145, 70009, 80001, 10001, 40006, 20013, '2020-02-06', '1990-01-01', NULL, '2020-03-22 07:20:26', ''),
(1234, 'Lyzbeth', NULL, 'Croskrey', 'Lyzbeth Croskrey', '1990-01-01', 'F', 'lyzzcroskrey1@gmail.com', '819-230-1546', NULL, '819-302-4006', '607-248 Brittany Dr K1K 4R3', 'K1K4R3', NULL, 0, 60145, 70009, 80001, 10001, 40006, 20013, '2020-02-06', '1990-01-01', NULL, '2020-04-16 18:14:52', 'Mosaic'),
(1235, 'Jooeun', NULL, 'Kim', '김주은', '1990-01-01', 'F', 'jooeun_05@yahoo.com', '819-700-2784', NULL, NULL, '1-30 Russell Ave. K1N 7W8', 'K1N7W8', NULL, 1, 60145, 70009, 80001, 10001, 40006, 20013, '2020-02-06', '1990-01-01', NULL, '2020-03-22 07:20:38', ''),
(1236, 'San', NULL, 'Kim', '김산', '1990-01-01', 'F', 'mountttgm@gmail.com', '613-981-4657', NULL, NULL, '1271 Field st . K2C 2P9', 'K2C2P9', NULL, 1, 60145, 70009, 80001, 10001, 40006, 20013, '2020-02-06', '1990-01-01', NULL, '2020-04-16 17:43:42', '바후림'),
(1237, 'Hyunji', NULL, 'Kang', '강현지', NULL, 'M', NULL, '289-828-6367', NULL, NULL, NULL, NULL, NULL, 1, 60145, 70009, 80001, 10001, 40005, 20013, NULL, NULL, '2020-03-23 21:47:40', '2020-04-16 17:42:34', '바후림'),
(1238, 'Sojeong', NULL, 'Kim', '김소정', NULL, 'M', NULL, '519-635-4933', NULL, NULL, NULL, NULL, NULL, 1, 60145, 70009, 80001, 10001, 40005, 20013, NULL, NULL, '2020-03-23 21:48:15', '2020-04-16 17:43:04', '바후림'),
(1239, 'Junyoung', NULL, 'Park', '박준영', NULL, 'M', NULL, '647-336-5910', NULL, NULL, NULL, NULL, NULL, 1, 60145, 70009, 80001, 10001, 40005, 20013, NULL, NULL, '2020-03-23 21:48:58', '2020-03-23 21:48:58', ''),
(1240, 'Sera', NULL, 'Lim', '임세라', NULL, 'M', NULL, '343-996-7973', NULL, '613-355-8533', NULL, NULL, NULL, 1, 60145, 70009, 80001, 10001, 40005, 20013, NULL, NULL, '2020-03-23 21:49:31', '2020-04-14 17:35:49', NULL),
(1241, NULL, NULL, NULL, '함상열', NULL, 'M', NULL, '647-828-5753', NULL, '613-729-6018', NULL, NULL, NULL, 0, 60145, 70009, 80001, 10001, 40005, 20013, NULL, NULL, '2020-03-24 17:26:27', '2020-04-15 00:06:56', NULL),
(1242, NULL, NULL, NULL, '함서연', NULL, 'F', NULL, NULL, NULL, NULL, NULL, NULL, NULL, 0, 60145, 70009, 80001, 10001, 40005, 20013, NULL, NULL, '2020-03-24 17:27:03', '2020-03-24 17:27:54', ''),
(1243, NULL, NULL, NULL, '아밀리아 챈', NULL, 'M', NULL, NULL, NULL, NULL, NULL, NULL, NULL, 0, 60145, 70009, 80001, 10001, 40005, 20013, NULL, NULL, '2020-03-24 17:28:44', '2020-03-24 17:28:44', ''),
(1244, NULL, NULL, NULL, '이정수', NULL, 'M', NULL, NULL, NULL, '613-295-6394', NULL, NULL, NULL, 1, 60145, 70009, 80001, 10001, 40005, 20013, NULL, NULL, '2020-03-24 17:36:57', '2020-04-13 17:46:01', NULL),
(1245, NULL, NULL, NULL, '주혜란', NULL, 'M', NULL, NULL, NULL, '613-295-6813', NULL, NULL, NULL, 0, 60145, 70009, 80001, 10001, 40005, 20013, NULL, NULL, '2020-03-24 17:37:20', '2020-04-13 17:45:49', NULL),
(1246, NULL, NULL, NULL, '이다준', NULL, 'M', NULL, NULL, NULL, NULL, NULL, NULL, NULL, 0, 60145, 70009, 80001, 10001, 40005, 20013, NULL, NULL, '2020-03-24 17:37:30', '2020-03-24 17:37:30', ''),
(1247, NULL, NULL, NULL, '스티븐 샵살', NULL, 'M', NULL, NULL, NULL, NULL, NULL, NULL, NULL, 1, 60145, 70009, 80001, 10001, 40005, 20013, NULL, NULL, '2020-03-24 17:40:10', '2020-03-26 16:58:29', ''),
(1248, NULL, NULL, NULL, '장화자', NULL, 'M', NULL, NULL, NULL, NULL, NULL, NULL, NULL, 0, 60145, 70009, 80001, 10001, 40005, 20013, NULL, NULL, '2020-03-24 17:40:29', '2020-03-24 17:40:29', ''),
(1249, NULL, NULL, NULL, '예핌 한울 샵살', NULL, 'M', NULL, NULL, NULL, NULL, NULL, NULL, NULL, 0, 60145, 70009, 80001, 10001, 40005, 20013, NULL, NULL, '2020-03-24 17:40:43', '2020-03-24 17:40:43', ''),
(1250, NULL, NULL, NULL, '김예담', NULL, 'M', NULL, NULL, NULL, NULL, NULL, NULL, NULL, 0, 60145, 70009, 80001, 10001, 40005, 20013, NULL, NULL, '2020-03-24 17:42:17', '2020-03-24 17:42:17', ''),
(1251, NULL, NULL, NULL, '장하진', NULL, 'M', NULL, NULL, NULL, NULL, NULL, NULL, NULL, 0, 60145, 70009, 80001, 10001, 40005, 20013, NULL, NULL, '2020-03-24 17:44:07', '2020-03-24 17:44:07', ''),
(1252, NULL, NULL, NULL, '장준호', NULL, 'M', NULL, '418-262-7052', NULL, '343-961-2783', NULL, NULL, NULL, 0, 60145, 70009, 80001, 10001, 40005, 20013, NULL, NULL, '2020-03-24 17:44:18', '2020-04-14 23:55:29', NULL),
(1253, 'Martyn', NULL, 'Johnson', 'Martyn Johnson', NULL, 'M', NULL, NULL, NULL, '613-265-5072', NULL, NULL, NULL, 0, 60145, 70009, 80001, 10001, 40005, 20013, NULL, NULL, '2020-03-25 19:25:15', '2020-04-09 18:52:15', NULL),
(1254, '다은', NULL, 'Johnson', 'Johnson 다은', NULL, 'M', NULL, NULL, NULL, NULL, NULL, NULL, NULL, 0, 60145, 70009, 80001, 10001, 40005, 20013, NULL, NULL, '2020-03-25 19:25:38', '2020-03-25 19:25:38', ''),
(1255, '주안', NULL, 'Johnson', 'Johnson 주안', NULL, 'M', NULL, NULL, NULL, NULL, NULL, NULL, NULL, 0, 60145, 70009, 80001, 10001, 40005, 20013, NULL, NULL, '2020-03-25 19:26:00', '2020-03-25 19:26:00', ''),
(1256, NULL, NULL, NULL, '이레', NULL, 'M', NULL, NULL, NULL, NULL, NULL, NULL, NULL, 0, 60145, 70009, 80001, 10001, 40005, 20013, NULL, NULL, '2020-03-25 19:27:26', '2020-03-25 19:27:26', ''),
(1257, NULL, NULL, NULL, '주리사', NULL, 'M', NULL, NULL, NULL, NULL, NULL, NULL, NULL, 0, 60145, 70009, 80001, 10001, 40005, 20013, NULL, NULL, '2020-03-25 19:28:17', '2020-03-25 19:28:17', ''),
(1258, NULL, NULL, NULL, '주다니엘', NULL, 'M', NULL, NULL, NULL, NULL, NULL, NULL, NULL, 0, 60145, 70009, 80001, 10001, 40005, 20013, NULL, NULL, '2020-03-25 19:28:26', '2020-03-25 19:28:26', ''),
(1259, NULL, NULL, NULL, '노재광', NULL, 'M', 'nykdeborah@gmail.com', '613-261-0234', NULL, NULL, '255 Highpointe Crescent', NULL, NULL, 1, 60145, 70009, 80001, 10001, 40005, 20013, NULL, NULL, '2020-03-25 19:29:10', '2020-04-03 01:08:19', NULL),
(1260, NULL, NULL, NULL, '유정화', NULL, 'M', NULL, NULL, NULL, NULL, NULL, NULL, NULL, 0, 60145, 70009, 80001, 10001, 40005, 20013, NULL, NULL, '2020-03-25 19:29:18', '2020-03-25 19:29:18', ''),
(1261, NULL, NULL, NULL, '노찬수', NULL, 'M', NULL, NULL, NULL, NULL, NULL, NULL, NULL, 0, 60145, 70009, 80001, 10001, 40005, 20013, NULL, NULL, '2020-03-25 19:29:26', '2020-03-25 19:29:26', ''),
(1262, 'Donald', NULL, 'Dawson', 'Donald Dawson', NULL, 'M', NULL, '613-799-3156', NULL, '613-686-5388', NULL, NULL, NULL, 0, 60145, 70009, 80001, 10001, 40005, 20013, NULL, NULL, '2020-03-25 19:31:10', '2020-04-14 05:59:28', NULL),
(1263, NULL, NULL, NULL, '하늘 Dawson', NULL, 'M', NULL, NULL, NULL, NULL, NULL, NULL, NULL, 0, 60145, 70009, 80001, 10001, 40005, 20013, NULL, NULL, '2020-03-25 19:31:32', '2020-03-25 19:31:32', ''),
(1264, NULL, NULL, NULL, '김주찬', NULL, 'M', NULL, '613-219-9213', NULL, '613-709-1945', NULL, NULL, NULL, 1, 60145, 70009, 80001, 10001, 40005, 20013, NULL, NULL, '2020-03-25 19:33:11', '2020-04-14 23:53:48', NULL),
(1265, NULL, NULL, NULL, '조옥화', NULL, 'M', NULL, '613-219-9213', NULL, '613-709-1945', NULL, NULL, NULL, 0, 60145, 70009, 80001, 10001, 40005, 20013, NULL, NULL, '2020-03-25 19:33:18', '2020-04-14 23:54:05', NULL),
(1266, NULL, NULL, NULL, '김현승', NULL, 'M', NULL, NULL, NULL, NULL, NULL, NULL, NULL, 0, 60145, 70009, 80001, 10001, 40005, 20013, NULL, NULL, '2020-03-25 19:33:27', '2020-03-25 19:33:27', ''),
(1267, NULL, NULL, NULL, '조보람', NULL, 'M', NULL, NULL, NULL, NULL, NULL, NULL, NULL, 1, 60145, 70009, 80001, 10001, 40005, 20013, NULL, NULL, '2020-03-25 19:34:33', '2020-03-25 19:34:33', ''),
(1268, NULL, NULL, NULL, '조진서', NULL, 'M', NULL, NULL, NULL, NULL, NULL, NULL, NULL, 0, 60145, 70009, 80001, 10001, 40005, 20013, NULL, NULL, '2020-03-25 19:34:41', '2020-03-25 19:34:41', ''),
(1269, NULL, NULL, NULL, '백승호', NULL, 'M', NULL, NULL, NULL, NULL, NULL, NULL, NULL, 1, 60145, 70009, 80001, 10001, 40005, 20013, NULL, NULL, '2020-03-25 19:35:31', '2020-03-25 19:35:31', ''),
(1270, NULL, NULL, NULL, '황금빛', NULL, 'M', NULL, NULL, NULL, '416-910-1100', NULL, NULL, NULL, 0, 60145, 70009, 80001, 10001, 40005, 20013, NULL, NULL, '2020-03-25 19:35:38', '2020-04-07 22:45:53', NULL),
(1271, NULL, NULL, NULL, '백윤', NULL, 'M', NULL, NULL, NULL, NULL, NULL, NULL, NULL, 0, 60145, 70009, 80001, 10001, 40005, 20013, NULL, NULL, '2020-03-25 19:35:45', '2020-03-25 19:35:45', ''),
(1272, 'Brad', NULL, 'Wassink', 'Brad Wassink', NULL, 'M', NULL, NULL, NULL, NULL, NULL, NULL, NULL, 1, 60145, 70009, 80001, 10001, 40005, 20013, NULL, NULL, '2020-03-25 19:37:10', '2020-03-25 19:37:10', ''),
(1273, 'Erin', NULL, 'Felak', 'Erin Felak', NULL, 'M', NULL, NULL, NULL, NULL, NULL, NULL, NULL, 0, 60145, 70009, 80001, 10001, 40005, 20013, NULL, NULL, '2020-03-25 19:37:24', '2020-03-25 19:37:24', ''),
(1274, NULL, NULL, NULL, '윤슬 Felak', NULL, 'M', NULL, NULL, NULL, NULL, NULL, NULL, NULL, 0, 60145, 70009, 80001, 10001, 40005, 20013, NULL, NULL, '2020-03-25 19:37:37', '2020-03-25 19:37:37', ''),
(1275, NULL, NULL, NULL, '여서진', NULL, 'M', NULL, NULL, NULL, NULL, NULL, NULL, NULL, 0, 60145, 70009, 80001, 10001, 40005, 20013, NULL, NULL, '2020-03-25 19:38:40', '2020-03-25 19:38:40', ''),
(1276, NULL, NULL, NULL, '이새', NULL, 'M', NULL, NULL, NULL, NULL, NULL, NULL, NULL, 0, 60145, 70009, 80001, 10001, 40005, 20013, NULL, NULL, '2020-03-25 19:39:21', '2020-03-25 19:39:21', ''),
(1277, NULL, NULL, NULL, '유준 Mundt', NULL, 'M', NULL, NULL, NULL, NULL, NULL, NULL, NULL, 0, 60145, 70009, 80001, 10001, 40005, 20013, NULL, NULL, '2020-03-25 19:41:03', '2020-03-25 19:41:03', ''),
(1278, NULL, NULL, NULL, '윤세연', NULL, 'M', NULL, NULL, NULL, NULL, NULL, NULL, NULL, 0, 60145, 70009, 80001, 10001, 40005, 20013, NULL, NULL, '2020-03-25 19:41:55', '2020-03-25 19:41:55', ''),
(1279, NULL, NULL, NULL, '한다니엘', NULL, 'M', NULL, NULL, NULL, NULL, NULL, NULL, NULL, 0, 60145, 70009, 80001, 10001, 40005, 20013, NULL, NULL, '2020-03-25 19:42:07', '2020-03-25 19:42:07', ''),
(1280, NULL, NULL, NULL, '지유 Anderson', NULL, 'M', NULL, NULL, NULL, NULL, NULL, NULL, NULL, 0, 60145, 70009, 80001, 10001, 40005, 20013, NULL, NULL, '2020-03-25 19:42:38', '2020-03-25 19:42:38', ''),
(1281, NULL, NULL, NULL, '박지홍', NULL, 'M', NULL, NULL, NULL, '613-808-6831', NULL, NULL, NULL, 1, 60145, 70009, 80001, 10001, 40005, 20013, NULL, NULL, '2020-03-25 19:42:58', '2020-04-09 18:54:11', NULL),
(1282, NULL, NULL, NULL, '박나혜', NULL, 'M', NULL, NULL, NULL, '613-608-3393', NULL, NULL, NULL, 0, 60145, 70009, 80001, 10001, 40005, 20013, NULL, NULL, '2020-03-25 19:43:05', '2020-04-09 18:54:32', NULL),
(1283, NULL, NULL, NULL, '박연서', NULL, 'M', NULL, NULL, NULL, NULL, NULL, NULL, NULL, 0, 60145, 70009, 80001, 10001, 40005, 20013, NULL, NULL, '2020-03-25 19:43:12', '2020-03-25 19:43:12', ''),
(1284, NULL, NULL, NULL, '김교영', NULL, 'M', NULL, NULL, NULL, NULL, NULL, NULL, NULL, 0, 60145, 70009, 80001, 10001, 40005, 20013, NULL, NULL, '2020-03-25 19:43:24', '2020-03-25 19:43:24', ''),
(1285, NULL, NULL, NULL, '신은성', NULL, 'M', NULL, NULL, NULL, NULL, NULL, NULL, NULL, 0, 60145, 70009, 80001, 10001, 40005, 20013, NULL, NULL, '2020-03-25 19:43:38', '2020-03-25 19:43:38', ''),
(1286, 'John', NULL, 'Lee', 'John Lee', NULL, 'M', NULL, NULL, NULL, NULL, NULL, NULL, NULL, 1, 60145, 70009, 80001, 10001, 40005, 20013, NULL, NULL, '2020-03-25 19:44:32', '2020-03-25 19:44:32', ''),
(1287, 'Lian', NULL, 'Lee', 'Lian Lee', NULL, 'M', NULL, NULL, NULL, NULL, NULL, NULL, NULL, 0, 60145, 70009, 80001, 10001, 40005, 20013, NULL, NULL, '2020-03-25 19:44:46', '2020-03-25 19:44:46', ''),
(1288, NULL, NULL, NULL, '조세핀', NULL, 'M', NULL, NULL, NULL, NULL, NULL, NULL, NULL, 0, 60145, 70009, 80001, 10001, 40005, 20013, NULL, NULL, '2020-03-25 19:44:56', '2020-03-25 19:44:56', ''),
(1289, NULL, NULL, NULL, '김현수', NULL, 'M', NULL, NULL, NULL, '819-592-3166', NULL, NULL, NULL, 1, 60145, 70009, 80001, 10001, 40005, 20013, NULL, NULL, '2020-03-25 19:46:03', '2020-04-09 18:51:34', NULL),
(1290, NULL, NULL, NULL, '이은숙', NULL, 'M', NULL, NULL, NULL, '613-983-3166', NULL, NULL, NULL, 0, 60145, 70009, 80001, 10001, 40005, 20013, NULL, NULL, '2020-03-25 19:46:10', '2020-04-09 18:51:56', NULL),
(1291, NULL, '김현수', NULL, '김서영', NULL, 'M', NULL, NULL, NULL, NULL, NULL, NULL, NULL, 0, 60145, 70009, 80001, 10001, 40005, 20013, NULL, NULL, '2020-03-25 19:46:44', '2020-03-25 19:46:44', ''),
(1292, NULL, NULL, NULL, '시메온 총명 샵살', NULL, 'M', NULL, NULL, NULL, NULL, NULL, NULL, NULL, 0, 60145, 70009, 80001, 10001, 40005, 20013, NULL, NULL, '2020-03-26 16:59:06', '2020-03-26 16:59:06', ''),
(1293, NULL, NULL, NULL, '나디아 세미 샵살', NULL, 'M', NULL, NULL, NULL, NULL, NULL, NULL, NULL, 0, 60145, 70009, 80001, 10001, 40005, 20013, NULL, NULL, '2020-03-26 16:59:19', '2020-03-26 17:00:28', ''),
(1294, NULL, NULL, NULL, '노현수', NULL, 'M', NULL, NULL, NULL, NULL, NULL, NULL, NULL, 0, 60145, 70009, 80001, 10001, 40005, 20013, NULL, NULL, '2020-03-28 21:32:50', '2020-03-28 21:32:50', '필로이 (부모성함 누락)'),
(1295, NULL, NULL, NULL, '장소라', NULL, 'M', NULL, NULL, NULL, NULL, NULL, NULL, NULL, 0, 60145, 70009, 80001, 10001, 40005, 20013, NULL, NULL, '2020-03-28 21:36:54', '2020-03-28 21:36:54', NULL),
(1296, NULL, NULL, NULL, '오미랑', NULL, 'M', NULL, NULL, NULL, NULL, NULL, NULL, NULL, 0, 60145, 70009, 80001, 10001, 40005, 20013, NULL, NULL, '2020-03-28 21:39:14', '2020-03-28 21:39:14', NULL),
(1297, NULL, NULL, NULL, '김민준', NULL, 'M', NULL, NULL, NULL, NULL, NULL, NULL, NULL, 0, 60145, 70009, 80001, 10001, 40005, 20013, NULL, NULL, '2020-03-28 21:39:23', '2020-03-28 21:39:23', NULL),
(1298, NULL, NULL, NULL, '노은수', NULL, 'M', NULL, NULL, NULL, NULL, NULL, NULL, NULL, 0, 60145, 70009, 80001, 10001, 40005, 20013, NULL, NULL, '2020-03-28 21:40:17', '2020-03-28 21:40:17', NULL),
(1299, NULL, NULL, NULL, '신예나', NULL, 'M', NULL, NULL, NULL, NULL, NULL, NULL, NULL, 0, 60145, 70009, 80001, 10001, 40005, 20013, NULL, NULL, '2020-03-28 21:40:55', '2020-03-28 21:40:55', NULL),
(1300, NULL, NULL, NULL, '신예인', NULL, 'M', NULL, NULL, NULL, NULL, NULL, NULL, NULL, 0, 60145, 70009, 80001, 10001, 40005, 20013, NULL, NULL, '2020-03-28 21:42:50', '2020-03-28 21:42:50', NULL),
(1301, NULL, NULL, NULL, '안우태', NULL, 'M', NULL, NULL, NULL, '613-220-6500', NULL, NULL, NULL, 1, 60145, 70009, 80001, 10001, 40005, 20013, NULL, NULL, '2020-03-28 21:43:39', '2020-04-07 22:39:17', NULL),
(1302, NULL, NULL, NULL, '유연정', NULL, 'M', NULL, NULL, NULL, '613-220-6500', NULL, NULL, NULL, 0, 60145, 70009, 80001, 10001, 40005, 20013, NULL, NULL, '2020-03-28 21:43:46', '2020-04-07 22:39:28', NULL),
(1303, NULL, NULL, NULL, '안정호', NULL, 'M', NULL, NULL, NULL, NULL, NULL, NULL, NULL, 0, 60145, 70009, 80001, 10001, 40005, 20013, NULL, NULL, '2020-03-28 21:43:56', '2020-03-28 21:43:56', NULL),
(1304, NULL, NULL, NULL, '오지원', NULL, 'M', NULL, NULL, NULL, NULL, NULL, NULL, NULL, 0, 60145, 70009, 80001, 10001, 40005, 20013, NULL, NULL, '2020-03-28 21:45:17', '2020-03-28 21:45:17', NULL),
(1305, 'KyungA', NULL, 'Jang', '장경아', NULL, 'M', NULL, '613-408-3767', NULL, NULL, NULL, NULL, NULL, 0, 60145, 70009, 80001, 10001, 40005, 20013, NULL, NULL, '2020-03-28 21:45:25', '2020-04-16 18:14:26', 'Mosaic'),
(1306, NULL, NULL, NULL, '이마가', NULL, 'M', NULL, NULL, NULL, NULL, NULL, NULL, NULL, 1, 60145, 70009, 80001, 10001, 40005, 20013, NULL, NULL, '2020-03-28 21:49:55', '2020-03-28 21:49:55', NULL),
(1307, NULL, NULL, NULL, '조은정', NULL, 'M', NULL, NULL, NULL, NULL, NULL, NULL, NULL, 0, 60145, 70009, 80001, 10001, 40005, 20013, NULL, NULL, '2020-03-28 21:50:03', '2020-03-28 21:50:03', NULL),
(1308, NULL, NULL, NULL, '이새론', NULL, 'M', NULL, NULL, NULL, NULL, NULL, NULL, NULL, 0, 60145, 70009, 80001, 10001, 40005, 20013, NULL, NULL, '2020-03-28 21:50:13', '2020-03-28 21:50:13', NULL),
(1309, NULL, NULL, NULL, '함현종', NULL, 'M', NULL, NULL, NULL, NULL, NULL, NULL, NULL, 0, 60145, 70009, 80001, 10001, 40005, 20013, NULL, NULL, '2020-03-28 21:51:25', '2020-03-28 21:51:25', NULL),
(1310, NULL, NULL, NULL, '정초웅', NULL, 'M', NULL, NULL, NULL, '613-355-8128', NULL, NULL, NULL, 1, 60145, 70009, 80001, 10001, 40005, 20013, NULL, NULL, '2020-03-28 21:53:08', '2020-04-13 17:48:51', NULL),
(1311, NULL, NULL, NULL, '홍지현', NULL, 'M', NULL, NULL, NULL, '613-218-3688', NULL, NULL, NULL, 0, 60145, 70009, 80001, 10001, 40005, 20013, NULL, NULL, '2020-03-28 21:53:15', '2020-04-13 17:49:08', NULL),
(1312, NULL, NULL, NULL, '정아라', NULL, 'M', NULL, NULL, NULL, NULL, NULL, NULL, NULL, 0, 60145, 70009, 80001, 10001, 40005, 20013, NULL, NULL, '2020-03-28 21:53:24', '2020-03-28 21:53:24', NULL),
(1313, NULL, NULL, NULL, '김리우', NULL, 'M', NULL, NULL, NULL, NULL, NULL, NULL, NULL, 0, 60145, 70009, 80001, 10001, 40005, 20013, NULL, NULL, '2020-03-28 21:54:28', '2020-03-28 21:54:28', NULL),
(1314, NULL, NULL, NULL, '김민승', NULL, 'M', NULL, NULL, NULL, NULL, NULL, NULL, NULL, 0, 60145, 70009, 80001, 10001, 40005, 20013, NULL, NULL, '2020-03-28 21:54:36', '2020-03-28 21:54:36', NULL),
(1315, NULL, NULL, NULL, '김하온', NULL, 'M', NULL, NULL, NULL, NULL, NULL, NULL, NULL, 0, 60145, 70009, 80001, 10001, 40005, 20013, NULL, NULL, '2020-03-28 21:56:14', '2020-03-28 21:56:14', NULL),
(1316, NULL, NULL, NULL, '김하준', NULL, 'M', NULL, NULL, NULL, NULL, NULL, NULL, NULL, 0, 60145, 70009, 80001, 10001, 40005, 20013, NULL, NULL, '2020-03-28 21:56:25', '2020-03-28 21:56:25', NULL),
(1317, NULL, NULL, NULL, '심채우', NULL, 'M', NULL, NULL, NULL, NULL, NULL, NULL, NULL, 0, 60145, 70009, 80001, 10001, 40005, 20013, NULL, NULL, '2020-03-28 21:57:40', '2020-03-28 21:57:40', NULL),
(1318, NULL, NULL, NULL, '이주민', NULL, 'M', NULL, NULL, NULL, '613-265-1902', NULL, NULL, NULL, 1, 60145, 70009, 80001, 10001, 40005, 20013, NULL, NULL, '2020-03-28 21:57:48', '2020-04-08 17:07:55', NULL),
(1319, NULL, NULL, NULL, '황예나', NULL, 'M', NULL, NULL, NULL, NULL, NULL, NULL, NULL, 0, 60145, 70009, 80001, 10001, 40005, 20013, NULL, NULL, '2020-03-28 22:13:02', '2020-03-28 22:13:02', NULL),
(1320, NULL, NULL, NULL, '고혜영', NULL, 'M', NULL, NULL, NULL, '613-981-8134', NULL, NULL, NULL, 0, 60145, 70009, 80001, 10001, 40005, 20013, NULL, NULL, '2020-03-28 22:13:11', '2020-04-14 23:48:46', NULL),
(1321, NULL, NULL, NULL, '황하민', NULL, 'M', NULL, NULL, NULL, NULL, NULL, NULL, NULL, 0, 60145, 70009, 80001, 10001, 40005, 20013, NULL, NULL, '2020-03-28 22:13:19', '2020-04-03 01:16:42', 'Youth'),
(1322, NULL, NULL, NULL, '최혜실', NULL, 'M', NULL, NULL, NULL, '613-315-1813', NULL, NULL, NULL, 0, 60145, 70009, 80001, 10001, 40005, 20013, NULL, NULL, '2020-03-28 22:17:04', '2020-04-06 18:48:40', NULL),
(1323, NULL, NULL, NULL, '조하담', NULL, 'M', NULL, NULL, NULL, NULL, NULL, NULL, NULL, 0, 60145, 70009, 80001, 10001, 40005, 20013, NULL, NULL, '2020-03-28 22:17:12', '2020-03-28 22:17:12', NULL),
(1324, 'Justin', NULL, 'Cho', '조한결', '2005-08-20', 'M', NULL, NULL, NULL, NULL, NULL, NULL, NULL, 0, 60145, 70009, 80001, 10001, 40005, 20013, NULL, NULL, '2020-03-28 22:17:19', '2020-04-03 01:17:14', NULL),
(1325, '에이블린', NULL, '페이시', '에이블린 페이시', NULL, 'M', NULL, NULL, NULL, NULL, NULL, NULL, NULL, 0, 60145, 70009, 80001, 10001, 40005, 20013, NULL, NULL, '2020-03-28 22:18:49', '2020-03-28 22:18:49', NULL),
(1326, NULL, NULL, NULL, '김리나', NULL, 'M', NULL, NULL, NULL, NULL, NULL, NULL, NULL, 0, 60145, 70009, 80001, 10001, 40005, 20013, NULL, NULL, '2020-03-28 22:19:49', '2020-03-28 22:19:49', NULL),
(1327, NULL, NULL, NULL, '오재원', NULL, 'M', NULL, NULL, NULL, NULL, NULL, NULL, NULL, 0, 60145, 70009, 80001, 10001, 40005, 20013, NULL, NULL, '2020-03-28 22:20:43', '2020-03-28 22:20:43', NULL),
(1328, NULL, NULL, NULL, '김아영', NULL, 'M', NULL, NULL, NULL, NULL, NULL, NULL, NULL, 0, 60145, 70009, 80001, 10001, 40005, 20013, NULL, NULL, '2020-03-28 22:22:19', '2020-03-28 22:22:19', NULL),
(1329, NULL, NULL, NULL, '이요엘', NULL, 'M', NULL, NULL, NULL, NULL, NULL, NULL, NULL, 0, 60145, 70009, 80001, 10001, 40005, 20013, NULL, NULL, '2020-03-29 06:05:13', '2020-03-29 06:05:13', NULL),
(1330, NULL, NULL, NULL, '이튼챈', NULL, 'M', NULL, NULL, NULL, NULL, NULL, NULL, NULL, 0, 60145, 70009, 80001, 10001, 40005, 20013, NULL, NULL, '2020-03-29 06:07:41', '2020-03-29 06:07:41', NULL),
(1331, NULL, NULL, NULL, '안수호', NULL, 'M', NULL, NULL, NULL, NULL, NULL, NULL, NULL, 0, 60145, 70009, 80001, 10001, 40005, 20013, NULL, NULL, '2020-03-29 06:09:13', '2020-03-29 06:09:13', NULL),
(1332, NULL, NULL, NULL, '정시형', NULL, 'M', NULL, NULL, NULL, NULL, NULL, NULL, NULL, 0, 60145, 70009, 80001, 10001, 40005, 20013, NULL, NULL, '2020-03-29 06:14:19', '2020-03-29 06:14:19', NULL),
(1333, NULL, NULL, NULL, '이원규', NULL, 'M', NULL, NULL, NULL, NULL, NULL, NULL, NULL, 0, 60145, 70009, 80001, 10001, 40005, 20013, NULL, NULL, '2020-03-29 06:17:44', '2020-03-29 06:18:36', NULL),
(1334, NULL, NULL, NULL, '서주원', NULL, 'M', NULL, NULL, NULL, NULL, NULL, NULL, NULL, 0, 60145, 70009, 80001, 10001, 40005, 20013, NULL, NULL, '2020-03-29 06:24:46', '2020-03-29 06:24:46', NULL),
(1335, NULL, NULL, NULL, '서영권', NULL, 'M', NULL, NULL, NULL, '613-519-1414', NULL, NULL, NULL, 0, 60145, 70009, 80001, 10001, 40005, 20013, NULL, NULL, '2020-03-29 06:24:56', '2020-04-07 18:40:21', NULL),
(1336, NULL, NULL, NULL, '최건우', NULL, 'M', NULL, NULL, NULL, NULL, NULL, NULL, NULL, 0, 60145, 70009, 80001, 10001, 40005, 20013, NULL, NULL, '2020-03-29 06:26:35', '2020-03-29 06:27:11', '필로이, 박진영(홈스테이)'),
(1337, NULL, NULL, NULL, '남근우', NULL, 'M', NULL, NULL, NULL, '613-600-3023', NULL, NULL, NULL, 1, 60145, 70009, 80001, 10001, 40005, 20013, NULL, NULL, '2020-03-29 06:27:40', '2020-04-07 22:37:02', NULL),
(1338, NULL, NULL, NULL, '이성화', NULL, 'M', NULL, NULL, NULL, '613-867-5082', NULL, NULL, NULL, 0, 60145, 70009, 80001, 10001, 40005, 20013, NULL, NULL, '2020-03-29 06:27:49', '2020-04-07 22:37:20', NULL),
(1339, NULL, NULL, NULL, '남기준', NULL, 'M', NULL, NULL, NULL, NULL, NULL, NULL, NULL, 0, 60145, 70009, 80001, 10001, 40005, 20013, NULL, NULL, '2020-03-29 06:28:10', '2020-03-29 06:28:10', NULL),
(1340, NULL, NULL, NULL, '남기찬', NULL, 'M', NULL, NULL, NULL, NULL, NULL, NULL, NULL, 0, 60145, 70009, 80001, 10001, 40005, 20013, NULL, NULL, '2020-03-29 06:28:21', '2020-03-29 06:28:21', NULL),
(1341, '이니스', NULL, '페이시', '이니스 페이시', NULL, 'M', NULL, NULL, NULL, NULL, NULL, NULL, NULL, 0, 60145, 70009, 80001, 10001, 40005, 20013, NULL, NULL, '2020-03-29 06:30:07', '2020-03-29 06:30:07', NULL),
(1342, NULL, NULL, NULL, '류희수', NULL, 'M', NULL, NULL, NULL, NULL, NULL, NULL, NULL, 0, 60145, 70009, 80001, 10001, 40005, 20013, NULL, NULL, '2020-03-29 06:33:53', '2020-03-29 06:33:53', NULL),
(1343, 'Steve', NULL, 'Ryu', 'Steve Ryu', NULL, 'M', NULL, NULL, NULL, NULL, NULL, NULL, NULL, 1, 60145, 70009, 80001, 10001, 40005, 20013, NULL, NULL, '2020-03-29 06:34:11', '2020-03-29 06:34:11', NULL),
(1344, 'Claire', NULL, 'Yoon', 'Claire Yoon', NULL, 'M', NULL, NULL, NULL, NULL, NULL, NULL, NULL, 0, 60145, 70009, 80001, 10001, 40005, 20013, NULL, NULL, '2020-03-29 06:34:35', '2020-03-29 06:34:35', NULL),
(1345, NULL, NULL, NULL, '안효신', NULL, 'M', NULL, NULL, NULL, NULL, NULL, NULL, NULL, 0, 60145, 70009, 80001, 10001, 40005, 20013, NULL, NULL, '2020-03-29 06:35:35', '2020-03-29 06:35:35', NULL),
(1346, NULL, NULL, NULL, '이다니엘', NULL, 'M', NULL, NULL, NULL, NULL, NULL, NULL, NULL, 0, 60145, 70009, 80001, 10001, 40005, 20013, NULL, NULL, '2020-03-29 06:36:10', '2020-03-29 06:36:10', NULL),
(1347, NULL, NULL, NULL, '최윤서', NULL, 'M', NULL, NULL, NULL, NULL, NULL, NULL, NULL, 0, 60145, 70009, 80001, 10001, 40005, 20013, NULL, NULL, '2020-03-29 06:37:36', '2020-03-29 06:37:36', NULL),
(1348, NULL, NULL, NULL, '최인훈', NULL, 'M', NULL, '613-298-9137', NULL, NULL, NULL, NULL, NULL, 0, 60145, 70009, 80001, 10001, 40005, 20013, NULL, NULL, '2020-03-29 06:37:49', '2020-04-14 17:34:43', NULL),
(1349, 'Nathan', NULL, 'Kim', '김원진', '2007-07-26', 'M', NULL, NULL, NULL, NULL, NULL, NULL, NULL, 0, 60145, 70009, 80001, 10001, 40005, 20013, NULL, NULL, '2020-04-02 18:45:16', '2020-04-02 18:45:16', 'Youth'),
(1350, 'Elijah', NULL, 'Nam', '남기범', '2007-03-10', 'M', NULL, NULL, NULL, NULL, NULL, NULL, NULL, 0, 60145, 70009, 80001, 10001, 40005, 20013, NULL, NULL, '2020-04-02 21:17:42', '2020-04-02 21:17:42', 'Youth'),
(1351, 'Yoon', NULL, 'Bae', '배윤', '2007-09-21', 'M', NULL, NULL, NULL, NULL, NULL, NULL, NULL, 0, 60145, 70009, 80001, 10001, 40005, 20013, NULL, NULL, '2020-04-02 21:18:49', '2020-04-02 21:18:49', 'Youth'),
(1352, 'Yuna', NULL, 'Kim', '김유나', '2007-07-23', 'M', NULL, NULL, NULL, NULL, NULL, NULL, NULL, 0, 60145, 70009, 80001, 10001, 40005, 20013, NULL, NULL, '2020-04-02 21:19:34', '2020-04-02 21:19:34', 'Youth'),
(1353, 'Jaemin', NULL, 'Kim', '김재민', '2007-06-16', 'M', NULL, NULL, NULL, NULL, NULL, NULL, NULL, 0, 60145, 70009, 80001, 10001, 40005, 20013, NULL, NULL, '2020-04-03 01:04:14', '2020-04-03 01:04:14', 'Youth'),
(1354, NULL, NULL, NULL, '정진희', NULL, 'M', 'jinheejc.chung@gmail.com', '613-866-0217', NULL, NULL, NULL, NULL, NULL, 1, 60145, 70009, 80001, 10001, 40005, 20013, NULL, NULL, '2020-04-03 01:05:04', '2020-04-03 01:05:04', NULL),
(1355, 'Joshua', NULL, 'Kim', '김승주', '2006-11-03', 'M', NULL, '613-866-0217', NULL, NULL, NULL, NULL, NULL, 0, 60145, 70009, 80001, 10001, 40005, 20013, NULL, NULL, '2020-04-03 01:05:52', '2020-04-03 01:06:37', 'Youth'),
(1356, 'Luke', NULL, 'Noh', '노진수', '2006-09-02', 'M', NULL, '613-261-0234', NULL, NULL, '255 Highpointe Crescent', NULL, NULL, 0, 60145, 70009, 80001, 10001, 40005, 20013, NULL, NULL, '2020-04-03 01:09:12', '2020-04-03 01:09:12', NULL),
(1357, 'Gwankyu', NULL, 'Lee', '이관규', '2006-12-14', 'M', NULL, '343-998-4754', NULL, NULL, '452 Brettonwood Ridge., Ottawa, On k2T 0L1', 'K2T0L1', NULL, 0, 60145, 70009, 80001, 10001, 40005, 20013, NULL, NULL, '2020-04-03 01:13:55', '2020-04-03 01:14:53', NULL),
(1358, NULL, NULL, NULL, '강수아', NULL, 'M', NULL, NULL, NULL, NULL, NULL, NULL, NULL, 0, 60145, 70009, 80001, 10001, 40005, 20013, NULL, NULL, '2020-04-03 01:16:22', '2020-04-03 01:16:22', 'Youth'),
(1359, NULL, NULL, NULL, '고준', NULL, 'M', NULL, NULL, NULL, NULL, NULL, NULL, NULL, 0, 60145, 70009, 80001, 10001, 40005, 20013, NULL, NULL, '2020-04-03 05:08:23', '2020-04-03 05:08:23', 'Youth'),
(1360, NULL, NULL, NULL, '임세빈', NULL, 'M', NULL, NULL, NULL, NULL, NULL, NULL, NULL, 0, 60145, 70009, 80001, 10001, 40005, 20013, NULL, NULL, '2020-04-03 05:08:37', '2020-04-03 05:08:37', 'Youth'),
(1361, NULL, NULL, NULL, '김지우', NULL, 'M', NULL, NULL, NULL, NULL, NULL, NULL, NULL, 0, 60145, 70009, 80001, 10001, 40005, 20013, NULL, NULL, '2020-04-03 05:08:49', '2020-04-03 05:08:49', 'Youth'),
(1362, NULL, NULL, NULL, '김유림', NULL, 'M', NULL, NULL, NULL, NULL, NULL, NULL, NULL, 0, 60145, 70009, 80001, 10001, 40005, 20013, NULL, NULL, '2020-04-03 05:09:37', '2020-04-03 05:09:37', 'Youth'),
(1363, NULL, NULL, NULL, '전죠엔', NULL, 'M', NULL, NULL, NULL, NULL, NULL, NULL, NULL, 0, 60145, 70009, 80001, 10001, 40005, 20013, NULL, NULL, '2020-04-03 05:10:23', '2020-04-03 05:10:23', 'Youth'),
(1364, NULL, NULL, NULL, '이태환', NULL, 'M', NULL, NULL, NULL, NULL, NULL, NULL, NULL, 0, 60145, 70009, 80001, 10001, 40005, 20013, NULL, NULL, '2020-04-03 05:10:50', '2020-04-03 05:10:50', 'Youth'),
(1365, NULL, NULL, NULL, '임동근', NULL, 'M', NULL, NULL, NULL, NULL, NULL, NULL, NULL, 0, 60145, 70009, 80001, 10001, 40005, 20013, NULL, NULL, '2020-04-03 05:11:01', '2020-04-03 05:11:01', 'Youth'),
(1366, NULL, NULL, NULL, '고현', NULL, 'M', NULL, NULL, NULL, NULL, NULL, NULL, NULL, 0, 60145, 70009, 80001, 10001, 40005, 20013, NULL, NULL, '2020-04-03 05:11:13', '2020-04-03 05:11:13', 'Youth'),
(1367, NULL, NULL, NULL, '용수연', NULL, 'M', NULL, NULL, NULL, NULL, NULL, NULL, NULL, 0, 60145, 70009, 80001, 10001, 40005, 20013, NULL, NULL, '2020-04-03 05:13:55', '2020-04-03 05:13:55', 'Youth'),
(1368, NULL, NULL, NULL, '김예솔', NULL, 'M', NULL, NULL, NULL, NULL, NULL, NULL, NULL, 0, 60145, 70009, 80001, 10001, 40005, 20013, NULL, NULL, '2020-04-03 05:14:11', '2020-04-03 05:14:11', 'Youth'),
(1369, NULL, NULL, NULL, '전요셉', NULL, 'M', NULL, NULL, NULL, NULL, NULL, NULL, NULL, 0, 60145, 70009, 80001, 10001, 40005, 20013, NULL, NULL, '2020-04-03 05:14:28', '2020-04-03 05:14:28', 'Youth'),
(1370, NULL, NULL, NULL, '이승재', NULL, 'M', NULL, NULL, NULL, NULL, NULL, NULL, NULL, 0, 60145, 70009, 80001, 10001, 40005, 20013, NULL, NULL, '2020-04-03 05:14:50', '2020-04-03 05:14:50', 'Youth'),
(1371, NULL, NULL, NULL, '전누가', NULL, 'M', NULL, NULL, NULL, NULL, NULL, NULL, NULL, 0, 60145, 70009, 80001, 10001, 40005, 20013, NULL, NULL, '2020-04-03 05:19:29', '2020-04-03 05:19:29', 'Youth'),
(1372, NULL, NULL, NULL, '서재원', NULL, 'M', NULL, NULL, NULL, NULL, NULL, NULL, NULL, 0, 60145, 70009, 80001, 10001, 40005, 20013, NULL, NULL, '2020-04-03 05:20:44', '2020-04-03 05:20:44', 'Youth'),
(1373, NULL, NULL, NULL, '임아린', NULL, 'M', NULL, NULL, NULL, NULL, NULL, NULL, NULL, 0, 60145, 70009, 80001, 10001, 40005, 20013, NULL, NULL, '2020-04-03 05:20:54', '2020-04-03 05:20:54', 'Youth'),
(1374, NULL, NULL, NULL, '이채현', NULL, 'M', NULL, NULL, NULL, NULL, NULL, NULL, NULL, 0, 60145, 70009, 80001, 10001, 40005, 20013, NULL, NULL, '2020-04-03 05:21:04', '2020-04-03 05:21:04', 'Youth'),
(1375, 'Sophia', NULL, 'Kim', '김다온', '2002-05-02', 'M', 'sophialove02@naver.com', '613-712-8659', NULL, NULL, '135 McLeod St.', NULL, NULL, 0, 60145, 70009, 80001, 10001, 40005, 20013, NULL, NULL, '2020-04-03 05:23:16', '2020-04-03 05:23:16', NULL),
(1376, 'Hosan', NULL, 'Chun', '천호산', '2002-11-17', 'M', NULL, NULL, NULL, NULL, NULL, NULL, NULL, 0, 60145, 70009, 80001, 10001, 40005, 20013, NULL, NULL, '2020-04-03 05:35:14', '2020-04-03 05:35:14', 'Youth'),
(1377, 'Joshua', NULL, 'Ahn', '안효인', '2002-04-07', 'M', 'joshahn@naver.com', '613-983-2631', NULL, NULL, '122A Lindenshade Dr.', NULL, NULL, 0, 60100, 70009, 80001, 10001, 40005, 20013, NULL, NULL, '2020-04-03 05:37:04', '2020-04-03 05:37:35', NULL),
(1378, 'Hannah', NULL, 'Vantour', '장해나', '2002-03-17', 'M', NULL, NULL, NULL, NULL, NULL, NULL, NULL, 0, 60145, 70009, 80001, 10001, 40005, 20013, NULL, NULL, '2020-04-03 05:39:02', '2020-04-03 05:39:02', 'Youth'),
(1379, 'Lisa', NULL, 'Lee', '이승희', NULL, 'M', NULL, NULL, NULL, NULL, NULL, NULL, NULL, 0, 60145, 70009, 80001, 10001, 40005, 20013, NULL, NULL, '2020-04-03 05:40:48', '2020-04-03 05:40:48', 'Youth'),
(1380, 'Amy', NULL, 'Kang', '강채현', '2004-08-05', 'M', NULL, '613-668-8266', NULL, NULL, '234 Rideau St.', NULL, NULL, 0, 60145, 70009, 80001, 10001, 40005, 20013, NULL, NULL, '2020-04-03 05:41:54', '2020-04-03 05:41:54', 'Youth'),
(1381, NULL, NULL, NULL, '윤은숙', NULL, 'M', NULL, NULL, NULL, NULL, NULL, NULL, NULL, 1, 60145, 70009, 80001, 10001, 40005, 20013, NULL, NULL, '2020-04-03 05:42:13', '2020-04-03 05:42:13', NULL),
(1382, NULL, NULL, NULL, '반선옥', NULL, 'M', NULL, NULL, NULL, '343-999-8622', NULL, NULL, NULL, 0, 60145, 70009, 80001, 10001, 40005, 20013, NULL, NULL, '2020-04-07 18:38:42', '2020-04-07 18:38:42', NULL),
(1383, NULL, NULL, NULL, '손재윤', NULL, 'M', NULL, NULL, NULL, '613-730-7555', NULL, NULL, NULL, 1, 60145, 70009, 80001, 10001, 40005, 20013, NULL, NULL, '2020-04-07 18:42:18', '2020-04-07 18:42:18', NULL),
(1384, 'Caroline', NULL, 'Sohn', 'Caroline Sohn', NULL, 'M', NULL, NULL, NULL, '613-299-6107', NULL, NULL, NULL, 0, 60145, 70009, 80001, 10001, 40005, 20013, NULL, NULL, '2020-04-07 18:42:51', '2020-04-07 18:42:51', NULL),
(1385, NULL, NULL, NULL, '하동수', NULL, 'M', NULL, '613-890-0762', NULL, NULL, '1518 Jasmine Cres, Ottawa ON', NULL, NULL, 0, 60145, 70009, 80001, 10001, 40005, 20013, NULL, NULL, '2020-04-07 18:44:04', '2020-04-07 18:44:38', NULL);
INSERT INTO `members` (`id`, `first_name`, `middle_name`, `last_name`, `kor_name`, `dob`, `gender`, `email`, `tel_home`, `tel_office`, `tel_cell`, `address`, `postal_code`, `photo`, `primary`, `city_id`, `province_id`, `country_id`, `status_id`, `level_id`, `duty_id`, `register_at`, `baptism_at`, `created_at`, `updated_at`, `comment`) VALUES
(1386, NULL, NULL, NULL, '안재일', NULL, 'M', NULL, NULL, NULL, '613-656-2505', '333 Foxridge Way, Ottawa, On K2J 0V7', 'K2J0V7', NULL, 0, 60145, 70009, 80001, 10001, 40005, 20013, NULL, NULL, '2020-04-07 18:45:39', '2020-04-07 18:45:39', NULL),
(1387, NULL, NULL, NULL, '이경은', NULL, 'M', NULL, NULL, NULL, '613-698-0349', NULL, NULL, NULL, 1, 60145, 70009, 80001, 10001, 40005, 20013, NULL, NULL, '2020-04-07 18:47:40', '2020-04-07 18:47:40', NULL),
(1388, NULL, NULL, NULL, '조정현', NULL, 'M', NULL, NULL, NULL, '613-698-0349', NULL, NULL, NULL, 0, 60145, 70009, 80001, 10001, 40005, 20013, NULL, NULL, '2020-04-07 18:48:00', '2020-04-07 18:48:00', NULL),
(1389, NULL, NULL, NULL, '서지원', NULL, 'M', NULL, NULL, NULL, '613-240-0034', '900 Dynes Rd , Ottawa, ON', NULL, NULL, 0, 60145, 70009, 80001, 10001, 40005, 20013, NULL, NULL, '2020-04-07 18:50:34', '2020-04-07 18:50:34', NULL),
(1390, NULL, NULL, NULL, '강성은', NULL, 'M', NULL, NULL, NULL, '647-390-1004', '#1106-530 laurier Ave. W. Ottawa K1R7T1', 'K1R7T1', NULL, 1, 60145, 70009, 80001, 10001, 40005, 20013, NULL, NULL, '2020-04-07 22:34:32', '2020-04-16 19:06:27', NULL),
(1391, NULL, NULL, NULL, '이승재', NULL, 'M', NULL, NULL, NULL, '647-390-1004', '#1106-530 laurier Ave. W. Ottawa K1R7T1', 'K1R7T1', NULL, 0, 60145, 70009, 80001, 10001, 40005, 20013, NULL, NULL, '2020-04-07 22:34:45', '2020-04-16 19:08:19', NULL),
(1392, NULL, NULL, NULL, '김종기', NULL, 'M', NULL, NULL, NULL, '343-777-8510', NULL, NULL, NULL, 1, 60145, 70009, 80001, 10001, 40005, 20013, NULL, NULL, '2020-04-07 22:36:14', '2020-04-07 22:36:14', NULL),
(1393, NULL, NULL, NULL, '김미경', NULL, 'M', NULL, NULL, NULL, '343-777-8510', NULL, NULL, NULL, 0, 60145, 70009, 80001, 10001, 40005, 20013, NULL, NULL, '2020-04-07 22:36:26', '2020-04-07 22:36:26', NULL),
(1394, NULL, NULL, NULL, '박동우', NULL, 'M', NULL, NULL, NULL, '613-266-6402', NULL, NULL, NULL, 1, 60145, 70009, 80001, 10001, 40005, 20013, NULL, NULL, '2020-04-07 22:38:04', '2020-04-07 22:38:04', NULL),
(1395, NULL, NULL, NULL, '문성희', NULL, 'M', NULL, NULL, NULL, '613-266-6402', NULL, NULL, NULL, 0, 60145, 70009, 80001, 10001, 40005, 20013, NULL, NULL, '2020-04-07 22:38:19', '2020-04-07 22:38:19', NULL),
(1396, NULL, NULL, NULL, '정수봉', NULL, 'M', NULL, '819-830-0063', NULL, NULL, NULL, NULL, NULL, 0, 60145, 70009, 80001, 10001, 40005, 20013, NULL, NULL, '2020-04-07 22:40:54', '2020-04-07 22:40:54', NULL),
(1397, 'Shane', NULL, 'Pacey', 'Shane Pacey', NULL, 'M', NULL, '613-836-5146', NULL, '613-415-6029', '30 Deer Moss Trail., Ottawa, On K2S 1C9', 'K2S1C9', NULL, 0, 60145, 70009, 80001, 10001, 40005, 20013, NULL, NULL, '2020-04-07 22:42:46', '2020-04-07 22:42:46', NULL),
(1398, NULL, NULL, NULL, '조용배', NULL, 'M', NULL, NULL, NULL, '613-282-1403', NULL, NULL, NULL, 1, 60145, 70009, 80001, 10001, 40005, 20013, NULL, NULL, '2020-04-07 22:44:41', '2020-04-07 22:44:41', NULL),
(1399, NULL, NULL, NULL, '조영은', NULL, 'M', NULL, NULL, NULL, '613-816-0337', NULL, NULL, NULL, 0, 60145, 70009, 80001, 10001, 40005, 20013, NULL, NULL, '2020-04-07 22:44:56', '2020-04-07 22:44:56', NULL),
(1400, NULL, NULL, NULL, '김춘금', NULL, 'M', NULL, NULL, NULL, '613-831-2873', NULL, NULL, NULL, 1, 60145, 70009, 80001, 10001, 40005, 20013, NULL, NULL, '2020-04-07 22:47:34', '2020-04-07 22:47:34', NULL),
(1401, NULL, NULL, NULL, '손기영', NULL, 'M', NULL, NULL, NULL, '613-792-1708', NULL, NULL, NULL, 1, 60145, 70009, 80001, 10001, 40005, 20013, NULL, NULL, '2020-04-07 22:48:43', '2020-04-07 22:48:43', NULL),
(1402, NULL, NULL, NULL, '김춘비', NULL, 'M', NULL, NULL, NULL, '613-792-1708', NULL, NULL, NULL, 0, 60145, 70009, 80001, 10001, 40005, 20013, NULL, NULL, '2020-04-07 22:48:54', '2020-04-07 22:48:54', NULL),
(1403, NULL, NULL, NULL, '이응주', NULL, 'M', NULL, NULL, NULL, '613-422-5072', NULL, NULL, NULL, 1, 60145, 70009, 80001, 10001, 40005, 20013, NULL, NULL, '2020-04-07 22:51:18', '2020-04-07 22:51:18', NULL),
(1404, NULL, NULL, NULL, '이규희', NULL, 'M', NULL, NULL, NULL, '613-491-5027', NULL, NULL, NULL, 0, 60145, 70009, 80001, 10001, 40005, 20013, NULL, NULL, '2020-04-07 22:51:34', '2020-04-07 22:51:34', NULL),
(1405, NULL, NULL, NULL, '이월섬', NULL, 'M', NULL, NULL, NULL, '613-262-3557', NULL, NULL, NULL, 1, 60145, 70009, 80001, 10001, 40005, 20013, NULL, NULL, '2020-04-07 22:52:30', '2020-04-07 22:52:30', NULL),
(1406, NULL, NULL, NULL, '김주희', NULL, 'M', NULL, '613-823-5404', NULL, NULL, '65 Portman Cres., Ottawa, ON, K2G 7B8', 'K2G7B8', NULL, 0, 60145, 70009, 80001, 10001, 40005, 20013, NULL, NULL, '2020-04-07 22:59:32', '2020-04-07 22:59:32', '이충휘 모'),
(1407, 'Willian', NULL, 'Kern', 'Willian Kern', NULL, 'M', NULL, NULL, NULL, '613-824-9979', '109 Saphir Ave., Ottawa, On K4B 1J9', 'K4B1J9', NULL, 0, 60145, 70009, 80001, 10001, 40005, 20013, NULL, NULL, '2020-04-07 23:03:00', '2020-04-07 23:03:00', NULL),
(1408, 'Todd', NULL, 'Lavigne', 'Todd Lavigne', NULL, 'M', NULL, '613-422-7734', NULL, NULL, '6 Cheswick Place., Ottawa, On K2G 5S7', 'K2G5S7', NULL, 0, 60145, 70009, 80001, 10001, 40005, 20013, NULL, NULL, '2020-04-08 17:04:48', '2020-04-08 17:04:48', NULL),
(1409, NULL, NULL, NULL, '심지훈', NULL, 'M', NULL, NULL, NULL, '613-265-1902', NULL, NULL, NULL, 0, 60145, 70009, 80001, 10001, 40005, 20013, NULL, NULL, '2020-04-08 17:08:09', '2020-04-08 17:08:09', NULL),
(1410, NULL, NULL, NULL, '오한나', NULL, 'M', NULL, '613-978-0715', NULL, NULL, NULL, NULL, NULL, 0, 60145, 70009, 80001, 10001, 40005, 20013, NULL, NULL, '2020-04-08 17:10:33', '2020-04-08 17:10:33', NULL),
(1411, NULL, NULL, NULL, '하현숙', NULL, 'M', NULL, NULL, NULL, '613-808-4685', NULL, NULL, NULL, 1, 60145, 70009, 80001, 10001, 40005, 20013, NULL, NULL, '2020-04-08 17:11:22', '2020-04-08 17:11:22', NULL),
(1412, 'Brian', NULL, NULL, 'Brian', NULL, 'M', NULL, NULL, NULL, '613-808-4685', NULL, NULL, NULL, 0, 60145, 70009, 80001, 10001, 40005, 20013, NULL, NULL, '2020-04-08 17:11:38', '2020-04-08 17:11:38', NULL),
(1413, NULL, NULL, NULL, '정성한', NULL, 'M', NULL, NULL, NULL, '613-800-1094', NULL, NULL, NULL, 1, 60145, 70009, 80001, 10001, 40005, 20013, NULL, NULL, '2020-04-08 17:12:22', '2020-04-08 17:12:22', NULL),
(1414, NULL, NULL, NULL, '권선희', NULL, 'M', NULL, NULL, NULL, '204-430-3570', NULL, NULL, NULL, 1, 60145, 70009, 80001, 10001, 40005, 20013, NULL, NULL, '2020-04-08 17:18:22', '2020-04-08 17:18:22', NULL),
(1415, NULL, NULL, NULL, '김홍석', NULL, 'M', NULL, '613-592-5449', NULL, NULL, '21 Oakham Ridge, Kanata, ON, K2K 3B3', 'K2K3B3', NULL, 0, 60145, 70009, 80001, 10001, 40005, 20013, NULL, NULL, '2020-04-08 17:19:04', '2020-04-08 17:19:04', NULL),
(1416, 'Listen', NULL, 'Mundt', 'Listen Mundt', NULL, 'M', NULL, '613-415-8942', NULL, NULL, '2719 Kelly  K2B 7V2', 'K2B7V2', NULL, 0, 60145, 70009, 80001, 10001, 40005, 20013, NULL, NULL, '2020-04-08 17:24:15', '2020-04-08 17:24:15', NULL),
(1417, NULL, NULL, NULL, '민준식', NULL, 'M', NULL, '613-262-8124', NULL, NULL, '808-20 Deerfield Dr. Nepean, ON K2G 4L2', 'K2G4L2', NULL, 0, 60145, 70009, 80001, 10001, 40005, 20013, NULL, NULL, '2020-04-09 18:40:18', '2020-04-09 18:40:18', NULL),
(1418, NULL, NULL, NULL, '이정태', NULL, 'M', NULL, '343-998-4754', NULL, NULL, '452 Brettonwood Ridge., Ottawa, On k2T 0L1', 'K2T0L1', NULL, 0, 60145, 70009, 80001, 10001, 40005, 20013, NULL, NULL, '2020-04-09 18:42:22', '2020-04-09 18:42:22', NULL),
(1419, NULL, NULL, NULL, '권영민', NULL, 'M', NULL, NULL, NULL, '613-854-3740', NULL, NULL, NULL, 1, 60145, 70009, 80001, 10001, 40005, 20013, NULL, NULL, '2020-04-09 18:46:06', '2020-04-09 18:46:06', NULL),
(1420, NULL, NULL, NULL, '이희진', NULL, 'M', NULL, NULL, NULL, '613-979-7550', NULL, NULL, NULL, 0, 60145, 70009, 80001, 10001, 40005, 20013, NULL, NULL, '2020-04-09 18:46:19', '2020-04-09 18:46:19', NULL),
(1421, 'Robert', NULL, 'Kim', '김대승', NULL, 'M', NULL, NULL, NULL, '613-262-3925', NULL, NULL, NULL, 0, 60145, 70009, 80001, 10001, 40005, 20013, NULL, NULL, '2020-04-09 18:47:07', '2020-04-16 18:17:00', 'Mosaic'),
(1423, NULL, NULL, NULL, '류은규', NULL, 'M', NULL, NULL, NULL, '613-440-1041', NULL, NULL, NULL, 1, 60145, 70009, 80001, 10001, 40005, 20013, NULL, NULL, '2020-04-09 18:53:09', '2020-04-09 18:53:09', NULL),
(1424, NULL, NULL, NULL, '윤선명', NULL, 'M', NULL, NULL, NULL, '613-863-6906', NULL, NULL, NULL, 0, 60145, 70009, 80001, 10001, 40005, 20013, NULL, NULL, '2020-04-09 18:53:25', '2020-04-09 18:53:25', NULL),
(1425, 'Guy', NULL, 'Fortier', 'Guy Fortier', NULL, 'M', NULL, '819-243-3839', NULL, '819-208-1068', '28 Rue Ratier, Gatin J8V 2K2', 'J8V2K2', NULL, 0, 60182, 70011, 80001, 10001, 40005, 20013, NULL, NULL, '2020-04-09 18:55:50', '2020-04-09 18:55:50', NULL),
(1426, NULL, NULL, NULL, '송은용', NULL, 'M', NULL, NULL, NULL, NULL, NULL, NULL, NULL, 1, 60145, 70009, 80001, 10001, 40005, 20013, NULL, NULL, '2020-04-09 18:56:46', '2020-04-09 18:58:46', NULL),
(1427, 'Michael', NULL, 'Pilote', 'Michael Pilote', NULL, 'M', NULL, NULL, NULL, NULL, NULL, NULL, NULL, 0, 60145, 70009, 80001, 10001, 40005, 20013, NULL, NULL, '2020-04-09 18:57:20', '2020-04-09 18:57:20', NULL),
(1428, NULL, NULL, NULL, '곽정희', NULL, 'M', NULL, '613-286-9319', NULL, NULL, '40 Saint Helen\'s Place., Ottawa On K2G', 'K2G', NULL, 0, 60145, 70009, 80001, 10001, 40005, 20013, NULL, NULL, '2020-04-09 19:00:54', '2020-04-09 19:00:54', NULL),
(1429, NULL, NULL, NULL, '양성국', NULL, 'M', NULL, '613-592-7721', NULL, NULL, '32 Slade Cres., Kanata, ON, K2K 2L1', 'K2K2L1', NULL, 0, 60145, 70009, 80001, 10001, 40005, 20013, NULL, NULL, '2020-04-09 19:01:56', '2020-04-09 19:01:56', NULL),
(1430, NULL, NULL, NULL, '오경환', NULL, 'M', NULL, NULL, NULL, '613-851-0750', NULL, NULL, NULL, 1, 60145, 70009, 80001, 10001, 40005, 20013, NULL, NULL, '2020-04-09 19:04:16', '2020-04-09 19:04:16', NULL),
(1431, NULL, NULL, NULL, '이현숙', NULL, 'M', NULL, NULL, NULL, '613-851-0750', NULL, NULL, NULL, 0, 60145, 70009, 80001, 10001, 40005, 20013, NULL, NULL, '2020-04-09 19:04:31', '2020-04-09 19:04:31', NULL),
(1432, NULL, NULL, NULL, '하은아', NULL, 'M', NULL, NULL, NULL, '613-818-9781', NULL, NULL, NULL, 1, 60145, 70009, 80001, 10001, 40005, 20013, NULL, NULL, '2020-04-09 19:06:12', '2020-04-09 19:06:12', NULL),
(1433, NULL, NULL, NULL, '김양주', NULL, 'M', NULL, NULL, NULL, '613-716-9681', NULL, NULL, NULL, 1, 60145, 70009, 80001, 10001, 40005, 20013, NULL, NULL, '2020-04-13 17:41:05', '2020-04-13 17:41:05', NULL),
(1434, NULL, NULL, NULL, '김연희', NULL, 'M', NULL, NULL, NULL, '613-220-9166', NULL, NULL, NULL, 1, 60145, 70009, 80001, 10001, 40005, 20013, NULL, NULL, '2020-04-13 17:41:29', '2020-04-13 17:41:29', NULL),
(1435, NULL, NULL, NULL, '장수민', NULL, 'M', NULL, '613-702-1202', NULL, '613-981-2808', NULL, NULL, NULL, 1, 60145, 70009, 80001, 10001, 40005, 20013, NULL, NULL, '2020-04-13 17:47:50', '2020-04-13 17:47:50', NULL),
(1436, NULL, NULL, NULL, '장소영', NULL, 'M', NULL, '613-702-1202', NULL, '613-981-2808', NULL, NULL, NULL, 0, 60145, 70009, 80001, 10001, 40005, 20013, NULL, NULL, '2020-04-13 17:48:17', '2020-04-13 17:48:17', NULL),
(1437, NULL, NULL, NULL, '박준규', NULL, 'M', NULL, '613-852-5314', NULL, NULL, '185 Lyon St Unit 702., Ottawa, On K1R 5W4', 'K1R5W4', NULL, 0, 60145, 70009, 80001, 10001, 40005, 20013, NULL, NULL, '2020-04-13 17:52:25', '2020-04-13 17:52:25', NULL),
(1438, NULL, NULL, NULL, '김대현', NULL, 'M', NULL, '613-712-8659', NULL, NULL, '135 Mcleod St., Ottaw, On', NULL, NULL, 0, 60145, 70009, 80001, 10001, 40005, 20013, NULL, NULL, '2020-04-13 17:54:39', '2020-04-13 17:54:39', NULL),
(1439, NULL, NULL, NULL, '함경수', NULL, 'M', NULL, '613-866-6295', NULL, NULL, NULL, NULL, NULL, 1, 60145, 70009, 80001, 10001, 40005, 20013, NULL, NULL, '2020-04-13 17:56:48', '2020-04-13 17:56:48', NULL),
(1440, NULL, NULL, NULL, '홍연지', NULL, 'M', NULL, '613-866-6295', NULL, NULL, NULL, NULL, NULL, 0, 60145, 70009, 80001, 10001, 40005, 20013, NULL, NULL, '2020-04-13 17:56:57', '2020-04-13 17:56:57', NULL),
(1441, NULL, NULL, NULL, '고영봉', NULL, 'M', NULL, NULL, NULL, '613-796-8271', NULL, NULL, NULL, 1, 60145, 70009, 80001, 10001, 40005, 20013, NULL, NULL, '2020-04-14 05:41:00', '2020-04-14 05:41:00', NULL),
(1442, NULL, NULL, NULL, '장미경', NULL, 'M', NULL, NULL, NULL, '613-796-8271', NULL, NULL, NULL, 0, 60145, 70009, 80001, 10001, 40005, 20013, NULL, NULL, '2020-04-14 05:41:12', '2020-04-14 05:41:12', NULL),
(1443, NULL, NULL, NULL, '이리안', NULL, 'M', NULL, '250-589-7760', NULL, NULL, NULL, NULL, NULL, 1, 60145, 70009, 80001, 10001, 40005, 20013, NULL, NULL, '2020-04-14 05:44:17', '2020-04-14 05:44:17', NULL),
(1444, NULL, NULL, NULL, '이종국', NULL, 'M', NULL, '250-589-7760', NULL, NULL, NULL, NULL, NULL, 0, 60145, 70009, 80001, 10001, 40005, 20013, NULL, NULL, '2020-04-14 05:44:28', '2020-04-14 05:44:28', NULL),
(1445, NULL, NULL, NULL, '김재헌', NULL, 'M', NULL, '819-328-0256', NULL, NULL, '2840 Grand Canal St. nepean ON K2J 6E4', 'K2J6E4', NULL, 0, 60145, 70009, 80001, 10001, 40005, 20013, NULL, NULL, '2020-04-14 05:47:05', '2020-04-14 05:47:05', NULL),
(1446, NULL, NULL, NULL, '한정수', NULL, 'M', NULL, '613-252-3488', NULL, NULL, '710 Triton Pl Ottawa, On, k2J 0Z3', 'k2J0Z3', NULL, 0, 60145, 70009, 80001, 10001, 40005, 20013, NULL, NULL, '2020-04-14 05:48:35', '2020-04-14 05:48:35', NULL),
(1447, NULL, NULL, NULL, '김재학', NULL, 'M', NULL, '613-869-2032', NULL, '613-857-2032', NULL, NULL, NULL, 1, 60145, 70009, 80001, 10001, 40005, 20013, NULL, NULL, '2020-04-14 05:53:17', '2020-04-14 05:53:17', NULL),
(1448, NULL, NULL, NULL, '김현혜', NULL, 'M', NULL, '613-869-2032', NULL, '613-857-2032', NULL, NULL, NULL, 0, 60145, 70009, 80001, 10001, 40005, 20013, NULL, NULL, '2020-04-14 05:53:35', '2020-04-14 05:53:35', NULL),
(1449, NULL, NULL, NULL, '양성희', NULL, 'M', NULL, NULL, NULL, '613-292-1320', NULL, NULL, NULL, 1, 60145, 70009, 80001, 10001, 40005, 20013, NULL, NULL, '2020-04-14 05:55:01', '2020-04-14 05:55:01', NULL),
(1450, NULL, NULL, NULL, '이영애', NULL, 'M', NULL, NULL, NULL, '613-793-1677', NULL, NULL, NULL, 1, 60145, 70009, 80001, 10001, 40005, 20013, NULL, NULL, '2020-04-14 05:55:50', '2020-04-14 05:55:50', NULL),
(1451, NULL, NULL, NULL, '이정희', NULL, 'M', NULL, NULL, NULL, '613-710-7369', NULL, NULL, NULL, 1, 60145, 70009, 80001, 10001, 40005, 20013, NULL, NULL, '2020-04-14 05:56:37', '2020-04-14 05:56:37', NULL),
(1452, NULL, NULL, NULL, '황인정', NULL, 'M', NULL, NULL, NULL, '613-325-3601', NULL, NULL, NULL, 1, 60145, 70009, 80001, 10001, 40005, 20013, NULL, NULL, '2020-04-14 05:57:55', '2020-04-14 05:57:55', NULL),
(1453, NULL, NULL, NULL, '신성룡', NULL, 'M', NULL, '343-996-7973', NULL, '613-355-8533', NULL, NULL, NULL, 0, 60145, 70009, 80001, 10001, 40005, 20013, NULL, NULL, '2020-04-14 17:36:00', '2020-04-14 17:36:00', NULL),
(1454, NULL, NULL, NULL, '공진주', NULL, 'M', NULL, '506-476-6928', NULL, NULL, '48-353 Mcarthur Ave', NULL, NULL, 0, 60145, 70009, 80001, 10001, 40005, 20013, NULL, NULL, '2020-04-14 17:37:38', '2020-04-14 17:37:38', NULL),
(1455, NULL, NULL, NULL, '박종경', NULL, 'M', NULL, '343-999-9053', NULL, NULL, NULL, NULL, NULL, 1, 60145, 70009, 80001, 10001, 40005, 20013, NULL, NULL, '2020-04-14 23:44:41', '2020-04-14 23:44:41', NULL),
(1456, NULL, NULL, NULL, '천윤심', NULL, 'M', NULL, '343-999-9053', NULL, NULL, NULL, NULL, NULL, 0, 60145, 70009, 80001, 10001, 40005, 20013, NULL, NULL, '2020-04-14 23:44:51', '2020-04-14 23:44:51', NULL),
(1457, NULL, NULL, NULL, '안혜숙', NULL, 'M', NULL, '613-600-4854', NULL, NULL, NULL, NULL, NULL, 1, 60145, 70009, 80001, 10001, 40005, 20013, NULL, NULL, '2020-04-14 23:45:37', '2020-04-14 23:45:37', NULL),
(1458, NULL, NULL, NULL, '최영안', NULL, 'M', NULL, '613-600-4854', NULL, NULL, NULL, NULL, NULL, 0, 60145, 70009, 80001, 10001, 40005, 20013, NULL, NULL, '2020-04-14 23:45:47', '2020-04-14 23:45:47', NULL),
(1459, NULL, NULL, NULL, '이종원', NULL, 'M', NULL, '613-521-0128', NULL, NULL, NULL, NULL, NULL, 1, 60145, 70009, 80001, 10001, 40005, 20013, NULL, NULL, '2020-04-14 23:47:03', '2020-04-14 23:47:03', NULL),
(1460, NULL, NULL, NULL, '김창형', NULL, 'M', NULL, '343-262-0313', NULL, NULL, '2323 Roger Stevens Dr., North Gower, On K0A 2T0', 'K0A2T0', NULL, 0, 60205, 70009, 80001, 10001, 40005, 20013, NULL, NULL, '2020-04-14 23:54:31', '2020-04-14 23:54:31', NULL),
(1461, NULL, NULL, NULL, '김명선', NULL, 'M', NULL, '613-581-2074', NULL, NULL, NULL, NULL, NULL, 1, 60145, 70009, 80001, 10001, 40005, 20013, NULL, NULL, '2020-04-15 00:01:40', '2020-04-15 00:01:40', '16구역'),
(1462, NULL, NULL, NULL, '김은미', NULL, 'M', NULL, '613-408-0963', NULL, NULL, NULL, NULL, NULL, 1, 60145, 70009, 80001, 10001, 40005, 20013, NULL, NULL, '2020-04-15 00:02:02', '2020-04-15 00:02:02', '16구역'),
(1463, 'Duane', NULL, 'Mcmullen', 'Duane Mcmullen', NULL, 'M', NULL, '613-867-8943', NULL, NULL, '#1409-90 George St., Ottawa, On K1N 0A8', 'K1N0A8', NULL, 0, 60145, 70009, 80001, 10001, 40005, 20013, NULL, NULL, '2020-04-15 00:02:59', '2020-04-15 00:02:59', NULL),
(1464, NULL, NULL, NULL, '윤미정', NULL, 'M', NULL, '613-600-1026', NULL, NULL, NULL, NULL, NULL, 1, 60145, 70009, 80001, 10001, 40005, 20013, NULL, NULL, '2020-04-15 00:04:20', '2020-04-15 00:04:20', '16구역'),
(1465, NULL, NULL, NULL, '정혜린', NULL, 'M', NULL, '613-863-6857', NULL, '613-949-9056', NULL, NULL, NULL, 1, 60145, 70009, 80001, 10001, 40005, 20013, NULL, NULL, '2020-04-15 00:06:20', '2020-04-15 00:06:20', '16구역'),
(1466, NULL, NULL, NULL, '안종원', NULL, 'M', NULL, '613-360-5981', NULL, NULL, NULL, NULL, NULL, 1, 60145, 70009, 80001, 10001, 40005, 20013, NULL, NULL, '2020-04-16 17:42:51', '2020-04-16 17:42:51', '바후림'),
(1467, NULL, NULL, NULL, '곽지성', NULL, 'M', NULL, '905-730-8258', NULL, NULL, NULL, NULL, NULL, 1, 60145, 70009, 80001, 10001, 40005, 20013, NULL, NULL, '2020-04-16 17:43:33', '2020-04-16 17:43:33', '바후림'),
(1468, NULL, NULL, NULL, '김진웅', NULL, 'M', NULL, '819-431-7345', NULL, NULL, NULL, NULL, NULL, 1, 60145, 70009, 80001, 10001, 40005, 20013, NULL, NULL, '2020-04-16 17:44:18', '2020-04-16 17:44:18', '바후림'),
(1469, NULL, NULL, NULL, '송인영', NULL, 'M', NULL, '705-500-0396', NULL, NULL, NULL, NULL, NULL, 1, 60145, 70009, 80001, 10001, 40005, 20013, NULL, NULL, '2020-04-16 17:45:24', '2020-04-16 17:45:24', '바후림'),
(1470, NULL, NULL, NULL, '허가인', NULL, 'M', NULL, '613-276-1226', NULL, NULL, NULL, NULL, NULL, 1, 60145, 70009, 80001, 10001, 40005, 20013, NULL, NULL, '2020-04-16 17:46:13', '2020-04-16 17:46:13', '바후림'),
(1471, NULL, NULL, NULL, '정나현', NULL, 'M', NULL, '778-846-5815', NULL, NULL, NULL, NULL, NULL, 1, 60145, 70009, 80001, 10001, 40005, 20013, NULL, NULL, '2020-04-16 17:46:31', '2020-04-16 17:46:31', '바후림'),
(1472, NULL, NULL, NULL, '이자희', NULL, 'M', NULL, '613-880-8225', NULL, NULL, NULL, NULL, NULL, 1, 60145, 70009, 80001, 10001, 40005, 20013, NULL, NULL, '2020-04-16 17:47:32', '2020-04-16 17:47:32', '바후림'),
(1473, NULL, NULL, NULL, '최지애', NULL, 'M', NULL, '613-806-7656', NULL, NULL, NULL, NULL, NULL, 1, 60145, 70009, 80001, 10001, 40005, 20013, NULL, NULL, '2020-04-16 17:49:02', '2020-04-16 17:49:02', '바후림'),
(1474, NULL, NULL, NULL, '정지희', NULL, 'M', NULL, '819-230-4689', NULL, NULL, NULL, NULL, NULL, 1, 60145, 70009, 80001, 10001, 40005, 20013, NULL, NULL, '2020-04-16 17:49:22', '2020-04-16 17:49:22', '바후림'),
(1475, NULL, NULL, NULL, '강동우', NULL, 'M', NULL, '819-576-3937', NULL, NULL, NULL, NULL, NULL, 1, 60145, 70009, 80001, 10001, 40005, 20013, NULL, NULL, '2020-04-16 17:49:43', '2020-04-16 17:49:43', '바후림'),
(1476, NULL, NULL, NULL, '이완영', NULL, 'M', NULL, '613-252-3337', NULL, NULL, NULL, NULL, NULL, 1, 60145, 70009, 80001, 10001, 40005, 20013, NULL, NULL, '2020-04-16 17:50:03', '2020-04-16 17:50:03', '바후림'),
(1477, NULL, NULL, NULL, '윤재승', NULL, 'M', NULL, '819-576-3770', NULL, NULL, NULL, NULL, NULL, 1, 60145, 70009, 80001, 10001, 40005, 20013, NULL, NULL, '2020-04-16 17:50:37', '2020-04-16 17:50:37', '바후림'),
(1478, NULL, NULL, NULL, '이규빈', NULL, 'M', NULL, '819-921-3450', NULL, NULL, NULL, NULL, NULL, 1, 60145, 70009, 80001, 10001, 40005, 20013, NULL, NULL, '2020-04-16 17:50:55', '2020-04-16 17:50:55', '바후림'),
(1479, NULL, NULL, NULL, '이상훈', NULL, 'M', NULL, '514-293-9364', NULL, NULL, NULL, NULL, NULL, 1, 60145, 70009, 80001, 10001, 40005, 20013, NULL, NULL, '2020-04-16 17:54:27', '2020-04-16 17:54:27', '바후림'),
(1480, NULL, NULL, NULL, '공민정', NULL, 'M', NULL, '343-538-8285', NULL, NULL, NULL, NULL, NULL, 1, 60145, 70009, 80001, 10001, 40005, 20013, NULL, NULL, '2020-04-16 17:54:45', '2020-04-16 17:54:45', '바후림'),
(1481, NULL, NULL, NULL, '조현영', NULL, 'M', NULL, '613-400-3294', NULL, NULL, NULL, NULL, NULL, 1, 60145, 70009, 80001, 10001, 40005, 20013, NULL, NULL, '2020-04-16 17:55:27', '2020-04-16 17:55:27', '바후림'),
(1482, NULL, NULL, NULL, '서부민', NULL, 'M', NULL, '778-846-6260', NULL, NULL, NULL, NULL, NULL, 1, 60145, 70009, 80001, 10001, 40005, 20013, NULL, NULL, '2020-04-16 17:55:45', '2020-04-16 17:55:45', '바후림'),
(1483, 'Chang Yook', NULL, 'Ahn', '안창욱', NULL, 'M', NULL, '778-995-3450', NULL, NULL, NULL, NULL, NULL, 1, 60145, 70009, 80001, 10001, 40005, 20013, NULL, NULL, '2020-04-16 18:00:49', '2020-04-16 18:00:49', 'Mosaic'),
(1484, 'Christine', NULL, 'Park', '박아름', NULL, 'M', NULL, '438-923-6738', NULL, NULL, NULL, NULL, NULL, 1, 60145, 70009, 80001, 10001, 40005, 20013, NULL, NULL, '2020-04-16 18:01:21', '2020-04-16 18:01:21', 'Mosaic'),
(1485, 'Christine', NULL, 'Yoo', 'Christine Yoo', NULL, 'M', NULL, '613-501-9026', NULL, NULL, NULL, NULL, NULL, 1, 60145, 70009, 80001, 10001, 40005, 20013, NULL, NULL, '2020-04-16 18:02:02', '2020-04-16 18:02:02', 'Mosaic'),
(1486, 'Dave', NULL, 'Ahn', '안찬주', NULL, 'M', NULL, '613-261-2107', NULL, NULL, NULL, NULL, NULL, 1, 60145, 70009, 80001, 10001, 40005, 20013, NULL, NULL, '2020-04-16 18:03:11', '2020-04-16 18:03:11', 'Mosaic'),
(1487, 'Eric', NULL, 'Lee', 'Eric Lee', NULL, 'M', NULL, '705-868-9470', NULL, NULL, NULL, NULL, NULL, 1, 60145, 70009, 80001, 10001, 40005, 20013, NULL, NULL, '2020-04-16 18:04:09', '2020-04-16 18:04:09', 'Mosaic'),
(1488, 'Gina', NULL, 'Byun', 'Gina Byun', NULL, 'M', NULL, '613-894-3390', NULL, NULL, NULL, NULL, NULL, 0, 60145, 70009, 80001, 10001, 40005, 20013, NULL, NULL, '2020-04-16 18:04:42', '2020-04-16 18:04:42', 'Mosaic'),
(1489, 'Gloria', NULL, 'Song', '송하영', NULL, 'M', NULL, '613-501-1434', NULL, NULL, NULL, NULL, NULL, 1, 60145, 70009, 80001, 10001, 40005, 20013, NULL, NULL, '2020-04-16 18:05:37', '2020-04-16 18:05:37', 'Mosaic'),
(1490, 'Jacob Jungho', NULL, 'Choi', '최정호', NULL, 'M', NULL, '647-389-9774', NULL, NULL, NULL, NULL, NULL, 1, 60145, 70009, 80001, 10001, 40005, 20013, NULL, NULL, '2020-04-16 18:06:19', '2020-04-16 18:06:19', 'Mosaic'),
(1491, 'James Mingi', NULL, 'Kim', '김민기', NULL, 'M', NULL, '647-988-6929', NULL, NULL, NULL, NULL, NULL, 1, 60145, 70009, 80001, 10001, 40005, 20013, NULL, NULL, '2020-04-16 18:07:08', '2020-04-16 18:07:08', 'Mosaic'),
(1492, 'Jean', NULL, 'Lee', '이진', NULL, 'M', NULL, '613-804-3603', NULL, NULL, NULL, NULL, NULL, 1, 60145, 70009, 80001, 10001, 40005, 20013, NULL, NULL, '2020-04-16 18:08:07', '2020-04-16 18:08:07', 'Mosaic'),
(1493, 'Jinee', NULL, 'Lee', '이진', NULL, 'M', NULL, '506-899-1580', NULL, NULL, NULL, NULL, NULL, 1, 60145, 70009, 80001, 10001, 40005, 20013, NULL, NULL, '2020-04-16 18:08:57', '2020-04-16 18:08:57', 'Mosaic'),
(1494, 'John', NULL, 'An', '안현준', NULL, 'M', NULL, '613-262-2898', NULL, NULL, NULL, NULL, NULL, 1, 60145, 70009, 80001, 10001, 40005, 20013, NULL, NULL, '2020-04-16 18:09:29', '2020-04-16 18:09:29', 'Mosaic'),
(1495, 'Josh', NULL, 'Gray', 'Josh Gray', NULL, 'M', NULL, NULL, NULL, NULL, NULL, NULL, NULL, 1, 60145, 70009, 80001, 10001, 40005, 20013, NULL, NULL, '2020-04-16 18:11:06', '2020-04-16 18:11:06', 'Mosaic'),
(1496, 'Josh', NULL, 'Kim', '김성준', NULL, 'M', NULL, '613-608-4399', NULL, NULL, NULL, NULL, NULL, 1, 60145, 70009, 80001, 10001, 40005, 20013, NULL, NULL, '2020-04-16 18:11:32', '2020-04-16 18:11:32', 'Mosaic'),
(1497, 'Keira', NULL, 'Kang', '강윤서', NULL, 'M', NULL, '514-746-3139', NULL, NULL, NULL, NULL, NULL, 1, 60145, 70009, 80001, 10001, 40005, 20013, NULL, NULL, '2020-04-16 18:13:09', '2020-04-16 18:13:09', 'Mosaic'),
(1498, 'Michael', NULL, 'An', 'Michael An', NULL, 'M', NULL, '613-891-9712', NULL, NULL, NULL, NULL, NULL, 1, 60145, 70009, 80001, 10001, 40005, 20013, NULL, NULL, '2020-04-16 18:15:24', '2020-04-16 18:15:24', 'Mosaic'),
(1499, 'Min', NULL, 'Kim', '김민정', NULL, 'M', NULL, '613-768-9842', NULL, NULL, NULL, NULL, NULL, 1, 60145, 70009, 80001, 10001, 40005, 20013, NULL, NULL, '2020-04-16 18:15:49', '2020-04-16 18:15:49', 'Mosaic'),
(1500, 'Rachel', NULL, 'Kelly', '지수 켈리', NULL, 'M', NULL, '647-835-2378', NULL, NULL, NULL, NULL, NULL, 1, 60145, 70009, 80001, 10001, 40005, 20013, NULL, NULL, '2020-04-16 18:16:23', '2020-04-16 18:16:23', 'Mosaic'),
(1501, 'Roy', NULL, 'Hwang', '황웅', NULL, 'M', NULL, '613-413-6084', NULL, NULL, NULL, NULL, NULL, 1, 60145, 70009, 80001, 10001, 40005, 20013, NULL, NULL, '2020-04-16 18:17:26', '2020-04-16 18:17:26', 'Mosaic'),
(1502, 'Sarah PK', NULL, 'Lee', 'Sarah PK Lee', NULL, 'M', NULL, '905-932-7123', NULL, NULL, NULL, NULL, NULL, 1, 60145, 70009, 80001, 10001, 40005, 20013, NULL, NULL, '2020-04-16 18:18:09', '2020-04-16 18:18:09', 'Mosaic'),
(1503, 'Yebin', NULL, 'Lee', '이예빈', NULL, 'M', NULL, NULL, NULL, NULL, NULL, NULL, NULL, 1, 60145, 70009, 80001, 10001, 40005, 20013, NULL, NULL, '2020-04-16 18:21:47', '2020-04-16 18:21:47', 'Mosaic'),
(1504, NULL, NULL, NULL, '이효진', NULL, 'M', NULL, '647-390-1004', NULL, NULL, '#1106-530 laurier Ave. W. Ottawa K1R7T1', 'K1R7T1', NULL, 0, 60145, 70009, 80001, 10001, 40005, 20013, NULL, NULL, '2020-04-16 19:09:02', '2020-04-16 19:09:02', NULL),
(1505, NULL, NULL, NULL, '이효민', NULL, 'M', NULL, '647-390-1004', NULL, NULL, '#1106-530 laurier Ave. W. Ottawa K1R7T1', 'K1R7T1', NULL, 0, 60145, 70009, 80001, 10001, 40005, 20013, NULL, NULL, '2020-04-16 19:09:11', '2020-04-16 19:09:11', NULL),
(1506, NULL, NULL, NULL, '이효건', NULL, 'M', NULL, '647-390-1004', NULL, NULL, '#1106-530 laurier Ave. W. Ottawa K1R7T1', 'K1R7T1', NULL, 0, 60145, 70009, 80001, 10001, 40005, 20013, NULL, NULL, '2020-04-16 19:09:25', '2020-04-16 19:09:25', NULL);

-- --------------------------------------------------------

--
-- Table structure for table `member_department_maps`
--

CREATE TABLE `member_department_maps` (
  `id` int(10) UNSIGNED NOT NULL,
  `member_id` int(10) UNSIGNED NOT NULL COMMENT 'Foreign Key: ID of Members Table',
  `department_id` int(10) UNSIGNED NOT NULL COMMENT 'Foreign Key: ID of Codes Table',
  `position_id` int(10) UNSIGNED DEFAULT NULL COMMENT 'Foreign Key: ID of Codes Table',
  `enabled` tinyint(1) NOT NULL DEFAULT 1 COMMENT '이 코드가 활성화 되었는지를 식별함',
  `updated_by` int(10) UNSIGNED DEFAULT NULL COMMENT 'Foreign Key: ID of Users Table',
  `manager` tinyint(1) NOT NULL DEFAULT 0 COMMENT '부서장인 경우 True롤 지정함',
  `created_at` timestamp NULL DEFAULT NULL,
  `updated_at` timestamp NULL DEFAULT NULL
) ENGINE=InnoDB DEFAULT CHARSET=utf8 COLLATE=utf8_unicode_ci;

-- --------------------------------------------------------

--
-- Table structure for table `member_histories`
--

CREATE TABLE `member_histories` (
  `id` int(10) UNSIGNED NOT NULL,
  `member_id` int(10) UNSIGNED NOT NULL COMMENT 'Foreign Key: ID of Members Table',
  `started_at` date DEFAULT NULL COMMENT 'Start Date',
  `finished_at` date DEFAULT NULL COMMENT 'End Date',
  `title` varchar(255) COLLATE utf8_unicode_ci NOT NULL DEFAULT '' COMMENT '제목',
  `memo` text COLLATE utf8_unicode_ci DEFAULT NULL COMMENT '메모 사항',
  `updated_by` int(10) UNSIGNED NOT NULL COMMENT 'Foreign Key: ID of Users Table',
  `created_at` timestamp NULL DEFAULT NULL,
  `updated_at` timestamp NULL DEFAULT NULL
) ENGINE=InnoDB DEFAULT CHARSET=utf8 COLLATE=utf8_unicode_ci;

-- --------------------------------------------------------

--
-- Table structure for table `memos`
--

CREATE TABLE `memos` (
  `id` int(10) UNSIGNED NOT NULL,
  `user_id` int(10) UNSIGNED NOT NULL COMMENT 'Foreign Key: ID of Users Table',
  `title` varchar(255) COLLATE utf8_unicode_ci NOT NULL DEFAULT '' COMMENT '메모 제목',
  `memo` text COLLATE utf8_unicode_ci DEFAULT NULL COMMENT '메모 사항',
  `updated_by` int(10) UNSIGNED NOT NULL COMMENT 'Foreign Key: ID of Users Table',
  `created_at` timestamp NULL DEFAULT NULL,
  `updated_at` timestamp NULL DEFAULT NULL
) ENGINE=InnoDB DEFAULT CHARSET=utf8 COLLATE=utf8_unicode_ci;

-- --------------------------------------------------------

--
-- Table structure for table `migrations`
--

CREATE TABLE `migrations` (
  `id` int(10) UNSIGNED NOT NULL,
  `migration` varchar(255) COLLATE utf8mb4_unicode_ci NOT NULL,
  `batch` int(11) NOT NULL
) ENGINE=InnoDB DEFAULT CHARSET=utf8mb4 COLLATE=utf8mb4_unicode_ci;

--
-- Dumping data for table `migrations`
--

INSERT INTO `migrations` (`id`, `migration`, `batch`) VALUES
(1, '2018_04_03_185352_create_code_categories_table', 1),
(2, '2018_04_03_185455_create_codes_table', 1),
(3, '2018_04_04_083207_create_password_resets_table', 1),
(4, '2018_04_04_084143_create_privileges_table', 1),
(5, '2018_04_04_084212_create_roles_table', 1),
(6, '2018_04_04_084233_create_privilege_role_maps_table', 1),
(7, '2018_04_04_084629_create_members_table', 1),
(8, '2018_04_04_084805_create_department_trees_table', 1),
(9, '2018_04_04_084838_create_family_maps_table', 1),
(10, '2018_04_06_083106_create_users_table', 1),
(11, '2018_04_06_084431_create_system_logs_table', 1),
(12, '2018_04_06_084929_create_member_department_maps_table', 1),
(13, '2018_04_06_085044_create_member_histories_table', 1),
(14, '2018_04_06_085144_create_memos_table', 1),
(15, '2018_04_06_110716_create_visits_table', 1),
(16, '2020_03_27_025832_add_comment_to_members_table', 2);

-- --------------------------------------------------------

--
-- Table structure for table `password_resets`
--

CREATE TABLE `password_resets` (
  `email` varchar(255) COLLATE utf8_unicode_ci NOT NULL,
  `token` varchar(255) COLLATE utf8_unicode_ci NOT NULL,
  `created_at` timestamp NULL DEFAULT NULL
) ENGINE=InnoDB DEFAULT CHARSET=utf8 COLLATE=utf8_unicode_ci;

-- --------------------------------------------------------

--
-- Table structure for table `privileges`
--

CREATE TABLE `privileges` (
  `id` int(10) UNSIGNED NOT NULL,
  `txt` varchar(50) COLLATE utf8_unicode_ci NOT NULL DEFAULT '' COMMENT 'Privilege 영어 명칭',
  `memo` text COLLATE utf8_unicode_ci DEFAULT NULL COMMENT '메모 사항',
  `created_at` timestamp NULL DEFAULT NULL,
  `updated_at` timestamp NULL DEFAULT NULL
) ENGINE=InnoDB DEFAULT CHARSET=utf8 COLLATE=utf8_unicode_ci;

--
-- Dumping data for table `privileges`
--

INSERT INTO `privileges` (`id`, `txt`, `memo`, `created_at`, `updated_at`) VALUES
(1, 'SYSTEM_ADMIN', 'The privilege has the authority of the super administrator.', NULL, NULL),
(2, 'SENIOR_PASTOR', '담임목사: Member와 Member Admin의 대부분 메뉴에 접근 가능함.', NULL, NULL),
(3, 'ASSOCIATE_PASTOR', '부목사: Member의 전체 검색 기능과 심방 메뉴에 접근 가능함.', NULL, NULL),
(4, 'PASTOR', '담당목사: Member의 전체 검색 기능에 접근 가능함', NULL, NULL),
(5, 'CLERK', '사무원: Member와 Member Admin의 대부분 메뉴에 접근 가능함 (담임목사 Priviege와 동일함)', NULL, NULL),
(6, 'BOD', '집사회: Member의 전체 검색 기능에 접근 가능함 (담당목사 Privilege와 동일함)', NULL, NULL);

-- --------------------------------------------------------

--
-- Table structure for table `privilege_role_maps`
--

CREATE TABLE `privilege_role_maps` (
  `id` int(10) UNSIGNED NOT NULL,
  `privilege_id` int(10) UNSIGNED NOT NULL COMMENT 'Foreign Key: ID of Privileges Table',
  `role_id` int(10) UNSIGNED NOT NULL COMMENT 'Foreign Key: ID of Roles Table',
  `created_at` timestamp NOT NULL DEFAULT current_timestamp() ON UPDATE current_timestamp()
) ENGINE=InnoDB DEFAULT CHARSET=utf8 COLLATE=utf8_unicode_ci;

--
-- Dumping data for table `privilege_role_maps`
--

INSERT INTO `privilege_role_maps` (`id`, `privilege_id`, `role_id`, `created_at`) VALUES
(1, 1, 1, '2020-02-06 03:51:57'),
(2, 1, 2, '2020-02-06 03:51:57'),
(3, 1, 3, '2020-02-06 03:51:57'),
(4, 1, 4, '2020-02-06 03:51:57'),
(5, 1, 5, '2020-02-06 03:51:57'),
(6, 1, 6, '2020-02-06 03:51:57'),
(7, 1, 7, '2020-02-06 03:51:57'),
(8, 1, 8, '2020-02-06 03:51:57'),
(9, 1, 9, '2020-02-06 03:51:57'),
(10, 1, 10, '2020-02-06 03:51:58'),
(11, 1, 11, '2020-02-06 03:51:58'),
(12, 1, 12, '2020-02-06 03:51:58'),
(13, 2, 1, '2020-02-06 03:51:58'),
(14, 2, 2, '2020-02-06 03:51:58'),
(15, 2, 3, '2020-02-06 03:51:58'),
(16, 2, 4, '2020-02-06 03:51:58'),
(17, 2, 5, '2020-02-06 03:51:58'),
(18, 2, 10, '2020-02-06 03:51:58'),
(19, 2, 12, '2020-02-06 03:51:58'),
(20, 3, 1, '2020-02-06 03:51:58'),
(21, 3, 12, '2020-02-06 03:51:58'),
(22, 4, 1, '2020-02-06 03:51:58'),
(23, 5, 1, '2020-02-06 03:51:58'),
(24, 5, 2, '2020-02-06 03:51:58'),
(25, 5, 3, '2020-02-06 03:51:58'),
(26, 5, 4, '2020-02-06 03:51:58'),
(27, 5, 5, '2020-02-06 03:51:58'),
(28, 5, 10, '2020-02-06 03:51:58'),
(29, 5, 12, '2020-02-06 03:51:59'),
(30, 6, 1, '2020-02-06 03:51:59');

-- --------------------------------------------------------

--
-- Table structure for table `roles`
--

CREATE TABLE `roles` (
  `id` int(10) UNSIGNED NOT NULL,
  `txt` varchar(50) COLLATE utf8_unicode_ci NOT NULL DEFAULT '' COMMENT 'Role 영어 명칭',
  `memo` text COLLATE utf8_unicode_ci DEFAULT NULL COMMENT '메모 사항',
  `created_at` timestamp NULL DEFAULT NULL,
  `updated_at` timestamp NULL DEFAULT NULL
) ENGINE=InnoDB DEFAULT CHARSET=utf8 COLLATE=utf8_unicode_ci;

--
-- Dumping data for table `roles`
--

INSERT INTO `roles` (`id`, `txt`, `memo`, `created_at`, `updated_at`) VALUES
(1, 'MEMBER_ACCESS_ROLE', 'Members 메뉴를 보여준다.', NULL, NULL),
(2, 'FINANCE_ACCESS_ROLE', 'Finances 메뉴를 보여준다.', NULL, NULL),
(3, 'INVENTORY_ACCESS_ROLE', 'Inventory 메뉴를 보여준다.', NULL, NULL),
(4, 'ADMIN_ACCESS_ROLE', 'OKCC Cloud Office for Admin으로 접근할 수 있는 버튼을 보여준다.', NULL, NULL),
(5, 'ADMIN_MEMBER_ROLE', 'Admin Member 메뉴로의 접근을 허용한다.', NULL, NULL),
(6, 'ADMIN_USER_ROLE', 'Admin User 메뉴로의 접근을 허용한다.', NULL, NULL),
(7, 'ADMIN_FINANCE_ROLE', 'Admin Finance 메뉴로의 접근을 허용한다.', NULL, NULL),
(8, 'ADMIN_INVENTORY_ROLE', 'Admin Inventory 메뉴로의 접근을 허용한다.', NULL, NULL),
(9, 'ADMIN_TEST_ROLE', 'Admin Test 메뉴로의 접근을 허용한다.', NULL, NULL),
(10, 'ADMIN_HOME_ROLE', 'Admin에서 OKCC Cloud Office로 접근할 수 있는 버튼을 보여준다.', NULL, NULL),
(11, 'ADMIN_SUPER_ROLE', 'Super Admin 메뉴로의 접근을 허용한다.', NULL, NULL),
(12, 'MEMBER_SIMBANG_ROLE', 'Members 메뉴에서 심방 메뉴를 보여준다.', NULL, NULL);

-- --------------------------------------------------------

--
-- Table structure for table `system_logs`
--

CREATE TABLE `system_logs` (
  `id` int(10) UNSIGNED NOT NULL,
  `code_id` int(10) UNSIGNED NOT NULL COMMENT 'Foreign Key: ID of Codes Table identifying what kind of log',
  `user_id` int(10) UNSIGNED NOT NULL COMMENT 'Foreign Key: ID of Users Table identifying who made the log',
  `memo` text COLLATE utf8_unicode_ci DEFAULT NULL COMMENT '메모 사항',
  `created_at` timestamp NOT NULL DEFAULT current_timestamp() ON UPDATE current_timestamp()
) ENGINE=InnoDB DEFAULT CHARSET=utf8 COLLATE=utf8_unicode_ci;

--
-- Dumping data for table `system_logs`
--

INSERT INTO `system_logs` (`id`, `code_id`, `user_id`, `memo`, `created_at`) VALUES
(1, 100003, 2, 'INSERT CODES [ID] 40006', '2020-02-09 03:31:44'),
(2, 100004, 2, 'UPDATE MEMBERS [ID] 1101 [DETAIL] (duty_id) 20013 > 20001, ', '2020-02-09 03:42:08'),
(3, 100004, 2, 'UPDATE MEMBERS [ID] 936 [DETAIL] (gender) F > M, (primary) 0 > 1, ', '2020-02-09 13:30:50'),
(4, 100003, 2, 'INSERT FAMILY_MAPS [ID] 1', '2020-02-09 13:31:26'),
(5, 100003, 2, 'INSERT FAMILY_MAPS [ID] 2', '2020-02-09 13:31:45'),
(6, 100004, 2, 'UPDATE MEMBERS [ID] 770 [DETAIL] (email) bumsookim@rogers.com  > bumsookim@rogers.com, (primary) 0 > 1, ', '2020-03-19 15:45:03'),
(7, 100004, 4, 'UPDATE MEMBERS [ID] 799 [DETAIL] (email) yoonkim@symaptico.ca  > yoonkim@symaptico.ca, (city_id) 60145 > 60182, (province_id) 70009 > 70011, ', '2020-03-20 15:30:03'),
(8, 100004, 4, 'UPDATE MEMBERS [ID] 800 [DETAIL] (city_id) 60145 > 60182, (province_id) 70009 > 70011, ', '2020-03-20 15:34:06'),
(9, 100004, 4, 'UPDATE MEMBERS [ID] 816 [DETAIL] (email) leemj@sympatico.ca  > leemj@sympatico.ca, (city_id) 60145 > 60162, (primary) 0 > 1, ', '2020-03-20 15:35:00'),
(10, 100004, 4, 'UPDATE MEMBERS [ID] 817 [DETAIL] (city_id) 60145 > 60162, ', '2020-03-20 15:35:29'),
(11, 100004, 4, 'UPDATE MEMBERS [ID] 844 [DETAIL] (tel_cell) 613-257-5660  > 613-257-5660, (email) hansc72@hotmail.com  > hansc72@hotmail.com, (city_id) 60145 > 60204, (primary) 0 > 1, ', '2020-03-20 15:36:20'),
(12, 100004, 4, 'UPDATE MEMBERS [ID] 845 [DETAIL] (city_id) 60145 > 60204, ', '2020-03-20 15:36:37'),
(13, 100004, 4, 'UPDATE MEMBERS [ID] 846 [DETAIL] (city_id) 60145 > 60204, ', '2020-03-20 15:37:01'),
(14, 100004, 4, 'UPDATE MEMBERS [ID] 847 [DETAIL] (city_id) 60145 > 60204, ', '2020-03-20 15:37:16'),
(15, 100004, 4, 'UPDATE MEMBERS [ID] 927 [DETAIL] (city_id) 60145 > 60182, (province_id) 70009 > 70011, (primary) 0 > 1, ', '2020-03-20 15:43:30'),
(16, 100004, 4, 'UPDATE MEMBERS [ID] 948 [DETAIL] (email) jchung2536@rogers.com  > jchung2536@rogers.com, (city_id) 60145 > 60162, (primary) 0 > 1, ', '2020-03-20 15:44:18'),
(17, 100004, 4, 'UPDATE MEMBERS [ID] 949 [DETAIL] (city_id) 60145 > 60162, ', '2020-03-20 15:44:35'),
(18, 100004, 4, 'UPDATE MEMBERS [ID] 950 [DETAIL] (city_id) 60145 > 60162, ', '2020-03-20 15:44:51'),
(19, 100004, 4, 'UPDATE MEMBERS [ID] 951 [DETAIL] (city_id) 60145 > 60162, ', '2020-03-20 15:45:08'),
(20, 100004, 4, 'UPDATE MEMBERS [ID] 953 [DETAIL] (city_id) 60145 > 60204, (primary) 0 > 1, ', '2020-03-20 15:45:40'),
(21, 100004, 4, 'UPDATE MEMBERS [ID] 954 [DETAIL] (city_id) 60145 > 60204, ', '2020-03-20 15:45:55'),
(22, 100004, 4, 'UPDATE MEMBERS [ID] 955 [DETAIL] (city_id) 60145 > 60204, ', '2020-03-20 15:46:09'),
(23, 100004, 4, 'UPDATE MEMBERS [ID] 956 [DETAIL] (city_id) 60145 > 60204, ', '2020-03-20 15:46:28'),
(24, 100004, 4, 'UPDATE MEMBERS [ID] 967 [DETAIL] (email) hunsam72@gmail.com  > hunsam72@gmail.com, (city_id) 60145 > 60162, (primary) 0 > 1, ', '2020-03-20 15:47:08'),
(25, 100004, 4, 'UPDATE MEMBERS [ID] 968 [DETAIL] (city_id) 60145 > 60162, ', '2020-03-20 15:47:23'),
(26, 100004, 4, 'UPDATE MEMBERS [ID] 969 [DETAIL] (city_id) 60145 > 60162, ', '2020-03-20 15:47:49'),
(27, 100004, 4, 'UPDATE MEMBERS [ID] 1064 [DETAIL] (email) blackseed@hotmail.com  > blackseed@hotmail.com, (city_id) 60145 > 60182, (province_id) 70009 > 70011, (primary) 0 > 1, ', '2020-03-20 15:48:40'),
(28, 100004, 4, 'UPDATE MEMBERS [ID] 1065 [DETAIL] (city_id) 60145 > 60182, (province_id) 70009 > 70011, ', '2020-03-20 15:48:58'),
(29, 100004, 4, 'UPDATE MEMBERS [ID] 1066 [DETAIL] (city_id) 60145 > 60182, (province_id) 70009 > 70011, ', '2020-03-20 15:49:17'),
(30, 100004, 4, 'UPDATE MEMBERS [ID] 1067 [DETAIL] (city_id) 60145 > 60182, (province_id) 70009 > 70011, ', '2020-03-20 15:49:35'),
(31, 100004, 4, 'UPDATE MEMBERS [ID] 1137 [DETAIL] (city_id) 60145 > 60143, (primary) 0 > 1, ', '2020-03-20 15:50:13'),
(32, 100004, 4, 'UPDATE MEMBERS [ID] 1138 [DETAIL] (city_id) 60145 > 60143, ', '2020-03-20 15:50:29'),
(33, 100004, 4, 'UPDATE MEMBERS [ID] 1139 [DETAIL] (city_id) 60145 > 60143, ', '2020-03-20 15:50:47'),
(34, 100004, 4, 'UPDATE MEMBERS [ID] 1150 [DETAIL] (city_id) 60145 > 60137, (primary) 0 > 1, ', '2020-03-20 15:51:32'),
(35, 100004, 4, 'UPDATE MEMBERS [ID] 1162 [DETAIL] (city_id) 60145 > 60162, (primary) 0 > 1, ', '2020-03-20 15:54:36'),
(36, 100004, 4, 'UPDATE MEMBERS [ID] 1163 [DETAIL] (city_id) 60145 > 60162, ', '2020-03-20 15:54:50'),
(37, 100003, 4, 'INSERT CODES [ID] 60205', '2020-03-20 15:56:45'),
(38, 100004, 4, 'UPDATE MEMBERS [ID] 1171 [DETAIL] (city_id) 60145 > 60205, (primary) 0 > 1, ', '2020-03-20 15:57:18'),
(39, 100004, 4, 'UPDATE MEMBERS [ID] 1208 [DETAIL] (city_id) 60145 > 60197, (province_id) 70009 > 70012, (primary) 0 > 1, ', '2020-03-20 15:58:03'),
(40, 100003, 4, 'INSERT FAMILY_MAPS [ID] 3', '2020-03-20 19:47:48'),
(41, 100003, 4, 'INSERT FAMILY_MAPS [ID] 4', '2020-03-20 19:48:03'),
(42, 100004, 4, 'UPDATE MEMBERS [ID] 773 [DETAIL] (primary) 0 > 1, ', '2020-03-20 19:49:05'),
(43, 100003, 4, 'INSERT FAMILY_MAPS [ID] 5', '2020-03-20 19:49:36'),
(44, 100003, 4, 'INSERT FAMILY_MAPS [ID] 6', '2020-03-20 19:50:35'),
(45, 100003, 4, 'INSERT FAMILY_MAPS [ID] 7', '2020-03-20 19:50:54'),
(46, 100004, 4, 'UPDATE MEMBERS [ID] 777 [DETAIL] (primary) 0 > 1, ', '2020-03-20 19:51:45'),
(47, 100003, 4, 'INSERT FAMILY_MAPS [ID] 8', '2020-03-20 19:52:16'),
(48, 100004, 4, 'UPDATE MEMBERS [ID] 779 [DETAIL] (primary) 0 > 1, ', '2020-03-21 13:33:50'),
(49, 100004, 4, 'UPDATE MEMBERS [ID] 780 [DETAIL] (last_name) ark > Park, (primary) 0 > 1, ', '2020-03-21 13:34:13'),
(50, 100004, 4, 'UPDATE MEMBERS [ID] 781 [DETAIL] (primary) 0 > 1, ', '2020-03-21 13:34:26'),
(51, 100003, 4, 'INSERT FAMILY_MAPS [ID] 9', '2020-03-21 13:35:10'),
(52, 100003, 4, 'INSERT FAMILY_MAPS [ID] 10', '2020-03-21 13:35:23'),
(53, 100003, 4, 'INSERT FAMILY_MAPS [ID] 11', '2020-03-21 13:35:38'),
(54, 100004, 4, 'UPDATE MEMBERS [ID] 785 [DETAIL] (primary) 0 > 1, ', '2020-03-21 13:38:37'),
(55, 100003, 4, 'INSERT FAMILY_MAPS [ID] 12', '2020-03-21 13:39:29'),
(56, 100004, 4, 'UPDATE MEMBERS [ID] 787 [DETAIL] (primary) 0 > 1, ', '2020-03-21 13:39:52'),
(57, 100003, 4, 'INSERT FAMILY_MAPS [ID] 13', '2020-03-21 13:40:13'),
(58, 100004, 4, 'UPDATE MEMBERS [ID] 789 [DETAIL] (primary) 0 > 1, ', '2020-03-21 13:40:33'),
(59, 100004, 4, 'UPDATE MEMBERS [ID] 790 [DETAIL] (primary) 0 > 1, ', '2020-03-21 13:40:46'),
(60, 100003, 4, 'INSERT FAMILY_MAPS [ID] 14', '2020-03-21 13:41:02'),
(61, 100003, 4, 'INSERT FAMILY_MAPS [ID] 15', '2020-03-21 13:41:13'),
(62, 100003, 4, 'INSERT FAMILY_MAPS [ID] 16', '2020-03-21 13:41:25'),
(63, 100004, 4, 'UPDATE MEMBERS [ID] 794 [DETAIL] (primary) 0 > 1, ', '2020-03-21 13:42:06'),
(64, 100004, 4, 'UPDATE MEMBERS [ID] 795 [DETAIL] (primary) 0 > 1, ', '2020-03-21 13:42:18'),
(65, 100003, 4, 'INSERT FAMILY_MAPS [ID] 17', '2020-03-21 13:42:36'),
(66, 100004, 4, 'UPDATE MEMBERS [ID] 797 [DETAIL] (primary) 0 > 1, ', '2020-03-21 13:42:54'),
(67, 100004, 4, 'UPDATE MEMBERS [ID] 798 [DETAIL] (primary) 0 > 1, ', '2020-03-21 13:43:07'),
(68, 100004, 4, 'UPDATE MEMBERS [ID] 799 [DETAIL] (first_name)  > Yoon Hwa, (last_name)  > Kim, (primary) 0 > 1, ', '2020-03-21 13:44:01'),
(69, 100003, 4, 'INSERT FAMILY_MAPS [ID] 18', '2020-03-21 13:44:38'),
(70, 100004, 4, 'UPDATE MEMBERS [ID] 801 [DETAIL] (primary) 0 > 1, ', '2020-03-21 13:45:14'),
(71, 100004, 4, 'UPDATE MEMBERS [ID] 802 [DETAIL] (primary) 0 > 1, ', '2020-03-21 13:45:23'),
(72, 100003, 4, 'INSERT FAMILY_MAPS [ID] 19', '2020-03-21 13:45:43'),
(73, 100004, 4, 'UPDATE MEMBERS [ID] 804 [DETAIL] (email) ryu_4651@hotmail.com  > ryu_4651@hotmail.com, (primary) 0 > 1, ', '2020-03-21 13:46:11'),
(74, 100003, 4, 'INSERT FAMILY_MAPS [ID] 20', '2020-03-21 13:46:32'),
(75, 100004, 4, 'UPDATE MEMBERS [ID] 806 [DETAIL] (primary) 0 > 1, ', '2020-03-21 13:46:50'),
(76, 100003, 4, 'INSERT FAMILY_MAPS [ID] 21', '2020-03-21 13:48:04'),
(77, 100003, 4, 'INSERT FAMILY_MAPS [ID] 22', '2020-03-21 13:49:09'),
(78, 100003, 4, 'INSERT FAMILY_MAPS [ID] 23', '2020-03-21 13:49:20'),
(79, 100003, 4, 'INSERT FAMILY_MAPS [ID] 24', '2020-03-21 13:49:33'),
(80, 100004, 4, 'UPDATE MEMBERS [ID] 811 [DETAIL] (kor_name) 황경자  > 황경자, (primary) 0 > 1, ', '2020-03-21 17:10:14'),
(81, 100004, 4, 'UPDATE MEMBERS [ID] 811 [DETAIL] ', '2020-03-21 17:10:37'),
(82, 100004, 4, 'UPDATE MEMBERS [ID] 812 [DETAIL] (primary) 0 > 1, ', '2020-03-21 17:10:56'),
(83, 100003, 4, 'INSERT FAMILY_MAPS [ID] 25', '2020-03-21 17:11:23'),
(84, 100004, 4, 'UPDATE MEMBERS [ID] 814 [DETAIL] (primary) 0 > 1, ', '2020-03-21 17:11:36'),
(85, 100003, 4, 'INSERT FAMILY_MAPS [ID] 26', '2020-03-21 17:11:55'),
(86, 100004, 4, 'UPDATE MEMBERS [ID] 816 [DETAIL] ', '2020-03-21 17:12:14'),
(87, 100003, 4, 'INSERT FAMILY_MAPS [ID] 27', '2020-03-21 17:12:40'),
(88, 100004, 4, 'UPDATE MEMBERS [ID] 818 [DETAIL] (primary) 0 > 1, ', '2020-03-21 17:12:55'),
(89, 100003, 4, 'INSERT FAMILY_MAPS [ID] 28', '2020-03-21 17:13:44'),
(90, 100004, 4, 'UPDATE MEMBERS [ID] 820 [DETAIL] (email) tedchung@rogers.ca  > tedchung@rogers.ca, (primary) 0 > 1, ', '2020-03-21 17:14:01'),
(91, 100003, 4, 'INSERT FAMILY_MAPS [ID] 29', '2020-03-21 17:14:18'),
(92, 100004, 4, 'UPDATE MEMBERS [ID] 822 [DETAIL] (last_name)  > Kang, (primary) 0 > 1, ', '2020-03-21 17:14:45'),
(93, 100003, 4, 'INSERT FAMILY_MAPS [ID] 30', '2020-03-21 17:15:05'),
(94, 100003, 4, 'INSERT FAMILY_MAPS [ID] 31', '2020-03-21 17:15:15'),
(95, 100003, 4, 'INSERT FAMILY_MAPS [ID] 32', '2020-03-21 17:15:25'),
(96, 100004, 4, 'UPDATE MEMBERS [ID] 826 [DETAIL] (primary) 0 > 1, ', '2020-03-21 17:15:45'),
(97, 100003, 4, 'INSERT FAMILY_MAPS [ID] 33', '2020-03-21 17:16:05'),
(98, 100003, 4, 'INSERT FAMILY_MAPS [ID] 34', '2020-03-21 18:01:35'),
(99, 100003, 4, 'INSERT FAMILY_MAPS [ID] 35', '2020-03-21 18:02:09'),
(100, 100003, 4, 'INSERT FAMILY_MAPS [ID] 36', '2020-03-21 18:02:19'),
(101, 100004, 4, 'UPDATE MEMBERS [ID] 830 [DETAIL] (email) yeo.seunghyun@gmail.com/kunpark2@gmail.com > yeo.seunghyun@gmail.com, (primary) 0 > 1, ', '2020-03-21 18:44:35'),
(102, 100004, 4, 'UPDATE MEMBERS [ID] 831 [DETAIL] (email)  > kunpark2@gmail.com, ', '2020-03-21 18:44:55'),
(103, 100003, 4, 'INSERT FAMILY_MAPS [ID] 37', '2020-03-21 18:45:20'),
(104, 100004, 4, 'UPDATE MEMBERS [ID] 832 [DETAIL] (primary) 0 > 1, ', '2020-03-21 18:45:43'),
(105, 100003, 4, 'INSERT FAMILY_MAPS [ID] 38', '2020-03-21 18:46:00'),
(106, 100003, 4, 'INSERT FAMILY_MAPS [ID] 39', '2020-03-21 18:46:15'),
(107, 100004, 4, 'UPDATE MEMBERS [ID] 835 [DETAIL] (primary) 0 > 1, ', '2020-03-21 18:46:34'),
(108, 100003, 4, 'INSERT FAMILY_MAPS [ID] 40', '2020-03-21 18:46:54'),
(109, 100003, 4, 'INSERT FAMILY_MAPS [ID] 41', '2020-03-21 18:47:04'),
(110, 100003, 4, 'INSERT FAMILY_MAPS [ID] 42', '2020-03-21 18:47:14'),
(111, 100004, 4, 'UPDATE MEMBERS [ID] 839 [DETAIL] (tel_cell) 613-993-5331  > 613-993-5331, (email) yeong_yoo@hanmail.net  > yeong_yoo@hanmail.net, (primary) 0 > 1, ', '2020-03-21 18:47:36'),
(112, 100003, 4, 'INSERT FAMILY_MAPS [ID] 43', '2020-03-21 18:47:53'),
(113, 100003, 4, 'INSERT FAMILY_MAPS [ID] 44', '2020-03-21 18:48:04'),
(114, 100003, 4, 'INSERT FAMILY_MAPS [ID] 45', '2020-03-21 18:48:14'),
(115, 100004, 4, 'UPDATE MEMBERS [ID] 843 [DETAIL] (primary) 0 > 1, ', '2020-03-21 18:48:43'),
(116, 100004, 4, 'UPDATE MEMBERS [ID] 844 [DETAIL] ', '2020-03-21 18:48:56'),
(117, 100003, 4, 'INSERT FAMILY_MAPS [ID] 46', '2020-03-21 18:49:18'),
(118, 100003, 4, 'INSERT FAMILY_MAPS [ID] 47', '2020-03-21 18:49:27'),
(119, 100003, 4, 'INSERT FAMILY_MAPS [ID] 48', '2020-03-21 18:49:39'),
(120, 100004, 4, 'UPDATE MEMBERS [ID] 848 [DETAIL] (primary) 0 > 1, ', '2020-03-21 18:50:01'),
(121, 100003, 4, 'INSERT FAMILY_MAPS [ID] 49', '2020-03-21 18:50:20'),
(122, 100003, 4, 'INSERT FAMILY_MAPS [ID] 50', '2020-03-21 18:50:30'),
(123, 100004, 4, 'UPDATE MEMBERS [ID] 851 [DETAIL] (email) sjinlee2@yahoo.ca/jeleeca@hanmail.net > sjinlee2@yahoo.ca, (primary) 0 > 1, ', '2020-03-21 18:51:12'),
(124, 100003, 4, 'INSERT FAMILY_MAPS [ID] 51', '2020-03-21 18:51:34'),
(125, 100004, 4, 'UPDATE MEMBERS [ID] 853 [DETAIL] (primary) 0 > 1, ', '2020-03-21 18:51:48'),
(126, 100003, 4, 'INSERT FAMILY_MAPS [ID] 52', '2020-03-21 18:52:05'),
(127, 100003, 4, 'INSERT FAMILY_MAPS [ID] 53', '2020-03-21 18:52:16'),
(128, 100003, 4, 'INSERT FAMILY_MAPS [ID] 54', '2020-03-21 18:52:26'),
(129, 100004, 4, 'UPDATE MEMBERS [ID] 857 [DETAIL] (email) jjna@msn.com  > jjna@msn.com, (primary) 0 > 1, ', '2020-03-21 18:52:41'),
(130, 100003, 4, 'INSERT FAMILY_MAPS [ID] 55', '2020-03-21 18:53:02'),
(131, 100004, 4, 'UPDATE MEMBERS [ID] 859 [DETAIL] (primary) 0 > 1, ', '2020-03-21 18:53:21'),
(132, 100003, 4, 'INSERT FAMILY_MAPS [ID] 56', '2020-03-21 18:53:39'),
(133, 100003, 4, 'INSERT FAMILY_MAPS [ID] 57', '2020-03-21 18:53:49'),
(134, 100003, 4, 'INSERT FAMILY_MAPS [ID] 58', '2020-03-21 18:53:59'),
(135, 100003, 4, 'INSERT FAMILY_MAPS [ID] 59', '2020-03-21 18:54:07'),
(136, 100004, 4, 'UPDATE MEMBERS [ID] 864 [DETAIL] (email) rmchahn@yahoo.com  > rmchahn@yahoo.com, (primary) 0 > 1, ', '2020-03-21 18:54:20'),
(137, 100003, 4, 'INSERT FAMILY_MAPS [ID] 60', '2020-03-21 18:54:41'),
(138, 100004, 4, 'UPDATE MEMBERS [ID] 866 [DETAIL] (email) yjoonk1@gmail.com  > yjoonk1@gmail.com, (primary) 0 > 1, ', '2020-03-21 18:54:55'),
(139, 100003, 4, 'INSERT FAMILY_MAPS [ID] 61', '2020-03-21 18:55:13'),
(140, 100004, 4, 'UPDATE MEMBERS [ID] 868 [DETAIL] (primary) 0 > 1, ', '2020-03-21 18:55:34'),
(141, 100003, 4, 'INSERT FAMILY_MAPS [ID] 62', '2020-03-21 18:55:53'),
(142, 100003, 4, 'INSERT FAMILY_MAPS [ID] 63', '2020-03-21 18:56:02'),
(143, 100003, 4, 'INSERT FAMILY_MAPS [ID] 64', '2020-03-21 18:56:14'),
(144, 100004, 4, 'UPDATE MEMBERS [ID] 872 [DETAIL] (email) jungwee@yahoo.com   > jungwee@yahoo.com, (primary) 0 > 1, ', '2020-03-21 18:57:03'),
(145, 100003, 4, 'INSERT FAMILY_MAPS [ID] 65', '2020-03-21 18:57:21'),
(146, 100004, 4, 'UPDATE MEMBERS [ID] 874 [DETAIL] (primary) 0 > 1, ', '2020-03-21 18:57:52'),
(147, 100004, 4, 'UPDATE MEMBERS [ID] 875 [DETAIL] (primary) 0 > 1, ', '2020-03-21 18:58:01'),
(148, 100003, 4, 'INSERT FAMILY_MAPS [ID] 66', '2020-03-21 18:58:21'),
(149, 100004, 4, 'UPDATE MEMBERS [ID] 877 [DETAIL] (primary) 0 > 1, ', '2020-03-21 18:58:35'),
(150, 100003, 4, 'INSERT FAMILY_MAPS [ID] 67', '2020-03-21 18:58:54'),
(151, 100003, 4, 'INSERT FAMILY_MAPS [ID] 68', '2020-03-21 18:59:08'),
(152, 100003, 4, 'INSERT FAMILY_MAPS [ID] 69', '2020-03-21 18:59:19'),
(153, 100004, 4, 'UPDATE MEMBERS [ID] 881 [DETAIL] (email) rinwon@gmail.com  > rinwon@gmail.com, (primary) 0 > 1, ', '2020-03-21 18:59:51'),
(154, 100003, 4, 'INSERT FAMILY_MAPS [ID] 70', '2020-03-21 19:00:09'),
(155, 100003, 4, 'INSERT FAMILY_MAPS [ID] 71', '2020-03-21 19:00:18'),
(156, 100003, 4, 'INSERT FAMILY_MAPS [ID] 72', '2020-03-21 19:00:27'),
(157, 100004, 4, 'UPDATE MEMBERS [ID] 885 [DETAIL] (email) jlees@canada.com  > jlees@canada.com, (primary) 0 > 1, ', '2020-03-21 19:00:45'),
(158, 100003, 4, 'INSERT FAMILY_MAPS [ID] 73', '2020-03-21 19:01:02'),
(159, 100003, 4, 'INSERT FAMILY_MAPS [ID] 74', '2020-03-21 19:01:32'),
(160, 100003, 4, 'INSERT FAMILY_MAPS [ID] 75', '2020-03-21 19:01:41'),
(161, 100004, 4, 'UPDATE MEMBERS [ID] 889 [DETAIL] (primary) 0 > 1, ', '2020-03-21 19:01:59'),
(162, 100004, 4, 'UPDATE MEMBERS [ID] 890 [DETAIL] (primary) 0 > 1, ', '2020-03-21 19:02:09'),
(163, 100003, 4, 'INSERT FAMILY_MAPS [ID] 76', '2020-03-21 19:02:26'),
(164, 100003, 4, 'INSERT FAMILY_MAPS [ID] 77', '2020-03-21 19:02:38'),
(165, 100004, 4, 'UPDATE MEMBERS [ID] 893 [DETAIL] (primary) 0 > 1, ', '2020-03-21 19:02:53'),
(166, 100003, 4, 'INSERT FAMILY_MAPS [ID] 78', '2020-03-21 19:03:08'),
(167, 100003, 4, 'INSERT FAMILY_MAPS [ID] 79', '2020-03-21 19:03:27'),
(168, 100004, 4, 'UPDATE MEMBERS [ID] 896 [DETAIL] (email) kisangrhee@yahoo.co.kr  > kisangrhee@yahoo.co.kr, (primary) 0 > 1, ', '2020-03-21 19:03:40'),
(169, 100003, 4, 'INSERT FAMILY_MAPS [ID] 80', '2020-03-21 19:03:57'),
(170, 100004, 4, 'UPDATE MEMBERS [ID] 898 [DETAIL] (primary) 0 > 1, ', '2020-03-21 19:04:10'),
(171, 100003, 4, 'INSERT FAMILY_MAPS [ID] 81', '2020-03-21 19:04:31'),
(172, 100004, 4, 'UPDATE MEMBERS [ID] 900 [DETAIL] (email) hyckbong@naver.com  > hyckbong@naver.com, (primary) 0 > 1, ', '2020-03-21 19:04:57'),
(173, 100004, 4, 'UPDATE MEMBERS [ID] 901 [DETAIL] (primary) 0 > 1, ', '2020-03-21 19:05:06'),
(174, 100004, 4, 'UPDATE MEMBERS [ID] 902 [DETAIL] (primary) 0 > 1, ', '2020-03-21 19:05:15'),
(175, 100003, 4, 'INSERT FAMILY_MAPS [ID] 82', '2020-03-21 19:05:33'),
(176, 100003, 4, 'INSERT FAMILY_MAPS [ID] 83', '2020-03-21 19:05:42'),
(177, 100003, 4, 'INSERT FAMILY_MAPS [ID] 84', '2020-03-21 19:05:51'),
(178, 100003, 4, 'INSERT FAMILY_MAPS [ID] 85', '2020-03-21 19:06:00'),
(179, 100003, 4, 'INSERT FAMILY_MAPS [ID] 86', '2020-03-21 19:06:08'),
(180, 100004, 4, 'UPDATE MEMBERS [ID] 908 [DETAIL] (email) mhhwang@hotmail.com  > mhhwang@hotmail.com, (primary) 0 > 1, ', '2020-03-21 19:06:20'),
(181, 100003, 4, 'INSERT FAMILY_MAPS [ID] 87', '2020-03-21 19:06:43'),
(182, 100003, 4, 'INSERT FAMILY_MAPS [ID] 88', '2020-03-21 19:06:52'),
(183, 100005, 4, 'DELETE FAMILY_MAPS [ID] 87', '2020-03-21 19:07:13'),
(184, 100003, 4, 'INSERT FAMILY_MAPS [ID] 89', '2020-03-21 19:07:28'),
(185, 100003, 4, 'INSERT FAMILY_MAPS [ID] 90', '2020-03-21 19:07:40'),
(186, 100004, 4, 'UPDATE MEMBERS [ID] 912 [DETAIL] (primary) 0 > 1, ', '2020-03-21 19:07:54'),
(187, 100003, 4, 'INSERT FAMILY_MAPS [ID] 91', '2020-03-21 19:08:10'),
(188, 100004, 4, 'UPDATE MEMBERS [ID] 914 [DETAIL] (primary) 0 > 1, ', '2020-03-21 19:08:25'),
(189, 100004, 4, 'UPDATE MEMBERS [ID] 915 [DETAIL] (primary) 0 > 1, ', '2020-03-21 19:08:41'),
(190, 100003, 4, 'INSERT FAMILY_MAPS [ID] 92', '2020-03-21 19:08:59'),
(191, 100003, 4, 'INSERT FAMILY_MAPS [ID] 93', '2020-03-21 19:09:18'),
(192, 100004, 4, 'UPDATE MEMBERS [ID] 918 [DETAIL] (primary) 0 > 1, ', '2020-03-21 19:09:39'),
(193, 100003, 4, 'INSERT FAMILY_MAPS [ID] 94', '2020-03-21 19:09:58'),
(194, 100003, 4, 'INSERT FAMILY_MAPS [ID] 95', '2020-03-21 19:10:14'),
(195, 100003, 4, 'INSERT FAMILY_MAPS [ID] 96', '2020-03-21 19:10:24'),
(196, 100004, 4, 'UPDATE MEMBERS [ID] 922 [DETAIL] (primary) 0 > 1, ', '2020-03-21 19:10:41'),
(197, 100003, 4, 'INSERT FAMILY_MAPS [ID] 97', '2020-03-21 19:11:01'),
(198, 100004, 4, 'UPDATE MEMBERS [ID] 924 [DETAIL] (primary) 0 > 1, ', '2020-03-21 19:11:16'),
(199, 100004, 4, 'UPDATE MEMBERS [ID] 925 [DETAIL] (primary) 0 > 1, ', '2020-03-21 19:11:27'),
(200, 100003, 4, 'INSERT FAMILY_MAPS [ID] 98', '2020-03-21 19:11:49'),
(201, 100004, 4, 'UPDATE MEMBERS [ID] 927 [DETAIL] ', '2020-03-21 19:12:04'),
(202, 100004, 4, 'UPDATE MEMBERS [ID] 928 [DETAIL] (email) hskim@emlsi.com  > hskim@emlsi.com, (primary) 0 > 1, ', '2020-03-21 19:12:14'),
(203, 100003, 4, 'INSERT FAMILY_MAPS [ID] 99', '2020-03-21 19:12:33'),
(204, 100004, 4, 'UPDATE MEMBERS [ID] 930 [DETAIL] (kor_name) 전재영  > 전재영, (primary) 0 > 1, ', '2020-03-21 19:12:45'),
(205, 100003, 4, 'INSERT FAMILY_MAPS [ID] 100', '2020-03-21 19:13:14'),
(206, 100004, 4, 'UPDATE MEMBERS [ID] 932 [DETAIL] (primary) 0 > 1, ', '2020-03-21 19:13:30'),
(207, 100003, 4, 'INSERT FAMILY_MAPS [ID] 101', '2020-03-21 19:13:46'),
(208, 100004, 4, 'UPDATE MEMBERS [ID] 934 [DETAIL] (primary) 0 > 1, ', '2020-03-21 19:13:58'),
(209, 100003, 4, 'INSERT FAMILY_MAPS [ID] 102', '2020-03-21 19:14:15'),
(210, 100004, 4, 'UPDATE MEMBERS [ID] 939 [DETAIL] (email) bongglee@hotmail.com  > bongglee@hotmail.com, (primary) 0 > 1, ', '2020-03-21 19:15:07'),
(211, 100003, 4, 'INSERT FAMILY_MAPS [ID] 103', '2020-03-21 19:15:25'),
(212, 100003, 4, 'INSERT FAMILY_MAPS [ID] 104', '2020-03-21 19:15:40'),
(213, 100004, 4, 'UPDATE MEMBERS [ID] 942 [DETAIL] (primary) 0 > 1, ', '2020-03-21 19:15:56'),
(214, 100003, 4, 'INSERT FAMILY_MAPS [ID] 105', '2020-03-21 19:16:13'),
(215, 100003, 4, 'INSERT FAMILY_MAPS [ID] 106', '2020-03-21 19:16:22'),
(216, 100003, 4, 'INSERT FAMILY_MAPS [ID] 107', '2020-03-21 19:16:30'),
(217, 100004, 4, 'UPDATE MEMBERS [ID] 946 [DETAIL] (primary) 0 > 1, ', '2020-03-21 19:16:47'),
(218, 100003, 4, 'INSERT FAMILY_MAPS [ID] 108', '2020-03-21 19:17:07'),
(219, 100003, 4, 'INSERT FAMILY_MAPS [ID] 109', '2020-03-21 19:18:31'),
(220, 100003, 4, 'INSERT FAMILY_MAPS [ID] 110', '2020-03-21 19:18:44'),
(221, 100003, 4, 'INSERT FAMILY_MAPS [ID] 111', '2020-03-21 19:18:52'),
(222, 100004, 4, 'UPDATE MEMBERS [ID] 952 [DETAIL] (primary) 0 > 1, ', '2020-03-21 19:19:09'),
(223, 100004, 4, 'UPDATE MEMBERS [ID] 953 [DETAIL] ', '2020-03-21 19:19:19'),
(224, 100003, 4, 'INSERT FAMILY_MAPS [ID] 112', '2020-03-21 19:19:36'),
(225, 100003, 4, 'INSERT FAMILY_MAPS [ID] 113', '2020-03-21 19:19:53'),
(226, 100003, 4, 'INSERT FAMILY_MAPS [ID] 114', '2020-03-21 19:20:01'),
(227, 100004, 4, 'UPDATE MEMBERS [ID] 957 [DETAIL] (primary) 0 > 1, ', '2020-03-21 19:20:13'),
(228, 100004, 4, 'UPDATE MEMBERS [ID] 958 [DETAIL] (primary) 0 > 1, ', '2020-03-21 19:20:22'),
(229, 100003, 4, 'INSERT FAMILY_MAPS [ID] 115', '2020-03-21 19:20:41'),
(230, 100003, 4, 'INSERT FAMILY_MAPS [ID] 116', '2020-03-21 19:21:02'),
(231, 100003, 4, 'INSERT FAMILY_MAPS [ID] 117', '2020-03-21 19:21:11'),
(232, 100003, 4, 'INSERT FAMILY_MAPS [ID] 118', '2020-03-21 19:21:23'),
(233, 100004, 4, 'UPDATE MEMBERS [ID] 963 [DETAIL] (primary) 0 > 1, ', '2020-03-21 19:21:43'),
(234, 100003, 4, 'INSERT FAMILY_MAPS [ID] 119', '2020-03-21 19:22:00'),
(235, 100004, 4, 'UPDATE MEMBERS [ID] 965 [DETAIL] (primary) 0 > 1, ', '2020-03-21 19:22:12'),
(236, 100003, 4, 'INSERT FAMILY_MAPS [ID] 120', '2020-03-21 19:22:32'),
(237, 100003, 4, 'INSERT FAMILY_MAPS [ID] 121', '2020-03-21 19:22:48'),
(238, 100003, 4, 'INSERT FAMILY_MAPS [ID] 122', '2020-03-21 19:22:59'),
(239, 100004, 4, 'UPDATE MEMBERS [ID] 970 [DETAIL] (primary) 0 > 1, ', '2020-03-21 19:25:26'),
(240, 100003, 4, 'INSERT FAMILY_MAPS [ID] 123', '2020-03-21 19:25:47'),
(241, 100004, 4, 'UPDATE MEMBERS [ID] 972 [DETAIL] (primary) 0 > 1, ', '2020-03-21 19:26:00'),
(242, 100003, 4, 'INSERT FAMILY_MAPS [ID] 124', '2020-03-21 19:26:54'),
(243, 100003, 4, 'INSERT FAMILY_MAPS [ID] 125', '2020-03-21 19:28:01'),
(244, 100005, 4, 'DELETE FAMILY_MAPS [ID] 124', '2020-03-21 19:28:16'),
(245, 100003, 4, 'INSERT FAMILY_MAPS [ID] 126', '2020-03-21 19:28:34'),
(246, 100003, 4, 'INSERT FAMILY_MAPS [ID] 127', '2020-03-21 19:28:43'),
(247, 100004, 4, 'UPDATE MEMBERS [ID] 976 [DETAIL] (email) hochunsuk@hotmail.com   > hochunsuk@hotmail.com, (primary) 0 > 1, ', '2020-03-21 19:28:55'),
(248, 100003, 4, 'INSERT FAMILY_MAPS [ID] 128', '2020-03-21 19:29:12'),
(249, 100004, 4, 'UPDATE MEMBERS [ID] 978 [DETAIL] (primary) 0 > 1, ', '2020-03-21 19:29:23'),
(250, 100003, 4, 'INSERT FAMILY_MAPS [ID] 129', '2020-03-21 19:29:40'),
(251, 100003, 4, 'INSERT FAMILY_MAPS [ID] 130', '2020-03-21 19:29:53'),
(252, 100003, 4, 'INSERT FAMILY_MAPS [ID] 131', '2020-03-21 19:30:03'),
(253, 100004, 4, 'UPDATE MEMBERS [ID] 982 [DETAIL] (email) hakjuneoh@rogers.com  > hakjuneoh@rogers.com, (primary) 0 > 1, ', '2020-03-21 19:30:16'),
(254, 100003, 4, 'INSERT FAMILY_MAPS [ID] 132', '2020-03-21 19:30:38'),
(255, 100003, 4, 'INSERT FAMILY_MAPS [ID] 133', '2020-03-21 19:30:46'),
(256, 100003, 4, 'INSERT FAMILY_MAPS [ID] 134', '2020-03-21 19:30:56'),
(257, 100004, 4, 'UPDATE MEMBERS [ID] 986 [DETAIL] (email) hjlee@rogers.com  > hjlee@rogers.com, (primary) 0 > 1, ', '2020-03-21 19:31:11'),
(258, 100003, 4, 'INSERT FAMILY_MAPS [ID] 135', '2020-03-21 19:31:31'),
(259, 100004, 4, 'UPDATE MEMBERS [ID] 988 [DETAIL] (primary) 0 > 1, ', '2020-03-21 19:31:55'),
(260, 100003, 4, 'INSERT FAMILY_MAPS [ID] 136', '2020-03-21 19:32:14'),
(261, 100003, 4, 'INSERT FAMILY_MAPS [ID] 137', '2020-03-21 19:32:25'),
(262, 100003, 4, 'INSERT FAMILY_MAPS [ID] 138', '2020-03-21 19:32:33'),
(263, 100004, 4, 'UPDATE MEMBERS [ID] 992 [DETAIL] (primary) 0 > 1, ', '2020-03-21 19:32:49'),
(264, 100003, 4, 'INSERT FAMILY_MAPS [ID] 139', '2020-03-21 19:33:05'),
(265, 100003, 4, 'INSERT FAMILY_MAPS [ID] 140', '2020-03-21 19:33:15'),
(266, 100003, 4, 'INSERT FAMILY_MAPS [ID] 141', '2020-03-21 19:33:30'),
(267, 100004, 4, 'UPDATE MEMBERS [ID] 996 [DETAIL] (primary) 0 > 1, ', '2020-03-21 19:33:46'),
(268, 100003, 4, 'INSERT FAMILY_MAPS [ID] 142', '2020-03-21 19:34:03'),
(269, 100003, 4, 'INSERT FAMILY_MAPS [ID] 143', '2020-03-21 19:34:12'),
(270, 100004, 4, 'UPDATE MEMBERS [ID] 999 [DETAIL] (primary) 0 > 1, ', '2020-03-21 19:34:24'),
(271, 100003, 4, 'INSERT FAMILY_MAPS [ID] 144', '2020-03-21 19:34:45'),
(272, 100003, 4, 'INSERT FAMILY_MAPS [ID] 145', '2020-03-21 19:34:55'),
(273, 100004, 4, 'UPDATE MEMBERS [ID] 1002 [DETAIL] (email) cbk610@dreamwiz.com  > cbk610@dreamwiz.com, (primary) 0 > 1, ', '2020-03-21 19:35:08'),
(274, 100003, 4, 'INSERT FAMILY_MAPS [ID] 146', '2020-03-21 19:35:28'),
(275, 100004, 4, 'UPDATE MEMBERS [ID] 1004 [DETAIL] (primary) 0 > 1, ', '2020-03-21 19:36:08'),
(276, 100003, 4, 'INSERT FAMILY_MAPS [ID] 147', '2020-03-21 19:36:24'),
(277, 100003, 4, 'INSERT FAMILY_MAPS [ID] 148', '2020-03-21 19:36:32'),
(278, 100004, 4, 'UPDATE MEMBERS [ID] 1007 [DETAIL] (primary) 0 > 1, ', '2020-03-21 19:36:46'),
(279, 100003, 4, 'INSERT FAMILY_MAPS [ID] 149', '2020-03-21 19:37:04'),
(280, 100004, 4, 'UPDATE MEMBERS [ID] 1009 [DETAIL] (email) hrhan20@gmail.com  > hrhan20@gmail.com, (primary) 0 > 1, ', '2020-03-21 19:37:14'),
(281, 100003, 4, 'INSERT FAMILY_MAPS [ID] 150', '2020-03-21 19:37:30'),
(282, 100004, 4, 'UPDATE MEMBERS [ID] 1011 [DETAIL] (primary) 0 > 1, ', '2020-03-21 19:37:40'),
(283, 100004, 4, 'UPDATE MEMBERS [ID] 1012 [DETAIL] (email) ottawaac@gmail.com/christinelee1223@hotmail.com > ottawaac@gmail.com, (primary) 0 > 1, ', '2020-03-21 19:38:01'),
(284, 100003, 4, 'INSERT FAMILY_MAPS [ID] 151', '2020-03-21 19:38:24'),
(285, 100003, 4, 'INSERT FAMILY_MAPS [ID] 152', '2020-03-21 19:38:35'),
(286, 100004, 4, 'UPDATE MEMBERS [ID] 1015 [DETAIL] (primary) 0 > 1, ', '2020-03-21 19:38:49'),
(287, 100004, 4, 'UPDATE MEMBERS [ID] 1016 [DETAIL] (primary) 0 > 1, ', '2020-03-21 19:39:01'),
(288, 100003, 4, 'INSERT FAMILY_MAPS [ID] 153', '2020-03-21 19:39:21'),
(289, 100004, 4, 'UPDATE MEMBERS [ID] 1018 [DETAIL] (primary) 0 > 1, ', '2020-03-21 19:39:33'),
(290, 100003, 4, 'INSERT FAMILY_MAPS [ID] 154', '2020-03-21 19:39:48'),
(291, 100003, 4, 'INSERT FAMILY_MAPS [ID] 155', '2020-03-21 19:39:57'),
(292, 100003, 4, 'INSERT FAMILY_MAPS [ID] 156', '2020-03-21 19:40:05'),
(293, 100004, 4, 'UPDATE MEMBERS [ID] 1022 [DETAIL] (email) lee.frankc@gmail.com  > lee.frankc@gmail.com, (primary) 0 > 1, ', '2020-03-21 19:40:14'),
(294, 100003, 4, 'INSERT FAMILY_MAPS [ID] 157', '2020-03-21 19:40:40'),
(295, 100003, 4, 'INSERT FAMILY_MAPS [ID] 158', '2020-03-21 19:41:08'),
(296, 100004, 4, 'UPDATE MEMBERS [ID] 1025 [DETAIL] (primary) 0 > 1, ', '2020-03-21 19:41:31'),
(297, 100004, 4, 'UPDATE MEMBERS [ID] 1026 [DETAIL] (primary) 0 > 1, ', '2020-03-21 19:41:41'),
(298, 100003, 4, 'INSERT FAMILY_MAPS [ID] 159', '2020-03-21 19:42:06'),
(299, 100003, 4, 'INSERT FAMILY_MAPS [ID] 160', '2020-03-21 19:42:18'),
(300, 100003, 4, 'INSERT FAMILY_MAPS [ID] 161', '2020-03-21 19:42:28'),
(301, 100004, 4, 'UPDATE MEMBERS [ID] 1030 [DETAIL] (email) hsrhie@gmail.com  > hsrhie@gmail.com, (primary) 0 > 1, ', '2020-03-21 19:42:39'),
(302, 100003, 4, 'INSERT FAMILY_MAPS [ID] 162', '2020-03-21 19:42:55'),
(303, 100003, 4, 'INSERT FAMILY_MAPS [ID] 163', '2020-03-21 19:43:03'),
(304, 100004, 4, 'UPDATE MEMBERS [ID] 1033 [DETAIL] (first_name)  > Dale, (last_name)  > Ohh, (primary) 0 > 1, ', '2020-03-21 19:43:32'),
(305, 100004, 4, 'UPDATE MEMBERS [ID] 1034 [DETAIL] (primary) 0 > 1, ', '2020-03-21 19:43:57'),
(306, 100003, 4, 'INSERT FAMILY_MAPS [ID] 164', '2020-03-21 19:44:17'),
(307, 100004, 4, 'UPDATE MEMBERS [ID] 1036 [DETAIL] (primary) 0 > 1, ', '2020-03-21 19:44:30'),
(308, 100003, 4, 'INSERT FAMILY_MAPS [ID] 165', '2020-03-21 19:44:47'),
(309, 100003, 4, 'INSERT FAMILY_MAPS [ID] 166', '2020-03-21 19:45:01'),
(310, 100004, 4, 'UPDATE MEMBERS [ID] 1039 [DETAIL] (primary) 0 > 1, ', '2020-03-21 19:45:17'),
(311, 100003, 4, 'INSERT FAMILY_MAPS [ID] 167', '2020-03-21 19:45:42'),
(312, 100003, 4, 'INSERT FAMILY_MAPS [ID] 168', '2020-03-21 19:45:52'),
(313, 100003, 4, 'INSERT FAMILY_MAPS [ID] 169', '2020-03-21 19:46:01'),
(314, 100003, 4, 'INSERT FAMILY_MAPS [ID] 170', '2020-03-21 19:46:23'),
(315, 100004, 4, 'UPDATE MEMBERS [ID] 1044 [DETAIL] (primary) 0 > 1, ', '2020-03-22 02:33:45'),
(316, 100003, 4, 'INSERT FAMILY_MAPS [ID] 171', '2020-03-22 02:34:05'),
(317, 100003, 4, 'INSERT FAMILY_MAPS [ID] 172', '2020-03-22 02:34:22'),
(318, 100003, 4, 'INSERT FAMILY_MAPS [ID] 173', '2020-03-22 02:34:33'),
(319, 100004, 4, 'UPDATE MEMBERS [ID] 1048 [DETAIL] (address) #2103-38 Metropole Pvt., Ottawa, ON  > #2103-38 Metropole Pvt., Ottawa, ON, (primary) 0 > 1, ', '2020-03-22 02:34:50'),
(320, 100003, 4, 'INSERT FAMILY_MAPS [ID] 174', '2020-03-22 02:35:10'),
(321, 100004, 4, 'UPDATE MEMBERS [ID] 1050 [DETAIL] (primary) 0 > 1, ', '2020-03-22 02:35:27'),
(322, 100003, 4, 'INSERT FAMILY_MAPS [ID] 175', '2020-03-22 02:35:45'),
(323, 100003, 4, 'INSERT FAMILY_MAPS [ID] 176', '2020-03-22 02:36:04'),
(324, 100003, 4, 'INSERT FAMILY_MAPS [ID] 177', '2020-03-22 02:36:15'),
(325, 100003, 4, 'INSERT FAMILY_MAPS [ID] 178', '2020-03-22 02:36:56'),
(326, 100004, 4, 'UPDATE MEMBERS [ID] 1055 [DETAIL] (primary) 0 > 1, ', '2020-03-22 02:37:39'),
(327, 100003, 4, 'INSERT FAMILY_MAPS [ID] 179', '2020-03-22 02:38:03'),
(328, 100004, 4, 'UPDATE MEMBERS [ID] 1057 [DETAIL] (email) mseung@sympatico.ca  > mseung@sympatico.ca, (primary) 0 > 1, ', '2020-03-22 02:38:26'),
(329, 100003, 4, 'INSERT FAMILY_MAPS [ID] 180', '2020-03-22 02:38:47'),
(330, 100003, 4, 'INSERT FAMILY_MAPS [ID] 181', '2020-03-22 02:39:06'),
(331, 100004, 4, 'UPDATE MEMBERS [ID] 1060 [DETAIL] (primary) 0 > 1, ', '2020-03-22 02:39:19'),
(332, 100004, 4, 'UPDATE MEMBERS [ID] 1061 [DETAIL] (primary) 0 > 1, ', '2020-03-22 02:39:30'),
(333, 100003, 4, 'INSERT FAMILY_MAPS [ID] 182', '2020-03-22 02:39:55'),
(334, 100003, 4, 'INSERT FAMILY_MAPS [ID] 183', '2020-03-22 02:40:29'),
(335, 100004, 4, 'UPDATE MEMBERS [ID] 1063 [DETAIL] (kor_name) 장복동(suyogya Bhattarai) > 장복동, ', '2020-03-22 02:40:46'),
(336, 100004, 4, 'UPDATE MEMBERS [ID] 1064 [DETAIL] ', '2020-03-22 02:41:09'),
(337, 100004, 4, 'UPDATE MEMBERS [ID] 1064 [DETAIL] ', '2020-03-22 02:41:16'),
(338, 100003, 4, 'INSERT FAMILY_MAPS [ID] 184', '2020-03-22 02:41:35'),
(339, 100003, 4, 'INSERT FAMILY_MAPS [ID] 185', '2020-03-22 02:41:45'),
(340, 100003, 4, 'INSERT FAMILY_MAPS [ID] 186', '2020-03-22 02:41:55'),
(341, 100004, 4, 'UPDATE MEMBERS [ID] 1068 [DETAIL] (primary) 0 > 1, ', '2020-03-22 02:42:09'),
(342, 100003, 4, 'INSERT FAMILY_MAPS [ID] 187', '2020-03-22 02:42:25'),
(343, 100003, 4, 'INSERT FAMILY_MAPS [ID] 188', '2020-03-22 02:42:33'),
(344, 100004, 4, 'UPDATE MEMBERS [ID] 1071 [DETAIL] (email) sohh64@gmail.com  > sohh64@gmail.com, (primary) 0 > 1, ', '2020-03-22 02:42:45'),
(345, 100003, 4, 'INSERT FAMILY_MAPS [ID] 189', '2020-03-22 02:43:04'),
(346, 100004, 4, 'UPDATE MEMBERS [ID] 1073 [DETAIL] (primary) 0 > 1, ', '2020-03-22 02:43:19'),
(347, 100003, 4, 'INSERT FAMILY_MAPS [ID] 190', '2020-03-22 02:43:34'),
(348, 100003, 4, 'INSERT FAMILY_MAPS [ID] 191', '2020-03-22 02:43:43'),
(349, 100003, 4, 'INSERT FAMILY_MAPS [ID] 192', '2020-03-22 02:43:51'),
(350, 100004, 4, 'UPDATE MEMBERS [ID] 1077 [DETAIL] (primary) 0 > 1, ', '2020-03-22 02:44:07'),
(351, 100003, 4, 'INSERT FAMILY_MAPS [ID] 193', '2020-03-22 02:44:26'),
(352, 100004, 4, 'UPDATE MEMBERS [ID] 1079 [DETAIL] (primary) 0 > 1, ', '2020-03-22 02:44:48'),
(353, 100003, 4, 'INSERT FAMILY_MAPS [ID] 194', '2020-03-22 02:45:04'),
(354, 100003, 4, 'INSERT FAMILY_MAPS [ID] 195', '2020-03-22 02:45:19'),
(355, 100004, 4, 'UPDATE MEMBERS [ID] 1082 [DETAIL] (primary) 0 > 1, ', '2020-03-22 02:45:38'),
(356, 100003, 4, 'INSERT FAMILY_MAPS [ID] 196', '2020-03-22 02:45:54'),
(357, 100003, 4, 'INSERT FAMILY_MAPS [ID] 197', '2020-03-22 02:46:03'),
(358, 100003, 4, 'INSERT FAMILY_MAPS [ID] 198', '2020-03-22 02:46:11'),
(359, 100004, 4, 'UPDATE MEMBERS [ID] 1086 [DETAIL] (tel_home) 613-692-0575  > 613-692-0575, (email) makang@hotmail.com  > makang@hotmail.com, (primary) 0 > 1, ', '2020-03-22 02:46:25'),
(360, 100003, 4, 'INSERT FAMILY_MAPS [ID] 199', '2020-03-22 02:46:45'),
(361, 100003, 4, 'INSERT FAMILY_MAPS [ID] 200', '2020-03-22 02:47:04'),
(362, 100003, 4, 'INSERT FAMILY_MAPS [ID] 201', '2020-03-22 02:47:13'),
(363, 100004, 4, 'UPDATE MEMBERS [ID] 1090 [DETAIL] (primary) 0 > 1, ', '2020-03-22 02:47:24'),
(364, 100004, 4, 'UPDATE MEMBERS [ID] 1091 [DETAIL] (primary) 0 > 1, ', '2020-03-22 02:47:37'),
(365, 100003, 4, 'INSERT FAMILY_MAPS [ID] 202', '2020-03-22 02:47:53'),
(366, 100003, 4, 'INSERT FAMILY_MAPS [ID] 203', '2020-03-22 02:48:04'),
(367, 100003, 4, 'INSERT FAMILY_MAPS [ID] 204', '2020-03-22 02:48:14'),
(368, 100004, 4, 'UPDATE MEMBERS [ID] 1095 [DETAIL] (primary) 0 > 1, ', '2020-03-22 02:49:05'),
(369, 100003, 4, 'INSERT FAMILY_MAPS [ID] 205', '2020-03-22 02:49:23'),
(370, 100004, 4, 'UPDATE MEMBERS [ID] 1097 [DETAIL] (primary) 0 > 1, ', '2020-03-22 02:49:36'),
(371, 100004, 4, 'UPDATE MEMBERS [ID] 1098 [DETAIL] (address) 2209-242 Rideau St., Ottawa, On  > 2209-242 Rideau St., Ottawa, On, (primary) 0 > 1, ', '2020-03-22 02:49:49'),
(372, 100004, 4, 'UPDATE MEMBERS [ID] 1099 [DETAIL] (primary) 0 > 1, ', '2020-03-22 02:49:58'),
(373, 100004, 4, 'UPDATE MEMBERS [ID] 1100 [DETAIL] (primary) 0 > 1, ', '2020-03-22 02:50:09'),
(374, 100004, 4, 'UPDATE MEMBERS [ID] 1101 [DETAIL] (primary) 0 > 1, ', '2020-03-22 02:50:17'),
(375, 100003, 4, 'INSERT FAMILY_MAPS [ID] 206', '2020-03-22 02:50:35'),
(376, 100003, 4, 'INSERT FAMILY_MAPS [ID] 207', '2020-03-22 02:50:42'),
(377, 100003, 4, 'INSERT FAMILY_MAPS [ID] 208', '2020-03-22 02:50:51'),
(378, 100004, 4, 'UPDATE MEMBERS [ID] 1105 [DETAIL] (primary) 0 > 1, ', '2020-03-22 02:52:46'),
(379, 100003, 4, 'INSERT FAMILY_MAPS [ID] 209', '2020-03-22 02:53:02'),
(380, 100003, 4, 'INSERT FAMILY_MAPS [ID] 210', '2020-03-22 02:53:13'),
(381, 100003, 4, 'INSERT FAMILY_MAPS [ID] 211', '2020-03-22 02:53:21'),
(382, 100003, 4, 'INSERT FAMILY_MAPS [ID] 212', '2020-03-22 02:53:28'),
(383, 100004, 4, 'UPDATE MEMBERS [ID] 1110 [DETAIL] (primary) 0 > 1, ', '2020-03-22 02:53:41'),
(384, 100004, 4, 'UPDATE MEMBERS [ID] 1111 [DETAIL] (primary) 0 > 1, ', '2020-03-22 02:54:00'),
(385, 100004, 4, 'UPDATE MEMBERS [ID] 1112 [DETAIL] (primary) 0 > 1, ', '2020-03-22 02:54:13'),
(386, 100004, 4, 'UPDATE MEMBERS [ID] 1113 [DETAIL] (primary) 0 > 1, ', '2020-03-22 02:54:22'),
(387, 100004, 4, 'UPDATE MEMBERS [ID] 1114 [DETAIL] (primary) 0 > 1, ', '2020-03-22 02:54:38'),
(388, 100004, 4, 'UPDATE MEMBERS [ID] 1115 [DETAIL] (primary) 0 > 1, ', '2020-03-22 02:54:48'),
(389, 100004, 4, 'UPDATE MEMBERS [ID] 1116 [DETAIL] (primary) 0 > 1, ', '2020-03-22 02:54:57'),
(390, 100003, 4, 'INSERT FAMILY_MAPS [ID] 213', '2020-03-22 02:55:15'),
(391, 100003, 4, 'INSERT FAMILY_MAPS [ID] 214', '2020-03-22 02:55:27'),
(392, 100004, 4, 'UPDATE MEMBERS [ID] 1119 [DETAIL] (first_name)  > Sunghyun, (last_name)  > Choi, (primary) 0 > 1, ', '2020-03-22 02:55:56'),
(393, 100003, 4, 'INSERT FAMILY_MAPS [ID] 215', '2020-03-22 02:56:17'),
(394, 100004, 4, 'UPDATE MEMBERS [ID] 1121 [DETAIL] (email) wonsangchoi@hotmail.com  > wonsangchoi@hotmail.com, (primary) 0 > 1, ', '2020-03-22 02:56:32'),
(395, 100003, 4, 'INSERT FAMILY_MAPS [ID] 216', '2020-03-22 02:56:46'),
(396, 100003, 4, 'INSERT FAMILY_MAPS [ID] 217', '2020-03-22 02:57:00'),
(397, 100004, 4, 'UPDATE MEMBERS [ID] 1124 [DETAIL] (primary) 0 > 1, ', '2020-03-22 02:57:20'),
(398, 100004, 4, 'UPDATE MEMBERS [ID] 1125 [DETAIL] (primary) 0 > 1, ', '2020-03-22 02:57:31'),
(399, 100003, 4, 'INSERT FAMILY_MAPS [ID] 218', '2020-03-22 02:57:50'),
(400, 100003, 4, 'INSERT FAMILY_MAPS [ID] 219', '2020-03-22 02:58:04'),
(401, 100003, 4, 'INSERT FAMILY_MAPS [ID] 220', '2020-03-22 02:58:14'),
(402, 100004, 4, 'UPDATE MEMBERS [ID] 1129 [DETAIL] (primary) 0 > 1, ', '2020-03-22 02:58:30'),
(403, 100004, 4, 'UPDATE MEMBERS [ID] 1131 [DETAIL] (primary) 0 > 1, ', '2020-03-22 02:58:39'),
(404, 100003, 4, 'INSERT FAMILY_MAPS [ID] 221', '2020-03-22 02:58:57'),
(405, 100004, 4, 'UPDATE MEMBERS [ID] 1132 [DETAIL] (primary) 0 > 1, ', '2020-03-22 02:59:26'),
(406, 100004, 4, 'UPDATE MEMBERS [ID] 1133 [DETAIL] (primary) 0 > 1, ', '2020-03-22 02:59:34'),
(407, 100004, 4, 'UPDATE MEMBERS [ID] 1134 [DETAIL] (primary) 0 > 1, ', '2020-03-22 02:59:42'),
(408, 100004, 4, 'UPDATE MEMBERS [ID] 1135 [DETAIL] (primary) 0 > 1, ', '2020-03-22 02:59:50'),
(409, 100003, 4, 'INSERT FAMILY_MAPS [ID] 222', '2020-03-22 03:00:05'),
(410, 100004, 4, 'UPDATE MEMBERS [ID] 1137 [DETAIL] ', '2020-03-22 03:00:18'),
(411, 100003, 4, 'INSERT FAMILY_MAPS [ID] 223', '2020-03-22 03:00:42'),
(412, 100003, 4, 'INSERT FAMILY_MAPS [ID] 224', '2020-03-22 03:00:58'),
(413, 100004, 4, 'UPDATE MEMBERS [ID] 1140 [DETAIL] (primary) 0 > 1, ', '2020-03-22 03:01:12'),
(414, 100003, 4, 'INSERT FAMILY_MAPS [ID] 225', '2020-03-22 03:01:29'),
(415, 100004, 4, 'UPDATE MEMBERS [ID] 1142 [DETAIL] (primary) 0 > 1, ', '2020-03-22 03:01:42'),
(416, 100004, 4, 'UPDATE MEMBERS [ID] 1143 [DETAIL] (primary) 0 > 1, ', '2020-03-22 03:01:51'),
(417, 100004, 4, 'UPDATE MEMBERS [ID] 1144 [DETAIL] (primary) 0 > 1, ', '2020-03-22 03:02:05'),
(418, 100003, 4, 'INSERT FAMILY_MAPS [ID] 226', '2020-03-22 03:02:25'),
(419, 100004, 4, 'UPDATE MEMBERS [ID] 1146 [DETAIL] (primary) 0 > 1, ', '2020-03-22 03:02:36'),
(420, 100004, 4, 'UPDATE MEMBERS [ID] 1147 [DETAIL] (primary) 0 > 1, ', '2020-03-22 03:02:45'),
(421, 100004, 4, 'UPDATE MEMBERS [ID] 1148 [DETAIL] (primary) 0 > 1, ', '2020-03-22 03:02:53'),
(422, 100004, 4, 'UPDATE MEMBERS [ID] 1149 [DETAIL] (primary) 0 > 1, ', '2020-03-22 03:03:01'),
(423, 100004, 4, 'UPDATE MEMBERS [ID] 1150 [DETAIL] ', '2020-03-22 03:03:09'),
(424, 100004, 4, 'UPDATE MEMBERS [ID] 1151 [DETAIL] (primary) 0 > 1, ', '2020-03-22 03:03:18'),
(425, 100004, 4, 'UPDATE MEMBERS [ID] 1152 [DETAIL] (primary) 0 > 1, ', '2020-03-22 03:03:32'),
(426, 100004, 4, 'UPDATE MEMBERS [ID] 1153 [DETAIL] (primary) 0 > 1, ', '2020-03-22 03:03:40'),
(427, 100004, 4, 'UPDATE MEMBERS [ID] 1154 [DETAIL] (primary) 0 > 1, ', '2020-03-22 03:03:49'),
(428, 100004, 4, 'UPDATE MEMBERS [ID] 1155 [DETAIL] (primary) 0 > 1, ', '2020-03-22 03:03:56'),
(429, 100004, 4, 'UPDATE MEMBERS [ID] 1156 [DETAIL] (primary) 0 > 1, ', '2020-03-22 03:04:04'),
(430, 100003, 4, 'INSERT FAMILY_MAPS [ID] 227', '2020-03-22 03:04:21'),
(431, 100003, 4, 'INSERT FAMILY_MAPS [ID] 228', '2020-03-22 03:04:31'),
(432, 100003, 4, 'INSERT FAMILY_MAPS [ID] 229', '2020-03-22 03:04:48'),
(433, 100005, 4, 'DELETE FAMILY_MAPS [ID] 228', '2020-03-22 03:04:55'),
(434, 100003, 4, 'INSERT FAMILY_MAPS [ID] 230', '2020-03-22 03:05:09'),
(435, 100004, 4, 'UPDATE MEMBERS [ID] 1160 [DETAIL] (primary) 0 > 1, ', '2020-03-22 03:05:29'),
(436, 100004, 4, 'UPDATE MEMBERS [ID] 1161 [DETAIL] (primary) 0 > 1, ', '2020-03-22 03:05:40'),
(437, 100004, 4, 'UPDATE MEMBERS [ID] 1162 [DETAIL] ', '2020-03-22 03:05:50'),
(438, 100003, 4, 'INSERT FAMILY_MAPS [ID] 231', '2020-03-22 03:06:11'),
(439, 100004, 4, 'UPDATE MEMBERS [ID] 1164 [DETAIL] (primary) 0 > 1, ', '2020-03-22 03:06:27'),
(440, 100004, 4, 'UPDATE MEMBERS [ID] 1165 [DETAIL] (primary) 0 > 1, ', '2020-03-22 03:06:36'),
(441, 100004, 4, 'UPDATE MEMBERS [ID] 1166 [DETAIL] (primary) 0 > 1, ', '2020-03-22 03:06:45'),
(442, 100003, 4, 'INSERT FAMILY_MAPS [ID] 232', '2020-03-22 03:07:01'),
(443, 100004, 4, 'UPDATE MEMBERS [ID] 1168 [DETAIL] (primary) 0 > 1, ', '2020-03-22 03:07:26'),
(444, 100003, 4, 'INSERT FAMILY_MAPS [ID] 233', '2020-03-22 03:07:43'),
(445, 100003, 4, 'INSERT FAMILY_MAPS [ID] 234', '2020-03-22 03:07:55'),
(446, 100004, 4, 'UPDATE MEMBERS [ID] 1171 [DETAIL] ', '2020-03-22 03:08:08'),
(447, 100004, 4, 'UPDATE MEMBERS [ID] 1172 [DETAIL] (primary) 0 > 1, ', '2020-03-22 03:08:24'),
(448, 100003, 4, 'INSERT FAMILY_MAPS [ID] 235', '2020-03-22 03:08:39'),
(449, 100003, 4, 'INSERT FAMILY_MAPS [ID] 236', '2020-03-22 03:09:29'),
(450, 100003, 4, 'INSERT FAMILY_MAPS [ID] 237', '2020-03-22 03:09:40'),
(451, 100004, 4, 'UPDATE MEMBERS [ID] 1176 [DETAIL] (primary) 0 > 1, ', '2020-03-22 03:09:54'),
(452, 100003, 4, 'INSERT FAMILY_MAPS [ID] 238', '2020-03-22 03:10:12'),
(453, 100003, 4, 'INSERT FAMILY_MAPS [ID] 239', '2020-03-22 03:10:21'),
(454, 100004, 4, 'UPDATE MEMBERS [ID] 1179 [DETAIL] (primary) 0 > 1, ', '2020-03-22 03:10:33'),
(455, 100004, 4, 'UPDATE MEMBERS [ID] 1180 [DETAIL] (primary) 0 > 1, ', '2020-03-22 03:10:41'),
(456, 100004, 4, 'UPDATE MEMBERS [ID] 1181 [DETAIL] (primary) 0 > 1, ', '2020-03-22 03:10:49'),
(457, 100004, 4, 'UPDATE MEMBERS [ID] 1182 [DETAIL] (primary) 0 > 1, ', '2020-03-22 03:10:57'),
(458, 100004, 4, 'UPDATE MEMBERS [ID] 1183 [DETAIL] (primary) 0 > 1, ', '2020-03-22 03:11:05'),
(459, 100004, 4, 'UPDATE MEMBERS [ID] 1184 [DETAIL] (primary) 0 > 1, ', '2020-03-22 03:11:12'),
(460, 100004, 4, 'UPDATE MEMBERS [ID] 1185 [DETAIL] (primary) 0 > 1, ', '2020-03-22 03:11:20'),
(461, 100004, 4, 'UPDATE MEMBERS [ID] 1186 [DETAIL] (primary) 0 > 1, ', '2020-03-22 03:11:27'),
(462, 100004, 4, 'UPDATE MEMBERS [ID] 1187 [DETAIL] (primary) 0 > 1, ', '2020-03-22 03:11:35'),
(463, 100004, 4, 'UPDATE MEMBERS [ID] 1188 [DETAIL] (primary) 0 > 1, ', '2020-03-22 03:11:49'),
(464, 100003, 4, 'INSERT FAMILY_MAPS [ID] 240', '2020-03-22 03:12:10'),
(465, 100004, 4, 'UPDATE MEMBERS [ID] 1190 [DETAIL] (primary) 0 > 1, ', '2020-03-22 03:12:19'),
(466, 100004, 4, 'UPDATE MEMBERS [ID] 1191 [DETAIL] (primary) 0 > 1, ', '2020-03-22 03:12:26'),
(467, 100003, 4, 'INSERT FAMILY_MAPS [ID] 241', '2020-03-22 03:12:41'),
(468, 100003, 4, 'INSERT FAMILY_MAPS [ID] 242', '2020-03-22 03:12:51'),
(469, 100003, 4, 'INSERT FAMILY_MAPS [ID] 243', '2020-03-22 03:13:00'),
(470, 100004, 4, 'UPDATE MEMBERS [ID] 1195 [DETAIL] (primary) 0 > 1, ', '2020-03-22 03:13:12'),
(471, 100004, 4, 'UPDATE MEMBERS [ID] 1196 [DETAIL] (primary) 0 > 1, ', '2020-03-22 03:13:20'),
(472, 100003, 4, 'INSERT FAMILY_MAPS [ID] 244', '2020-03-22 03:13:38'),
(473, 100003, 4, 'INSERT FAMILY_MAPS [ID] 245', '2020-03-22 03:13:47'),
(474, 100004, 4, 'UPDATE MEMBERS [ID] 1199 [DETAIL] (primary) 0 > 1, ', '2020-03-22 03:13:58'),
(475, 100004, 4, 'UPDATE MEMBERS [ID] 1200 [DETAIL] (primary) 0 > 1, ', '2020-03-22 03:14:06'),
(476, 100003, 4, 'INSERT FAMILY_MAPS [ID] 246', '2020-03-22 03:14:24'),
(477, 100003, 4, 'INSERT FAMILY_MAPS [ID] 247', '2020-03-22 03:14:35'),
(478, 100003, 4, 'INSERT FAMILY_MAPS [ID] 248', '2020-03-22 03:14:44'),
(479, 100004, 4, 'UPDATE MEMBERS [ID] 1204 [DETAIL] (primary) 0 > 1, ', '2020-03-22 03:14:55'),
(480, 100004, 4, 'UPDATE MEMBERS [ID] 1205 [DETAIL] (primary) 0 > 1, ', '2020-03-22 03:15:03'),
(481, 100003, 4, 'INSERT FAMILY_MAPS [ID] 249', '2020-03-22 03:15:19'),
(482, 100004, 4, 'UPDATE MEMBERS [ID] 1207 [DETAIL] (primary) 0 > 1, ', '2020-03-22 03:15:39'),
(483, 100004, 4, 'UPDATE MEMBERS [ID] 1208 [DETAIL] ', '2020-03-22 03:15:47'),
(484, 100004, 4, 'UPDATE MEMBERS [ID] 1209 [DETAIL] (primary) 0 > 1, ', '2020-03-22 03:15:56'),
(485, 100003, 4, 'INSERT FAMILY_MAPS [ID] 250', '2020-03-22 03:16:11'),
(486, 100004, 4, 'UPDATE MEMBERS [ID] 1211 [DETAIL] (primary) 0 > 1, ', '2020-03-22 03:16:21'),
(487, 100004, 4, 'UPDATE MEMBERS [ID] 1212 [DETAIL] (primary) 0 > 1, ', '2020-03-22 03:16:29'),
(488, 100004, 4, 'UPDATE MEMBERS [ID] 1213 [DETAIL] (primary) 0 > 1, ', '2020-03-22 03:16:37'),
(489, 100004, 4, 'UPDATE MEMBERS [ID] 1214 [DETAIL] (primary) 0 > 1, ', '2020-03-22 03:16:47'),
(490, 100003, 4, 'INSERT FAMILY_MAPS [ID] 251', '2020-03-22 03:17:03'),
(491, 100003, 4, 'INSERT FAMILY_MAPS [ID] 252', '2020-03-22 03:17:10'),
(492, 100004, 4, 'UPDATE MEMBERS [ID] 1217 [DETAIL] (primary) 0 > 1, ', '2020-03-22 03:17:22'),
(493, 100004, 4, 'UPDATE MEMBERS [ID] 1218 [DETAIL] (primary) 0 > 1, ', '2020-03-22 03:17:30'),
(494, 100004, 4, 'UPDATE MEMBERS [ID] 1219 [DETAIL] (primary) 0 > 1, ', '2020-03-22 03:17:42'),
(495, 100004, 4, 'UPDATE MEMBERS [ID] 1220 [DETAIL] (address) 74 Kilbarry Crescent, Ottawa, On  > 74 Kilbarry Crescent, Ottawa, On, (primary) 0 > 1, ', '2020-03-22 03:17:51'),
(496, 100003, 4, 'INSERT FAMILY_MAPS [ID] 253', '2020-03-22 03:18:07'),
(497, 100003, 4, 'INSERT FAMILY_MAPS [ID] 254', '2020-03-22 03:18:16'),
(498, 100004, 4, 'UPDATE MEMBERS [ID] 1223 [DETAIL] (primary) 0 > 1, ', '2020-03-22 03:18:28'),
(499, 100004, 4, 'UPDATE MEMBERS [ID] 1224 [DETAIL] (primary) 0 > 1, ', '2020-03-22 03:18:43'),
(500, 100004, 4, 'UPDATE MEMBERS [ID] 1225 [DETAIL] (primary) 0 > 1, ', '2020-03-22 03:18:51'),
(501, 100004, 4, 'UPDATE MEMBERS [ID] 1226 [DETAIL] (primary) 0 > 1, ', '2020-03-22 03:19:02'),
(502, 100004, 4, 'UPDATE MEMBERS [ID] 1227 [DETAIL] (primary) 0 > 1, ', '2020-03-22 03:19:13'),
(503, 100003, 4, 'INSERT FAMILY_MAPS [ID] 255', '2020-03-22 03:19:30'),
(504, 100003, 4, 'INSERT FAMILY_MAPS [ID] 256', '2020-03-22 03:19:39'),
(505, 100004, 4, 'UPDATE MEMBERS [ID] 1230 [DETAIL] (primary) 0 > 1, ', '2020-03-22 03:19:54'),
(506, 100004, 4, 'UPDATE MEMBERS [ID] 1231 [DETAIL] (primary) 0 > 1, ', '2020-03-22 03:20:05'),
(507, 100004, 4, 'UPDATE MEMBERS [ID] 1232 [DETAIL] (primary) 0 > 1, ', '2020-03-22 03:20:13'),
(508, 100004, 4, 'UPDATE MEMBERS [ID] 1233 [DETAIL] (primary) 0 > 1, ', '2020-03-22 03:20:26'),
(509, 100004, 4, 'UPDATE MEMBERS [ID] 1235 [DETAIL] (primary) 0 > 1, ', '2020-03-22 03:20:38'),
(510, 100004, 4, 'UPDATE MEMBERS [ID] 1236 [DETAIL] (primary) 0 > 1, ', '2020-03-22 03:20:46'),
(511, 100004, 4, 'UPDATE MEMBERS [ID] 958 [DETAIL] (first_name) Chonghyun > Chonghyun (David), ', '2020-03-23 17:17:57'),
(512, 100004, 4, 'UPDATE MEMBERS [ID] 1073 [DETAIL] (first_name) Wonsuk > Wonsuk (Bryan), ', '2020-03-23 17:30:14'),
(513, 100004, 4, 'UPDATE MEMBERS [ID] 1164 [DETAIL] (tel_home)  > 613-422-5072, ', '2020-03-23 17:34:34'),
(514, 100003, 4, 'INSERT MEMBERS [ID] 1237', '2020-03-23 17:47:41'),
(515, 100003, 4, 'INSERT MEMBERS [ID] 1238', '2020-03-23 17:48:15'),
(516, 100003, 4, 'INSERT MEMBERS [ID] 1239', '2020-03-23 17:48:58'),
(517, 100003, 4, 'INSERT MEMBERS [ID] 1240', '2020-03-23 17:49:31'),
(518, 100003, 4, 'INSERT MEMBERS [ID] 1241', '2020-03-24 13:26:27'),
(519, 100003, 4, 'INSERT MEMBERS [ID] 1242', '2020-03-24 13:27:03'),
(520, 100004, 4, 'UPDATE MEMBERS [ID] 1241 [DETAIL] ', '2020-03-24 13:27:11'),
(521, 100003, 4, 'INSERT FAMILY_MAPS [ID] 257', '2020-03-24 13:27:30'),
(522, 100003, 4, 'INSERT FAMILY_MAPS [ID] 258', '2020-03-24 13:27:38'),
(523, 100004, 4, 'UPDATE MEMBERS [ID] 1242 [DETAIL] (gender) M > F, ', '2020-03-24 13:27:54'),
(524, 100003, 4, 'INSERT MEMBERS [ID] 1243', '2020-03-24 13:28:44'),
(525, 100003, 4, 'INSERT FAMILY_MAPS [ID] 259', '2020-03-24 13:29:10'),
(526, 100004, 4, 'UPDATE MEMBERS [ID] 1118 [DETAIL] (kor_name) 조진이 > 조진희, ', '2020-03-24 13:31:27'),
(527, 100003, 4, 'INSERT MEMBERS [ID] 1244', '2020-03-24 13:36:57'),
(528, 100003, 4, 'INSERT MEMBERS [ID] 1245', '2020-03-24 13:37:20'),
(529, 100003, 4, 'INSERT MEMBERS [ID] 1246', '2020-03-24 13:37:30'),
(530, 100003, 4, 'INSERT FAMILY_MAPS [ID] 260', '2020-03-24 13:37:48'),
(531, 100003, 4, 'INSERT FAMILY_MAPS [ID] 261', '2020-03-24 13:37:58'),
(532, 100003, 4, 'INSERT MEMBERS [ID] 1247', '2020-03-24 13:40:10'),
(533, 100003, 4, 'INSERT MEMBERS [ID] 1248', '2020-03-24 13:40:29'),
(534, 100003, 4, 'INSERT MEMBERS [ID] 1249', '2020-03-24 13:40:43'),
(535, 100003, 4, 'INSERT FAMILY_MAPS [ID] 262', '2020-03-24 13:41:15'),
(536, 100003, 4, 'INSERT FAMILY_MAPS [ID] 263', '2020-03-24 13:41:23'),
(537, 100003, 4, 'INSERT MEMBERS [ID] 1250', '2020-03-24 13:42:18'),
(538, 100003, 4, 'INSERT FAMILY_MAPS [ID] 264', '2020-03-24 13:42:35'),
(539, 100003, 4, 'INSERT MEMBERS [ID] 1251', '2020-03-24 13:44:07'),
(540, 100003, 4, 'INSERT MEMBERS [ID] 1252', '2020-03-24 13:44:18'),
(541, 100003, 4, 'INSERT FAMILY_MAPS [ID] 265', '2020-03-24 13:44:36'),
(542, 100003, 4, 'INSERT FAMILY_MAPS [ID] 266', '2020-03-24 13:44:43'),
(543, 100004, 4, 'UPDATE MEMBERS [ID] 952 [DETAIL] (first_name) Johnson > , (last_name) Martyn > , ', '2020-03-25 15:24:46'),
(544, 100003, 4, 'INSERT MEMBERS [ID] 1253', '2020-03-25 15:25:15'),
(545, 100003, 4, 'INSERT MEMBERS [ID] 1254', '2020-03-25 15:25:38'),
(546, 100003, 4, 'INSERT MEMBERS [ID] 1255', '2020-03-25 15:26:00'),
(547, 100003, 4, 'INSERT FAMILY_MAPS [ID] 267', '2020-03-25 15:26:25'),
(548, 100003, 4, 'INSERT FAMILY_MAPS [ID] 268', '2020-03-25 15:26:35'),
(549, 100003, 4, 'INSERT FAMILY_MAPS [ID] 269', '2020-03-25 15:26:45'),
(550, 100003, 4, 'INSERT MEMBERS [ID] 1256', '2020-03-25 15:27:27'),
(551, 100003, 4, 'INSERT FAMILY_MAPS [ID] 270', '2020-03-25 15:27:42'),
(552, 100003, 4, 'INSERT MEMBERS [ID] 1257', '2020-03-25 15:28:17'),
(553, 100003, 4, 'INSERT MEMBERS [ID] 1258', '2020-03-25 15:28:26'),
(554, 100003, 4, 'INSERT MEMBERS [ID] 1259', '2020-03-25 15:29:10'),
(555, 100003, 4, 'INSERT MEMBERS [ID] 1260', '2020-03-25 15:29:18'),
(556, 100003, 4, 'INSERT MEMBERS [ID] 1261', '2020-03-25 15:29:26'),
(557, 100003, 4, 'INSERT FAMILY_MAPS [ID] 271', '2020-03-25 15:29:50'),
(558, 100003, 4, 'INSERT FAMILY_MAPS [ID] 272', '2020-03-25 15:30:18'),
(559, 100003, 4, 'INSERT MEMBERS [ID] 1262', '2020-03-25 15:31:10'),
(560, 100003, 4, 'INSERT MEMBERS [ID] 1263', '2020-03-25 15:31:33'),
(561, 100003, 4, 'INSERT FAMILY_MAPS [ID] 273', '2020-03-25 15:31:51'),
(562, 100003, 4, 'INSERT FAMILY_MAPS [ID] 274', '2020-03-25 15:31:59'),
(563, 100004, 4, 'UPDATE MEMBERS [ID] 895 [DETAIL] (kor_name) 신온유 > 신은유, ', '2020-03-25 15:32:47'),
(564, 100003, 4, 'INSERT MEMBERS [ID] 1264', '2020-03-25 15:33:11'),
(565, 100003, 4, 'INSERT MEMBERS [ID] 1265', '2020-03-25 15:33:18'),
(566, 100003, 4, 'INSERT MEMBERS [ID] 1266', '2020-03-25 15:33:28'),
(567, 100003, 4, 'INSERT FAMILY_MAPS [ID] 275', '2020-03-25 15:33:43'),
(568, 100003, 4, 'INSERT FAMILY_MAPS [ID] 276', '2020-03-25 15:33:51'),
(569, 100003, 4, 'INSERT MEMBERS [ID] 1267', '2020-03-25 15:34:33'),
(570, 100003, 4, 'INSERT MEMBERS [ID] 1268', '2020-03-25 15:34:41'),
(571, 100003, 4, 'INSERT FAMILY_MAPS [ID] 277', '2020-03-25 15:34:59'),
(572, 100003, 4, 'INSERT MEMBERS [ID] 1269', '2020-03-25 15:35:31'),
(573, 100003, 4, 'INSERT MEMBERS [ID] 1270', '2020-03-25 15:35:38'),
(574, 100003, 4, 'INSERT MEMBERS [ID] 1271', '2020-03-25 15:35:45'),
(575, 100003, 4, 'INSERT FAMILY_MAPS [ID] 278', '2020-03-25 15:35:59'),
(576, 100003, 4, 'INSERT FAMILY_MAPS [ID] 279', '2020-03-25 15:36:07'),
(577, 100003, 4, 'INSERT MEMBERS [ID] 1272', '2020-03-25 15:37:10'),
(578, 100003, 4, 'INSERT MEMBERS [ID] 1273', '2020-03-25 15:37:24'),
(579, 100003, 4, 'INSERT MEMBERS [ID] 1274', '2020-03-25 15:37:37'),
(580, 100003, 4, 'INSERT FAMILY_MAPS [ID] 280', '2020-03-25 15:37:53'),
(581, 100003, 4, 'INSERT FAMILY_MAPS [ID] 281', '2020-03-25 15:38:02'),
(582, 100003, 4, 'INSERT MEMBERS [ID] 1275', '2020-03-25 15:38:40'),
(583, 100003, 4, 'INSERT FAMILY_MAPS [ID] 282', '2020-03-25 15:38:56'),
(584, 100003, 4, 'INSERT MEMBERS [ID] 1276', '2020-03-25 15:39:21'),
(585, 100003, 4, 'INSERT FAMILY_MAPS [ID] 283', '2020-03-25 15:39:36'),
(586, 100003, 4, 'INSERT MEMBERS [ID] 1277', '2020-03-25 15:41:03'),
(587, 100003, 4, 'INSERT FAMILY_MAPS [ID] 284', '2020-03-25 15:41:26');
INSERT INTO `system_logs` (`id`, `code_id`, `user_id`, `memo`, `created_at`) VALUES
(588, 100003, 4, 'INSERT MEMBERS [ID] 1278', '2020-03-25 15:41:55'),
(589, 100003, 4, 'INSERT MEMBERS [ID] 1279', '2020-03-25 15:42:07'),
(590, 100003, 4, 'INSERT MEMBERS [ID] 1280', '2020-03-25 15:42:38'),
(591, 100003, 4, 'INSERT MEMBERS [ID] 1281', '2020-03-25 15:42:58'),
(592, 100003, 4, 'INSERT MEMBERS [ID] 1282', '2020-03-25 15:43:05'),
(593, 100003, 4, 'INSERT MEMBERS [ID] 1283', '2020-03-25 15:43:12'),
(594, 100003, 4, 'INSERT MEMBERS [ID] 1284', '2020-03-25 15:43:24'),
(595, 100003, 4, 'INSERT MEMBERS [ID] 1285', '2020-03-25 15:43:38'),
(596, 100003, 4, 'INSERT MEMBERS [ID] 1286', '2020-03-25 15:44:33'),
(597, 100003, 4, 'INSERT MEMBERS [ID] 1287', '2020-03-25 15:44:46'),
(598, 100003, 4, 'INSERT MEMBERS [ID] 1288', '2020-03-25 15:44:56'),
(599, 100003, 4, 'INSERT MEMBERS [ID] 1289', '2020-03-25 15:46:03'),
(600, 100003, 4, 'INSERT MEMBERS [ID] 1290', '2020-03-25 15:46:10'),
(601, 100003, 4, 'INSERT MEMBERS [ID] 1291', '2020-03-25 15:46:45'),
(602, 100003, 4, 'INSERT FAMILY_MAPS [ID] 285', '2020-03-25 15:47:07'),
(603, 100003, 4, 'INSERT FAMILY_MAPS [ID] 286', '2020-03-25 15:47:26'),
(604, 100003, 4, 'INSERT FAMILY_MAPS [ID] 287', '2020-03-25 15:47:39'),
(605, 100003, 4, 'INSERT FAMILY_MAPS [ID] 288', '2020-03-25 15:48:10'),
(606, 100003, 4, 'INSERT FAMILY_MAPS [ID] 289', '2020-03-25 15:48:27'),
(607, 100003, 4, 'INSERT FAMILY_MAPS [ID] 290', '2020-03-25 15:48:49'),
(608, 100003, 4, 'INSERT FAMILY_MAPS [ID] 291', '2020-03-25 15:48:57'),
(609, 100003, 4, 'INSERT FAMILY_MAPS [ID] 292', '2020-03-25 15:49:11'),
(610, 100003, 4, 'INSERT FAMILY_MAPS [ID] 293', '2020-03-25 15:49:21'),
(611, 100003, 4, 'INSERT FAMILY_MAPS [ID] 294', '2020-03-25 15:49:39'),
(612, 100005, 4, 'DELETE FAMILY_MAPS [ID] 293', '2020-03-25 15:49:51'),
(613, 100004, 4, 'UPDATE MEMBERS [ID] 1281 [DETAIL] (primary) 0 > 1, ', '2020-03-25 15:50:19'),
(614, 100003, 4, 'INSERT FAMILY_MAPS [ID] 295', '2020-03-25 15:50:36'),
(615, 100003, 4, 'INSERT FAMILY_MAPS [ID] 296', '2020-03-25 15:50:44'),
(616, 100004, 4, 'UPDATE MEMBERS [ID] 1247 [DETAIL] (kor_name) 스티븐 삽살 > 스티븐 샵살, ', '2020-03-26 12:58:29'),
(617, 100003, 4, 'INSERT MEMBERS [ID] 1292', '2020-03-26 12:59:07'),
(618, 100003, 4, 'INSERT MEMBERS [ID] 1293', '2020-03-26 12:59:19'),
(619, 100003, 4, 'INSERT FAMILY_MAPS [ID] 297', '2020-03-26 12:59:43'),
(620, 100003, 4, 'INSERT FAMILY_MAPS [ID] 298', '2020-03-26 13:00:11'),
(621, 100004, 4, 'UPDATE MEMBERS [ID] 1293 [DETAIL] (kor_name) 나디아 세미 삽살 > 나디아 세미 샵살, ', '2020-03-26 13:00:28'),
(622, 100004, 4, 'UPDATE MEMBERS [ID] 1038 [DETAIL] (kor_name) Catherine Vera > Catherine Vera(캐서린 랭), ', '2020-03-26 13:03:09'),
(623, 100004, 4, 'UPDATE MEMBERS [ID] 770 [DETAIL] ', '2020-03-28 15:36:43'),
(624, 100004, 4, 'UPDATE MEMBERS [ID] 770 [DETAIL] (comment) aaa > aaab, ', '2020-03-28 15:44:32'),
(625, 100003, 4, 'INSERT MEMBERS [ID] 1294', '2020-03-28 17:32:50'),
(626, 100004, 4, 'UPDATE MEMBERS [ID] 1294 [DETAIL] ', '2020-03-28 17:32:55'),
(627, 100003, 4, 'INSERT MEMBERS [ID] 1295', '2020-03-28 17:36:54'),
(628, 100003, 4, 'INSERT FAMILY_MAPS [ID] 299', '2020-03-28 17:37:12'),
(629, 100003, 4, 'INSERT MEMBERS [ID] 1296', '2020-03-28 17:39:14'),
(630, 100003, 4, 'INSERT MEMBERS [ID] 1297', '2020-03-28 17:39:23'),
(631, 100003, 4, 'INSERT FAMILY_MAPS [ID] 300', '2020-03-28 17:39:41'),
(632, 100003, 4, 'INSERT FAMILY_MAPS [ID] 301', '2020-03-28 17:39:49'),
(633, 100003, 4, 'INSERT MEMBERS [ID] 1298', '2020-03-28 17:40:17'),
(634, 100003, 4, 'INSERT FAMILY_MAPS [ID] 302', '2020-03-28 17:40:33'),
(635, 100003, 4, 'INSERT MEMBERS [ID] 1299', '2020-03-28 17:40:55'),
(636, 100003, 4, 'INSERT FAMILY_MAPS [ID] 303', '2020-03-28 17:41:22'),
(637, 100003, 4, 'INSERT MEMBERS [ID] 1300', '2020-03-28 17:42:50'),
(638, 100003, 4, 'INSERT FAMILY_MAPS [ID] 304', '2020-03-28 17:43:05'),
(639, 100003, 4, 'INSERT MEMBERS [ID] 1301', '2020-03-28 17:43:39'),
(640, 100003, 4, 'INSERT MEMBERS [ID] 1302', '2020-03-28 17:43:46'),
(641, 100003, 4, 'INSERT MEMBERS [ID] 1303', '2020-03-28 17:43:56'),
(642, 100003, 4, 'INSERT FAMILY_MAPS [ID] 305', '2020-03-28 17:44:12'),
(643, 100003, 4, 'INSERT FAMILY_MAPS [ID] 306', '2020-03-28 17:44:20'),
(644, 100003, 4, 'INSERT MEMBERS [ID] 1304', '2020-03-28 17:45:17'),
(645, 100003, 4, 'INSERT MEMBERS [ID] 1305', '2020-03-28 17:45:25'),
(646, 100003, 4, 'INSERT FAMILY_MAPS [ID] 307', '2020-03-28 17:45:39'),
(647, 100003, 4, 'INSERT FAMILY_MAPS [ID] 308', '2020-03-28 17:45:47'),
(648, 100003, 4, 'INSERT MEMBERS [ID] 1306', '2020-03-28 17:49:55'),
(649, 100003, 4, 'INSERT MEMBERS [ID] 1307', '2020-03-28 17:50:03'),
(650, 100003, 4, 'INSERT MEMBERS [ID] 1308', '2020-03-28 17:50:13'),
(651, 100003, 4, 'INSERT FAMILY_MAPS [ID] 309', '2020-03-28 17:50:27'),
(652, 100003, 4, 'INSERT FAMILY_MAPS [ID] 310', '2020-03-28 17:50:36'),
(653, 100003, 4, 'INSERT MEMBERS [ID] 1309', '2020-03-28 17:51:25'),
(654, 100003, 4, 'INSERT FAMILY_MAPS [ID] 311', '2020-03-28 17:51:55'),
(655, 100003, 4, 'INSERT MEMBERS [ID] 1310', '2020-03-28 17:53:08'),
(656, 100003, 4, 'INSERT MEMBERS [ID] 1311', '2020-03-28 17:53:15'),
(657, 100003, 4, 'INSERT MEMBERS [ID] 1312', '2020-03-28 17:53:24'),
(658, 100003, 4, 'INSERT FAMILY_MAPS [ID] 312', '2020-03-28 17:53:38'),
(659, 100003, 4, 'INSERT FAMILY_MAPS [ID] 313', '2020-03-28 17:53:47'),
(660, 100003, 4, 'INSERT MEMBERS [ID] 1313', '2020-03-28 17:54:28'),
(661, 100003, 4, 'INSERT MEMBERS [ID] 1314', '2020-03-28 17:54:36'),
(662, 100003, 4, 'INSERT FAMILY_MAPS [ID] 314', '2020-03-28 17:54:51'),
(663, 100003, 4, 'INSERT FAMILY_MAPS [ID] 315', '2020-03-28 17:55:17'),
(664, 100003, 4, 'INSERT MEMBERS [ID] 1315', '2020-03-28 17:56:14'),
(665, 100003, 4, 'INSERT MEMBERS [ID] 1316', '2020-03-28 17:56:25'),
(666, 100003, 4, 'INSERT FAMILY_MAPS [ID] 316', '2020-03-28 17:57:01'),
(667, 100003, 4, 'INSERT FAMILY_MAPS [ID] 317', '2020-03-28 17:57:10'),
(668, 100003, 4, 'INSERT MEMBERS [ID] 1317', '2020-03-28 17:57:40'),
(669, 100003, 4, 'INSERT MEMBERS [ID] 1318', '2020-03-28 17:57:48'),
(670, 100003, 4, 'INSERT FAMILY_MAPS [ID] 318', '2020-03-28 17:58:07'),
(671, 100003, 4, 'INSERT MEMBERS [ID] 1319', '2020-03-28 18:13:02'),
(672, 100003, 4, 'INSERT MEMBERS [ID] 1320', '2020-03-28 18:13:11'),
(673, 100003, 4, 'INSERT MEMBERS [ID] 1321', '2020-03-28 18:13:19'),
(674, 100003, 4, 'INSERT FAMILY_MAPS [ID] 319', '2020-03-28 18:13:36'),
(675, 100003, 4, 'INSERT FAMILY_MAPS [ID] 320', '2020-03-28 18:13:44'),
(676, 100003, 4, 'INSERT FAMILY_MAPS [ID] 321', '2020-03-28 18:13:57'),
(677, 100003, 4, 'INSERT MEMBERS [ID] 1322', '2020-03-28 18:17:04'),
(678, 100003, 4, 'INSERT MEMBERS [ID] 1323', '2020-03-28 18:17:12'),
(679, 100003, 4, 'INSERT MEMBERS [ID] 1324', '2020-03-28 18:17:19'),
(680, 100003, 4, 'INSERT FAMILY_MAPS [ID] 322', '2020-03-28 18:17:35'),
(681, 100003, 4, 'INSERT FAMILY_MAPS [ID] 323', '2020-03-28 18:17:42'),
(682, 100003, 4, 'INSERT FAMILY_MAPS [ID] 324', '2020-03-28 18:17:49'),
(683, 100003, 4, 'INSERT MEMBERS [ID] 1325', '2020-03-28 18:18:49'),
(684, 100003, 4, 'INSERT FAMILY_MAPS [ID] 325', '2020-03-28 18:19:19'),
(685, 100003, 4, 'INSERT MEMBERS [ID] 1326', '2020-03-28 18:19:49'),
(686, 100003, 4, 'INSERT FAMILY_MAPS [ID] 326', '2020-03-28 18:20:03'),
(687, 100003, 4, 'INSERT MEMBERS [ID] 1327', '2020-03-28 18:20:43'),
(688, 100003, 4, 'INSERT FAMILY_MAPS [ID] 327', '2020-03-28 18:20:57'),
(689, 100003, 4, 'INSERT MEMBERS [ID] 1328', '2020-03-28 18:22:19'),
(690, 100003, 4, 'INSERT FAMILY_MAPS [ID] 328', '2020-03-28 18:22:34'),
(691, 100003, 4, 'INSERT MEMBERS [ID] 1329', '2020-03-29 02:05:13'),
(692, 100003, 4, 'INSERT FAMILY_MAPS [ID] 329', '2020-03-29 02:05:34'),
(693, 100003, 4, 'INSERT MEMBERS [ID] 1330', '2020-03-29 02:07:41'),
(694, 100003, 4, 'INSERT FAMILY_MAPS [ID] 330', '2020-03-29 02:08:18'),
(695, 100004, 4, 'UPDATE MEMBERS [ID] 1330 [DETAIL] ', '2020-03-29 02:08:47'),
(696, 100003, 4, 'INSERT MEMBERS [ID] 1331', '2020-03-29 02:09:13'),
(697, 100003, 4, 'INSERT FAMILY_MAPS [ID] 331', '2020-03-29 02:11:13'),
(698, 100003, 4, 'INSERT MEMBERS [ID] 1332', '2020-03-29 02:14:19'),
(699, 100003, 4, 'INSERT FAMILY_MAPS [ID] 332', '2020-03-29 02:15:07'),
(700, 100003, 4, 'INSERT MEMBERS [ID] 1333', '2020-03-29 02:17:44'),
(701, 100004, 4, 'UPDATE MEMBERS [ID] 1333 [DETAIL] (primary) 1 > 0, ', '2020-03-29 02:18:36'),
(702, 100003, 4, 'INSERT FAMILY_MAPS [ID] 333', '2020-03-29 02:18:57'),
(703, 100003, 4, 'INSERT MEMBERS [ID] 1334', '2020-03-29 02:24:46'),
(704, 100003, 4, 'INSERT MEMBERS [ID] 1335', '2020-03-29 02:24:57'),
(705, 100003, 4, 'INSERT FAMILY_MAPS [ID] 334', '2020-03-29 02:25:16'),
(706, 100003, 4, 'INSERT FAMILY_MAPS [ID] 335', '2020-03-29 02:25:35'),
(707, 100003, 4, 'INSERT MEMBERS [ID] 1336', '2020-03-29 02:26:35'),
(708, 100004, 4, 'UPDATE MEMBERS [ID] 1336 [DETAIL] (comment) 필로이, 박진영 홈스테이 > 필로이, 박진영(홈스테이), ', '2020-03-29 02:27:11'),
(709, 100003, 4, 'INSERT MEMBERS [ID] 1337', '2020-03-29 02:27:40'),
(710, 100003, 4, 'INSERT MEMBERS [ID] 1338', '2020-03-29 02:27:49'),
(711, 100003, 4, 'INSERT MEMBERS [ID] 1339', '2020-03-29 02:28:10'),
(712, 100003, 4, 'INSERT MEMBERS [ID] 1340', '2020-03-29 02:28:21'),
(713, 100003, 4, 'INSERT FAMILY_MAPS [ID] 336', '2020-03-29 02:28:38'),
(714, 100003, 4, 'INSERT FAMILY_MAPS [ID] 337', '2020-03-29 02:28:46'),
(715, 100003, 4, 'INSERT FAMILY_MAPS [ID] 338', '2020-03-29 02:29:01'),
(716, 100003, 4, 'INSERT MEMBERS [ID] 1341', '2020-03-29 02:30:07'),
(717, 100003, 4, 'INSERT FAMILY_MAPS [ID] 339', '2020-03-29 02:30:43'),
(718, 100003, 4, 'INSERT MEMBERS [ID] 1342', '2020-03-29 02:33:53'),
(719, 100003, 4, 'INSERT MEMBERS [ID] 1343', '2020-03-29 02:34:11'),
(720, 100003, 4, 'INSERT MEMBERS [ID] 1344', '2020-03-29 02:34:35'),
(721, 100003, 4, 'INSERT FAMILY_MAPS [ID] 340', '2020-03-29 02:34:50'),
(722, 100003, 4, 'INSERT FAMILY_MAPS [ID] 341', '2020-03-29 02:35:00'),
(723, 100003, 4, 'INSERT MEMBERS [ID] 1345', '2020-03-29 02:35:35'),
(724, 100003, 4, 'INSERT FAMILY_MAPS [ID] 342', '2020-03-29 02:35:49'),
(725, 100003, 4, 'INSERT MEMBERS [ID] 1346', '2020-03-29 02:36:10'),
(726, 100003, 4, 'INSERT FAMILY_MAPS [ID] 343', '2020-03-29 02:36:24'),
(727, 100003, 4, 'INSERT MEMBERS [ID] 1347', '2020-03-29 02:37:36'),
(728, 100003, 4, 'INSERT MEMBERS [ID] 1348', '2020-03-29 02:37:49'),
(729, 100003, 4, 'INSERT FAMILY_MAPS [ID] 344', '2020-03-29 02:38:05'),
(730, 100003, 4, 'INSERT FAMILY_MAPS [ID] 345', '2020-03-29 02:38:13'),
(731, 100004, 4, 'UPDATE MEMBERS [ID] 969 [DETAIL] (first_name)  > Jaeyoon, (last_name)  > Jung, (dob) 1990-01-01 > 2007-06-12, (comment)  > Youth, ', '2020-04-01 19:56:23'),
(732, 100004, 4, 'UPDATE MEMBERS [ID] 944 [DETAIL] (first_name)  > Dohyeon, (last_name)  > Lee, (dob) 1990-01-01 > 2007-05-28, ', '2020-04-01 19:57:31'),
(733, 100003, 4, 'INSERT MEMBERS [ID] 1349', '2020-04-02 14:45:16'),
(734, 100003, 4, 'INSERT MEMBERS [ID] 1350', '2020-04-02 17:17:42'),
(735, 100003, 4, 'INSERT FAMILY_MAPS [ID] 346', '2020-04-02 17:18:00'),
(736, 100003, 4, 'INSERT MEMBERS [ID] 1351', '2020-04-02 17:18:49'),
(737, 100003, 4, 'INSERT MEMBERS [ID] 1352', '2020-04-02 17:19:34'),
(738, 100004, 4, 'UPDATE MEMBERS [ID] 784 [DETAIL] (first_name)  > Jenna, (last_name)  > Yun, (dob) 1990-01-01 > 2007-02-26, ', '2020-04-02 17:20:22'),
(739, 100004, 4, 'UPDATE MEMBERS [ID] 956 [DETAIL] (first_name)  > Jisoo, (last_name)  > Bai, (dob) 1990-01-01 > 2007-08-27, ', '2020-04-02 21:02:41'),
(740, 100004, 4, 'UPDATE MEMBERS [ID] 1167 [DETAIL] (dob) 1990-01-01 > 2007-01-19, ', '2020-04-02 21:03:26'),
(741, 100003, 4, 'INSERT MEMBERS [ID] 1353', '2020-04-02 21:04:14'),
(742, 100003, 4, 'INSERT MEMBERS [ID] 1354', '2020-04-02 21:05:04'),
(743, 100003, 4, 'INSERT MEMBERS [ID] 1355', '2020-04-02 21:05:52'),
(744, 100003, 4, 'INSERT FAMILY_MAPS [ID] 347', '2020-04-02 21:06:20'),
(745, 100004, 4, 'UPDATE MEMBERS [ID] 1355 [DETAIL] (tel_home)  > 613-866-0217, ', '2020-04-02 21:06:37'),
(746, 100004, 4, 'UPDATE MEMBERS [ID] 1259 [DETAIL] (tel_home)  > 613-261-0234, (email)  > nykdeborah@gmail.com, (address)  > 255 Highpointe Crescent, ', '2020-04-02 21:08:19'),
(747, 100003, 4, 'INSERT MEMBERS [ID] 1356', '2020-04-02 21:09:12'),
(748, 100004, 4, 'UPDATE MEMBERS [ID] 1356 [DETAIL] ', '2020-04-02 21:09:31'),
(749, 100003, 4, 'INSERT FAMILY_MAPS [ID] 348', '2020-04-02 21:09:59'),
(750, 100004, 4, 'UPDATE MEMBERS [ID] 836 [DETAIL] (first_name)  > Dongmin, (last_name)  > Shin, (dob) 1990-01-01 > 2006-04-30, (tel_home)  > 613-920-1011, ', '2020-04-02 21:11:28'),
(751, 100004, 4, 'UPDATE MEMBERS [ID] 1143 [DETAIL] (tel_home)  > 343-998-4754, (email)  > rvivi78@gmail.com, ', '2020-04-02 21:13:02'),
(752, 100003, 4, 'INSERT MEMBERS [ID] 1357', '2020-04-02 21:13:55'),
(753, 100003, 4, 'INSERT FAMILY_MAPS [ID] 349', '2020-04-02 21:14:30'),
(754, 100004, 4, 'UPDATE MEMBERS [ID] 1357 [DETAIL] (kor_name)  > 이관규, ', '2020-04-02 21:14:53'),
(755, 100004, 4, 'UPDATE MEMBERS [ID] 847 [DETAIL] (dob) 1990-01-01 > 2006-12-25, ', '2020-04-02 21:15:38'),
(756, 100003, 4, 'INSERT MEMBERS [ID] 1358', '2020-04-02 21:16:22'),
(757, 100004, 4, 'UPDATE MEMBERS [ID] 1321 [DETAIL] (comment)  > Youth, ', '2020-04-02 21:16:42'),
(758, 100004, 4, 'UPDATE MEMBERS [ID] 1324 [DETAIL] (first_name)  > Justin, (last_name)  > Cho, (dob)  > 2005-08-20, ', '2020-04-02 21:17:14'),
(759, 100004, 4, 'UPDATE MEMBERS [ID] 793 [DETAIL] (dob) 1990-01-01 > 2005-08-23, (tel_home) 613-491-3771 > 613-878-3149, ', '2020-04-02 21:18:15'),
(760, 100004, 4, 'UPDATE MEMBERS [ID] 1075 [DETAIL] (dob) 1990-01-01 > 2005-10-23, (tel_home) 613-824-7042 > 613-882-7157, ', '2020-04-02 21:19:10'),
(761, 100004, 4, 'UPDATE MEMBERS [ID] 938 [DETAIL] (dob) 1990-01-01 > 2005-05-20, ', '2020-04-02 21:19:53'),
(762, 100003, 4, 'INSERT MEMBERS [ID] 1359', '2020-04-03 01:08:23'),
(763, 100003, 4, 'INSERT MEMBERS [ID] 1360', '2020-04-03 01:08:37'),
(764, 100003, 4, 'INSERT MEMBERS [ID] 1361', '2020-04-03 01:08:49'),
(765, 100003, 4, 'INSERT MEMBERS [ID] 1362', '2020-04-03 01:09:37'),
(766, 100003, 4, 'INSERT MEMBERS [ID] 1363', '2020-04-03 01:10:23'),
(767, 100003, 4, 'INSERT MEMBERS [ID] 1364', '2020-04-03 01:10:50'),
(768, 100003, 4, 'INSERT MEMBERS [ID] 1365', '2020-04-03 01:11:01'),
(769, 100003, 4, 'INSERT MEMBERS [ID] 1366', '2020-04-03 01:11:14'),
(770, 100004, 4, 'UPDATE MEMBERS [ID] 846 [DETAIL] (dob) 1990-01-01 > 2004-08-28, ', '2020-04-03 01:11:38'),
(771, 100004, 4, 'UPDATE MEMBERS [ID] 846 [DETAIL] ', '2020-04-03 01:12:03'),
(772, 100004, 4, 'UPDATE MEMBERS [ID] 1088 [DETAIL] (first_name)  > Sam, (last_name)  > Chung, (tel_home) 613-692-0575  > 613-692-0575, ', '2020-04-03 01:12:30'),
(773, 100004, 4, 'UPDATE MEMBERS [ID] 1084 [DETAIL] (first_name)  > Jacob, (last_name)  > Hwang, ', '2020-04-03 01:12:48'),
(774, 100004, 4, 'UPDATE MEMBERS [ID] 863 [DETAIL] (first_name)  > Sam, (last_name)  > Ma, ', '2020-04-03 01:13:00'),
(775, 100003, 4, 'INSERT MEMBERS [ID] 1367', '2020-04-03 01:13:55'),
(776, 100003, 4, 'INSERT MEMBERS [ID] 1368', '2020-04-03 01:14:11'),
(777, 100003, 4, 'INSERT MEMBERS [ID] 1369', '2020-04-03 01:14:28'),
(778, 100003, 4, 'INSERT MEMBERS [ID] 1370', '2020-04-03 01:14:50'),
(779, 100004, 4, 'UPDATE MEMBERS [ID] 910 [DETAIL] (dob) 1990-01-01 > 2003-04-13, ', '2020-04-03 01:16:00'),
(780, 100004, 4, 'UPDATE MEMBERS [ID] 961 [DETAIL] (first_name)  > Amy, (last_name)  > Ma, (dob) 1990-01-01 > 2003-06-07, ', '2020-04-03 01:17:48'),
(781, 100004, 4, 'UPDATE MEMBERS [ID] 809 [DETAIL] (first_name)  > Semi, (last_name)  > Park, (dob) 1990-01-01 > 2003-06-19, (tel_home) 613-591-0634 > 613-413-2276, ', '2020-04-03 01:18:48'),
(782, 100003, 4, 'INSERT MEMBERS [ID] 1371', '2020-04-03 01:19:29'),
(783, 100003, 4, 'INSERT MEMBERS [ID] 1372', '2020-04-03 01:20:44'),
(784, 100003, 4, 'INSERT MEMBERS [ID] 1373', '2020-04-03 01:20:54'),
(785, 100003, 4, 'INSERT MEMBERS [ID] 1374', '2020-04-03 01:21:04'),
(786, 100003, 4, 'INSERT MEMBERS [ID] 1375', '2020-04-03 01:23:16'),
(787, 100003, 4, 'INSERT FAMILY_MAPS [ID] 350', '2020-04-03 01:23:43'),
(788, 100004, 4, 'UPDATE MEMBERS [ID] 861 [DETAIL] (first_name)  > Laura, (last_name)  > Ma, (dob) 1990-01-01 > 2002-07-30, (tel_home) 613-491-1076 > 613-261-0576, (email)  > sunshinema0730@gmail.com, ', '2020-04-03 01:25:31'),
(789, 100004, 4, 'UPDATE MEMBERS [ID] 1085 [DETAIL] (first_name)  > Emma, (last_name)  > Whang, (dob) 1990-01-01 > 2002-07-27, (tel_home) 613-864-4602 > 613-599-0099, (email)  > emmaw2002@icloud.com, ', '2020-04-03 01:26:37'),
(790, 100004, 4, 'UPDATE MEMBERS [ID] 855 [DETAIL] (first_name)  > Haeun, (last_name)  > Jang, (dob) 1990-01-01 > 2002-07-29, (tel_home) 613-805-5447 > 613-805-5442, (email)  > bug0729@naver.com, ', '2020-04-03 01:27:36'),
(791, 100004, 4, 'UPDATE MEMBERS [ID] 985 [DETAIL] (first_name)  > Andrew, (last_name)  > Oh, (dob) 1990-01-01 > 2002-01-15, (email)  > zenobe.andrew.oh@gmail.com, ', '2020-04-03 01:28:33'),
(792, 100004, 4, 'UPDATE MEMBERS [ID] 883 [DETAIL] (dob) 1990-01-01 > 2003-04-26, (email)  > joobin2003@gmail.com, ', '2020-04-03 01:29:33'),
(793, 100004, 4, 'UPDATE MEMBERS [ID] 856 [DETAIL] (first_name)  > Junha, (last_name)  > Jang, (dob) 1990-01-01 > 2003-11-11, (email)  > junhajang2003@gmail.com, ', '2020-04-03 01:30:39'),
(794, 100004, 4, 'UPDATE MEMBERS [ID] 855 [DETAIL] (tel_home) 613-805-5442 > 613-805-5447, ', '2020-04-03 01:30:52'),
(795, 100004, 4, 'UPDATE MEMBERS [ID] 1029 [DETAIL] (first_name)  > Alex, (last_name)  > Choe, (dob) 1990-01-01 > 2002-05-05, (email)  > achoe1@ocdsb.ca, ', '2020-04-03 01:31:45'),
(796, 100004, 4, 'UPDATE MEMBERS [ID] 1032 [DETAIL] (last_name) Lee > Rhie, (dob) 1990-01-01 > 2003-12-26, ', '2020-04-03 01:32:52'),
(797, 100004, 4, 'UPDATE MEMBERS [ID] 1109 [DETAIL] (first_name)  > Hoyoung, (last_name)  > Lee, ', '2020-04-03 01:33:58'),
(798, 100004, 4, 'UPDATE MEMBERS [ID] 1107 [DETAIL] (first_name)  > Youngeun, (last_name)  > Lee, ', '2020-04-03 01:34:25'),
(799, 100003, 4, 'INSERT MEMBERS [ID] 1376', '2020-04-03 01:35:14'),
(800, 100003, 4, 'INSERT MEMBERS [ID] 1377', '2020-04-03 01:37:04'),
(801, 100004, 4, 'UPDATE MEMBERS [ID] 1377 [DETAIL] (primary) 1 > 0, ', '2020-04-03 01:37:35'),
(802, 100003, 4, 'INSERT FAMILY_MAPS [ID] 351', '2020-04-03 01:38:02'),
(803, 100003, 4, 'INSERT MEMBERS [ID] 1378', '2020-04-03 01:39:02'),
(804, 100003, 4, 'INSERT MEMBERS [ID] 1379', '2020-04-03 01:40:48'),
(805, 100003, 4, 'INSERT MEMBERS [ID] 1380', '2020-04-03 01:41:54'),
(806, 100003, 4, 'INSERT MEMBERS [ID] 1381', '2020-04-03 01:42:13'),
(807, 100003, 4, 'INSERT FAMILY_MAPS [ID] 352', '2020-04-03 01:42:31'),
(808, 100004, 4, 'UPDATE MEMBERS [ID] 1101 [DETAIL] (email)  > mksj67@gmail.com, ', '2020-04-06 14:34:48'),
(809, 100004, 4, 'UPDATE MEMBERS [ID] 1102 [DETAIL] (email)  > wegssein2@hanmail.net, ', '2020-04-06 14:36:37'),
(810, 100004, 4, 'UPDATE MEMBERS [ID] 806 [DETAIL] (email)  > myoung316@gmail.com, ', '2020-04-06 14:41:12'),
(811, 100004, 4, 'UPDATE MEMBERS [ID] 806 [DETAIL] (tel_home) 613-591-0634 > 613-519-0634, ', '2020-04-06 14:44:50'),
(812, 100004, 4, 'UPDATE MEMBERS [ID] 807 [DETAIL] (tel_home) 613-591-0634 > 613-519-0634, ', '2020-04-06 14:45:03'),
(813, 100004, 4, 'UPDATE MEMBERS [ID] 1105 [DETAIL] (tel_cell)  > 343-988-5836, (email)  > bluenote73@hotmail.com, ', '2020-04-06 14:46:28'),
(814, 100004, 4, 'UPDATE MEMBERS [ID] 1106 [DETAIL] (tel_cell)  > 873-688-6772, ', '2020-04-06 14:46:56'),
(815, 100004, 4, 'UPDATE MEMBERS [ID] 1124 [DETAIL] (tel_cell)  > 613-806-9331, (email)  > njerrycho@gmail.com, ', '2020-04-06 14:47:42'),
(816, 100004, 4, 'UPDATE MEMBERS [ID] 1322 [DETAIL] (tel_cell)  > 613-315-1813, ', '2020-04-06 14:48:40'),
(817, 100004, 4, 'UPDATE MEMBERS [ID] 771 [DETAIL] (tel_cell)  > 613-998-4609, ', '2020-04-06 14:50:33'),
(818, 100004, 4, 'UPDATE MEMBERS [ID] 1206 [DETAIL] (tel_home) 613-315-8882 > , (tel_cell)  > 613-315-0524, ', '2020-04-06 14:51:28'),
(819, 100004, 4, 'UPDATE MEMBERS [ID] 1205 [DETAIL] ', '2020-04-06 14:51:47'),
(820, 100004, 4, 'UPDATE MEMBERS [ID] 1227 [DETAIL] (tel_cell)  > 613-252-2282, ', '2020-04-06 14:52:05'),
(821, 100004, 4, 'UPDATE MEMBERS [ID] 1228 [DETAIL] (tel_cell)  > 613-261-0202, ', '2020-04-06 14:52:24'),
(822, 100004, 4, 'UPDATE MEMBERS [ID] 1182 [DETAIL] (tel_cell)  > 613-762-5393, ', '2020-04-06 14:52:51'),
(823, 100003, 4, 'INSERT MEMBERS [ID] 1382', '2020-04-07 14:38:42'),
(824, 100003, 4, 'INSERT FAMILY_MAPS [ID] 353', '2020-04-07 14:39:35'),
(825, 100004, 4, 'UPDATE MEMBERS [ID] 1335 [DETAIL] (tel_cell)  > 613-519-1414, ', '2020-04-07 14:40:21'),
(826, 100004, 4, 'UPDATE MEMBERS [ID] 1112 [DETAIL] (tel_cell)  > 613-519-1414, ', '2020-04-07 14:40:39'),
(827, 100003, 4, 'INSERT MEMBERS [ID] 1383', '2020-04-07 14:42:18'),
(828, 100003, 4, 'INSERT MEMBERS [ID] 1384', '2020-04-07 14:42:51'),
(829, 100003, 4, 'INSERT FAMILY_MAPS [ID] 354', '2020-04-07 14:43:09'),
(830, 100004, 4, 'UPDATE MEMBERS [ID] 1015 [DETAIL] (tel_home) 613-890-0761 > 613-890-0762, ', '2020-04-07 14:43:52'),
(831, 100003, 4, 'INSERT MEMBERS [ID] 1385', '2020-04-07 14:44:04'),
(832, 100003, 4, 'INSERT FAMILY_MAPS [ID] 355', '2020-04-07 14:44:25'),
(833, 100004, 4, 'UPDATE MEMBERS [ID] 1385 [DETAIL] (last_name) Song > , ', '2020-04-07 14:44:39'),
(834, 100004, 4, 'UPDATE MEMBERS [ID] 789 [DETAIL] (tel_cell)  > 613-808-6036, ', '2020-04-07 14:44:57'),
(835, 100003, 4, 'INSERT MEMBERS [ID] 1386', '2020-04-07 14:45:39'),
(836, 100003, 4, 'INSERT FAMILY_MAPS [ID] 356', '2020-04-07 14:45:56'),
(837, 100004, 4, 'UPDATE MEMBERS [ID] 916 [DETAIL] (tel_cell)  > 613-410-5996, ', '2020-04-07 14:46:50'),
(838, 100003, 4, 'INSERT MEMBERS [ID] 1387', '2020-04-07 14:47:40'),
(839, 100003, 4, 'INSERT MEMBERS [ID] 1388', '2020-04-07 14:48:00'),
(840, 100003, 4, 'INSERT FAMILY_MAPS [ID] 357', '2020-04-07 14:48:19'),
(841, 100004, 4, 'UPDATE MEMBERS [ID] 919 [DETAIL] (tel_cell)  > 613-843-2556, ', '2020-04-07 14:49:00'),
(842, 100004, 4, 'UPDATE MEMBERS [ID] 1184 [DETAIL] (tel_cell)  > 613-240-0034, ', '2020-04-07 14:50:13'),
(843, 100003, 4, 'INSERT MEMBERS [ID] 1389', '2020-04-07 14:50:34'),
(844, 100003, 4, 'INSERT FAMILY_MAPS [ID] 358', '2020-04-07 14:50:49'),
(845, 100004, 4, 'UPDATE MEMBERS [ID] 822 [DETAIL] (tel_home) 613-501-2438 > 613-981-0117, ', '2020-04-07 18:33:23'),
(846, 100004, 4, 'UPDATE MEMBERS [ID] 823 [DETAIL] (tel_home) 613-501-2438 > , (tel_cell)  > 613-260-1992, ', '2020-04-07 18:33:44'),
(847, 100003, 4, 'INSERT MEMBERS [ID] 1390', '2020-04-07 18:34:32'),
(848, 100003, 4, 'INSERT MEMBERS [ID] 1391', '2020-04-07 18:34:46'),
(849, 100003, 4, 'INSERT FAMILY_MAPS [ID] 359', '2020-04-07 18:35:32'),
(850, 100003, 4, 'INSERT MEMBERS [ID] 1392', '2020-04-07 18:36:14'),
(851, 100003, 4, 'INSERT MEMBERS [ID] 1393', '2020-04-07 18:36:26'),
(852, 100003, 4, 'INSERT FAMILY_MAPS [ID] 360', '2020-04-07 18:36:45'),
(853, 100004, 4, 'UPDATE MEMBERS [ID] 1337 [DETAIL] (tel_cell)  > 613-600-3023, ', '2020-04-07 18:37:03'),
(854, 100004, 4, 'UPDATE MEMBERS [ID] 1338 [DETAIL] (tel_cell)  > 613-867-5082, ', '2020-04-07 18:37:20'),
(855, 100003, 4, 'INSERT MEMBERS [ID] 1394', '2020-04-07 18:38:04'),
(856, 100003, 4, 'INSERT MEMBERS [ID] 1395', '2020-04-07 18:38:19'),
(857, 100003, 4, 'INSERT FAMILY_MAPS [ID] 361', '2020-04-07 18:38:41'),
(858, 100004, 4, 'UPDATE MEMBERS [ID] 1301 [DETAIL] (tel_cell)  > 613-220-6500, ', '2020-04-07 18:39:17'),
(859, 100004, 4, 'UPDATE MEMBERS [ID] 1302 [DETAIL] (tel_cell)  > 613-220-6500, ', '2020-04-07 18:39:28'),
(860, 100004, 4, 'UPDATE MEMBERS [ID] 930 [DETAIL] (tel_cell)  > 613-793-0424, ', '2020-04-07 18:39:54'),
(861, 100004, 4, 'UPDATE MEMBERS [ID] 931 [DETAIL] (tel_cell)  > 613-299-0447, ', '2020-04-07 18:40:11'),
(862, 100003, 4, 'INSERT MEMBERS [ID] 1396', '2020-04-07 18:40:54'),
(863, 100003, 4, 'INSERT FAMILY_MAPS [ID] 362', '2020-04-07 18:41:18'),
(864, 100004, 4, 'UPDATE MEMBERS [ID] 794 [DETAIL] (tel_cell)  > 613-415-602, ', '2020-04-07 18:41:41'),
(865, 100003, 4, 'INSERT MEMBERS [ID] 1397', '2020-04-07 18:42:46'),
(866, 100004, 4, 'UPDATE MEMBERS [ID] 794 [DETAIL] (first_name) Pacey > , (last_name) Shane > , ', '2020-04-07 18:42:56'),
(867, 100003, 4, 'INSERT FAMILY_MAPS [ID] 363', '2020-04-07 18:43:28'),
(868, 100004, 4, 'UPDATE MEMBERS [ID] 795 [DETAIL] (tel_cell)  > 613-319-3081, ', '2020-04-07 18:43:55'),
(869, 100004, 4, 'UPDATE MEMBERS [ID] 796 [DETAIL] (tel_cell)  > 613-319-3081, ', '2020-04-07 18:44:03'),
(870, 100003, 4, 'INSERT MEMBERS [ID] 1398', '2020-04-07 18:44:41'),
(871, 100003, 4, 'INSERT MEMBERS [ID] 1399', '2020-04-07 18:44:56'),
(872, 100003, 4, 'INSERT FAMILY_MAPS [ID] 364', '2020-04-07 18:45:16'),
(873, 100004, 4, 'UPDATE MEMBERS [ID] 1270 [DETAIL] (tel_cell)  > 416-910-1100, ', '2020-04-07 18:45:53'),
(874, 100004, 4, 'UPDATE MEMBERS [ID] 799 [DETAIL] (tel_home) 613-684-3372 > 819-684-3372, ', '2020-04-07 18:46:56'),
(875, 100004, 4, 'UPDATE MEMBERS [ID] 800 [DETAIL] (tel_home) 613-684-3372 > 819-684-3372, ', '2020-04-07 18:47:06'),
(876, 100003, 4, 'INSERT MEMBERS [ID] 1400', '2020-04-07 18:47:34'),
(877, 100003, 4, 'INSERT MEMBERS [ID] 1401', '2020-04-07 18:48:43'),
(878, 100003, 4, 'INSERT MEMBERS [ID] 1402', '2020-04-07 18:48:54'),
(879, 100003, 4, 'INSERT FAMILY_MAPS [ID] 365', '2020-04-07 18:49:16'),
(880, 100004, 4, 'UPDATE MEMBERS [ID] 977 [DETAIL] (tel_cell)  > 613-260-5735, ', '2020-04-07 18:49:38'),
(881, 100004, 4, 'UPDATE MEMBERS [ID] 814 [DETAIL] (tel_cell)  > 343-883-0705, ', '2020-04-07 18:50:17'),
(882, 100004, 4, 'UPDATE MEMBERS [ID] 815 [DETAIL] (tel_cell)  > 343-883-0705, ', '2020-04-07 18:50:27'),
(883, 100003, 4, 'INSERT MEMBERS [ID] 1403', '2020-04-07 18:51:19'),
(884, 100003, 4, 'INSERT MEMBERS [ID] 1404', '2020-04-07 18:51:34'),
(885, 100003, 4, 'INSERT FAMILY_MAPS [ID] 366', '2020-04-07 18:51:58'),
(886, 100003, 4, 'INSERT MEMBERS [ID] 1405', '2020-04-07 18:52:30'),
(887, 100004, 4, 'UPDATE MEMBERS [ID] 1056 [DETAIL] (tel_cell)  > 613-823-5404, ', '2020-04-07 18:53:58'),
(888, 100004, 4, 'UPDATE MEMBERS [ID] 1056 [DETAIL] (tel_cell) 613-823-5404 > , ', '2020-04-07 18:55:59'),
(889, 100003, 4, 'INSERT MEMBERS [ID] 1406', '2020-04-07 18:59:32'),
(890, 100003, 4, 'INSERT FAMILY_MAPS [ID] 367', '2020-04-07 19:00:04'),
(891, 100004, 4, 'UPDATE MEMBERS [ID] 1132 [DETAIL] (tel_cell)  > 613-581-8775, ', '2020-04-07 19:01:53'),
(892, 100004, 4, 'UPDATE MEMBERS [ID] 843 [DETAIL] (tel_cell)  > 613-824-9979, ', '2020-04-07 19:02:23'),
(893, 100003, 4, 'INSERT MEMBERS [ID] 1407', '2020-04-07 19:03:00'),
(894, 100003, 4, 'INSERT FAMILY_MAPS [ID] 368', '2020-04-07 19:03:16'),
(895, 100004, 4, 'UPDATE MEMBERS [ID] 811 [DETAIL] (tel_home) 613-591-0634 > 613-519-0634, ', '2020-04-07 19:03:36'),
(896, 100004, 4, 'UPDATE MEMBERS [ID] 826 [DETAIL] (tel_cell)  > 613-595-0532, ', '2020-04-08 13:01:46'),
(897, 100004, 4, 'UPDATE MEMBERS [ID] 827 [DETAIL] (tel_cell)  > 613-700-5790, ', '2020-04-08 13:01:58'),
(898, 100004, 4, 'UPDATE MEMBERS [ID] 774 [DETAIL] (tel_cell)  > 613-422-2622, ', '2020-04-08 13:02:22'),
(899, 100004, 4, 'UPDATE MEMBERS [ID] 1177 [DETAIL] (tel_cell)  > 819-328-5441, ', '2020-04-08 13:02:44'),
(900, 100004, 4, 'UPDATE MEMBERS [ID] 778 [DETAIL] (tel_cell)  > 613-834-9990, ', '2020-04-08 13:03:14'),
(901, 100003, 4, 'INSERT MEMBERS [ID] 1408', '2020-04-08 13:04:48'),
(902, 100003, 4, 'INSERT FAMILY_MAPS [ID] 369', '2020-04-08 13:05:07'),
(903, 100004, 4, 'UPDATE MEMBERS [ID] 1318 [DETAIL] (tel_cell)  > 613-265-1902, ', '2020-04-08 13:07:55'),
(904, 100003, 4, 'INSERT MEMBERS [ID] 1409', '2020-04-08 13:08:09'),
(905, 100003, 4, 'INSERT FAMILY_MAPS [ID] 370', '2020-04-08 13:08:26'),
(906, 100004, 4, 'UPDATE MEMBERS [ID] 1051 [DETAIL] (tel_cell)  > 613-599-5422, ', '2020-04-08 13:09:56'),
(907, 100003, 4, 'INSERT MEMBERS [ID] 1410', '2020-04-08 13:10:33'),
(908, 100003, 4, 'INSERT FAMILY_MAPS [ID] 371', '2020-04-08 13:10:51'),
(909, 100003, 4, 'INSERT MEMBERS [ID] 1411', '2020-04-08 13:11:22'),
(910, 100003, 4, 'INSERT MEMBERS [ID] 1412', '2020-04-08 13:11:38'),
(911, 100003, 4, 'INSERT FAMILY_MAPS [ID] 372', '2020-04-08 13:12:04'),
(912, 100003, 4, 'INSERT MEMBERS [ID] 1413', '2020-04-08 13:12:23'),
(913, 100004, 4, 'UPDATE MEMBERS [ID] 840 [DETAIL] (tel_cell)  > 613-993-5331, ', '2020-04-08 13:17:33'),
(914, 100004, 4, 'UPDATE MEMBERS [ID] 940 [DETAIL] (tel_cell)  > 613-878-8995, ', '2020-04-08 13:17:58'),
(915, 100003, 4, 'INSERT MEMBERS [ID] 1414', '2020-04-08 13:18:23'),
(916, 100004, 4, 'UPDATE MEMBERS [ID] 928 [DETAIL] (tel_cell)  > 613-867-5449, ', '2020-04-08 13:18:46'),
(917, 100003, 4, 'INSERT MEMBERS [ID] 1415', '2020-04-08 13:19:04'),
(918, 100003, 4, 'INSERT FAMILY_MAPS [ID] 373', '2020-04-08 13:19:29'),
(919, 100004, 4, 'UPDATE MEMBERS [ID] 964 [DETAIL] (tel_cell)  > 613-762-7626, ', '2020-04-08 13:20:08'),
(920, 100004, 4, 'UPDATE MEMBERS [ID] 936 [DETAIL] (tel_cell) 613-986-8203 > 613-986-7203, ', '2020-04-08 13:20:43'),
(921, 100004, 4, 'UPDATE MEMBERS [ID] 937 [DETAIL] (email)  > wjdtjso@hotmail.com, ', '2020-04-08 13:21:07'),
(922, 100004, 4, 'UPDATE MEMBERS [ID] 1135 [DETAIL] (tel_cell)  > 647-213-1279, ', '2020-04-08 13:21:29'),
(923, 100004, 4, 'UPDATE MEMBERS [ID] 1136 [DETAIL] (tel_cell)  > 647-213-1279, ', '2020-04-08 13:21:38'),
(924, 100004, 4, 'UPDATE MEMBERS [ID] 942 [DETAIL] (tel_cell)  > 613-265-4624, ', '2020-04-08 13:21:58'),
(925, 100004, 4, 'UPDATE MEMBERS [ID] 943 [DETAIL] (tel_cell)  > 613-265-4624, ', '2020-04-08 13:22:07'),
(926, 100003, 4, 'INSERT MEMBERS [ID] 1416', '2020-04-08 13:24:15'),
(927, 100003, 4, 'INSERT FAMILY_MAPS [ID] 374', '2020-04-08 13:24:35'),
(928, 100004, 4, 'UPDATE MEMBERS [ID] 1010 [DETAIL] (tel_cell)  > 613-979-7466, ', '2020-04-09 14:39:39'),
(929, 100003, 4, 'INSERT MEMBERS [ID] 1417', '2020-04-09 14:40:18'),
(930, 100003, 4, 'INSERT FAMILY_MAPS [ID] 375', '2020-04-09 14:40:34'),
(931, 100004, 4, 'UPDATE MEMBERS [ID] 962 [DETAIL] (tel_cell)  > 613-261-3905, ', '2020-04-09 14:41:02'),
(932, 100004, 4, 'UPDATE MEMBERS [ID] 965 [DETAIL] (tel_cell)  > 613-716-1235, ', '2020-04-09 14:41:19'),
(933, 100004, 4, 'UPDATE MEMBERS [ID] 966 [DETAIL] (tel_cell)  > 613-850-1235, ', '2020-04-09 14:41:32'),
(934, 100003, 4, 'INSERT MEMBERS [ID] 1418', '2020-04-09 14:42:23'),
(935, 100003, 4, 'INSERT FAMILY_MAPS [ID] 376', '2020-04-09 14:42:43'),
(936, 100004, 4, 'UPDATE MEMBERS [ID] 1145 [DETAIL] (tel_cell)  > 613-592-2756, ', '2020-04-09 14:43:03'),
(937, 100004, 4, 'UPDATE MEMBERS [ID] 1144 [DETAIL] (tel_cell)  > 613-608-1891, ', '2020-04-09 14:43:22'),
(938, 100004, 4, 'UPDATE MEMBERS [ID] 968 [DETAIL] (tel_cell)  > 613-218-4920, ', '2020-04-09 14:43:51'),
(939, 100004, 4, 'UPDATE MEMBERS [ID] 971 [DETAIL] (tel_cell)  > 613-220-3399, ', '2020-04-09 14:44:11'),
(940, 100004, 4, 'UPDATE MEMBERS [ID] 973 [DETAIL] (tel_cell)  > 613-790-2301, ', '2020-04-09 14:44:40'),
(941, 100004, 4, 'UPDATE MEMBERS [ID] 954 [DETAIL] (tel_cell)  > 613-451-0367, ', '2020-04-09 14:45:38'),
(942, 100003, 4, 'INSERT MEMBERS [ID] 1419', '2020-04-09 14:46:06'),
(943, 100003, 4, 'INSERT MEMBERS [ID] 1420', '2020-04-09 14:46:19'),
(944, 100003, 4, 'INSERT FAMILY_MAPS [ID] 377', '2020-04-09 14:46:35'),
(945, 100003, 4, 'INSERT MEMBERS [ID] 1421', '2020-04-09 14:47:07'),
(946, 100003, 4, 'INSERT MEMBERS [ID] 1422', '2020-04-09 14:47:30'),
(947, 100003, 4, 'INSERT FAMILY_MAPS [ID] 378', '2020-04-09 14:47:48'),
(948, 100005, 4, 'DELETE FAMILY_MAPS [ID] 378', '2020-04-09 14:49:01'),
(949, 100004, 4, 'UPDATE MEMBERS [ID] 1421 [DETAIL] (primary) 1 > 0, ', '2020-04-09 14:49:12'),
(950, 100005, 4, 'DELETE MEMBERS [ID] 1422', '2020-04-09 14:49:21'),
(951, 100003, 4, 'INSERT FAMILY_MAPS [ID] 379', '2020-04-09 14:49:40'),
(952, 100004, 4, 'UPDATE MEMBERS [ID] 1055 [DETAIL] (tel_cell)  > 613-291-5129, ', '2020-04-09 14:50:12'),
(953, 100004, 4, 'UPDATE MEMBERS [ID] 1056 [DETAIL] (tel_cell)  > 613-883-4783, ', '2020-04-09 14:50:44'),
(954, 100004, 4, 'UPDATE MEMBERS [ID] 1289 [DETAIL] (tel_cell)  > 819-592-3166, ', '2020-04-09 14:51:35'),
(955, 100004, 4, 'UPDATE MEMBERS [ID] 1290 [DETAIL] (tel_cell)  > 613-983-3166, ', '2020-04-09 14:51:57'),
(956, 100004, 4, 'UPDATE MEMBERS [ID] 1253 [DETAIL] (tel_cell)  > 613-265-5072, ', '2020-04-09 14:52:15'),
(957, 100004, 4, 'UPDATE MEMBERS [ID] 952 [DETAIL] (tel_cell)  > 613-265-5072, ', '2020-04-09 14:52:26'),
(958, 100004, 4, 'UPDATE MEMBERS [ID] 952 [DETAIL] ', '2020-04-09 14:52:33'),
(959, 100003, 4, 'INSERT MEMBERS [ID] 1423', '2020-04-09 14:53:09'),
(960, 100003, 4, 'INSERT MEMBERS [ID] 1424', '2020-04-09 14:53:25'),
(961, 100003, 4, 'INSERT FAMILY_MAPS [ID] 380', '2020-04-09 14:53:42'),
(962, 100004, 4, 'UPDATE MEMBERS [ID] 1281 [DETAIL] (tel_cell)  > 613-808-6831, ', '2020-04-09 14:54:11'),
(963, 100004, 4, 'UPDATE MEMBERS [ID] 1282 [DETAIL] (tel_cell)  > 613-608-3393, ', '2020-04-09 14:54:32'),
(964, 100004, 4, 'UPDATE MEMBERS [ID] 1201 [DETAIL] (tel_cell)  > 613-698-4060, ', '2020-04-09 14:54:54'),
(965, 100004, 4, 'UPDATE MEMBERS [ID] 927 [DETAIL] (tel_home) 613-243-3839 > 819-243-3839, ', '2020-04-09 14:55:14'),
(966, 100003, 4, 'INSERT MEMBERS [ID] 1425', '2020-04-09 14:55:50'),
(967, 100003, 4, 'INSERT FAMILY_MAPS [ID] 381', '2020-04-09 14:56:11'),
(968, 100003, 4, 'INSERT MEMBERS [ID] 1426', '2020-04-09 14:56:46'),
(969, 100003, 4, 'INSERT MEMBERS [ID] 1427', '2020-04-09 14:57:20'),
(970, 100004, 4, 'UPDATE MEMBERS [ID] 1426 [DETAIL] (kor_name) 승은용 > 송은용, ', '2020-04-09 14:58:46'),
(971, 100003, 4, 'INSERT FAMILY_MAPS [ID] 382', '2020-04-09 14:59:07'),
(972, 100004, 4, 'UPDATE MEMBERS [ID] 1027 [DETAIL] (tel_cell)  > 613-404-2797, ', '2020-04-09 15:00:18'),
(973, 100003, 4, 'INSERT MEMBERS [ID] 1428', '2020-04-09 15:00:54'),
(974, 100003, 4, 'INSERT FAMILY_MAPS [ID] 383', '2020-04-09 15:01:09'),
(975, 100004, 4, 'UPDATE MEMBERS [ID] 1040 [DETAIL] (tel_cell)  > 613-591-6567, ', '2020-04-09 15:01:34'),
(976, 100003, 4, 'INSERT MEMBERS [ID] 1429', '2020-04-09 15:01:56'),
(977, 100003, 4, 'INSERT FAMILY_MAPS [ID] 384', '2020-04-09 15:02:10'),
(978, 100003, 4, 'INSERT MEMBERS [ID] 1430', '2020-04-09 15:04:16'),
(979, 100003, 4, 'INSERT MEMBERS [ID] 1431', '2020-04-09 15:04:31'),
(980, 100003, 4, 'INSERT FAMILY_MAPS [ID] 385', '2020-04-09 15:05:19'),
(981, 100003, 4, 'INSERT MEMBERS [ID] 1432', '2020-04-09 15:06:12'),
(982, 100004, 4, 'UPDATE MEMBERS [ID] 858 [DETAIL] (tel_cell)  > 613-592-2288, ', '2020-04-13 13:40:24'),
(983, 100003, 4, 'INSERT MEMBERS [ID] 1433', '2020-04-13 13:41:06'),
(984, 100003, 4, 'INSERT MEMBERS [ID] 1434', '2020-04-13 13:41:29'),
(985, 100004, 4, 'UPDATE MEMBERS [ID] 1188 [DETAIL] (tel_cell)  > 613-240-1579, ', '2020-04-13 13:43:13'),
(986, 100004, 4, 'UPDATE MEMBERS [ID] 1188 [DETAIL] (tel_cell) 613-240-1579 > 613-222-4634, ', '2020-04-13 13:43:26'),
(987, 100004, 4, 'UPDATE MEMBERS [ID] 1189 [DETAIL] (tel_cell)  > 613-240-1579, ', '2020-04-13 13:43:38'),
(988, 100004, 4, 'UPDATE MEMBERS [ID] 1157 [DETAIL] (tel_home) 201-799-3436 > 204-799-3436, (tel_cell)  > 613-301-8949, ', '2020-04-13 13:44:12'),
(989, 100004, 4, 'UPDATE MEMBERS [ID] 1008 [DETAIL] (tel_cell)  > 613-866-2075, ', '2020-04-13 13:44:33'),
(990, 100004, 4, 'UPDATE MEMBERS [ID] 1130 [DETAIL] (tel_cell)  > 613-608-4966, ', '2020-04-13 13:45:04'),
(991, 100004, 4, 'UPDATE MEMBERS [ID] 1245 [DETAIL] (tel_cell)  > 613-295-6813, ', '2020-04-13 13:45:49'),
(992, 100004, 4, 'UPDATE MEMBERS [ID] 1244 [DETAIL] (tel_cell)  > 613-295-6394, ', '2020-04-13 13:46:01'),
(993, 100003, 4, 'INSERT MEMBERS [ID] 1435', '2020-04-13 13:47:50'),
(994, 100003, 4, 'INSERT MEMBERS [ID] 1436', '2020-04-13 13:48:17'),
(995, 100003, 4, 'INSERT FAMILY_MAPS [ID] 386', '2020-04-13 13:48:32'),
(996, 100004, 4, 'UPDATE MEMBERS [ID] 1310 [DETAIL] (tel_cell)  > 613-355-8128, ', '2020-04-13 13:48:51'),
(997, 100004, 4, 'UPDATE MEMBERS [ID] 1311 [DETAIL] (tel_cell)  > 613-218-3688, ', '2020-04-13 13:49:08'),
(998, 100004, 4, 'UPDATE MEMBERS [ID] 869 [DETAIL] (tel_cell)  > 613-784-3168, ', '2020-04-13 13:50:08'),
(999, 100004, 4, 'UPDATE MEMBERS [ID] 1110 [DETAIL] (comment)  > 고귀란, ', '2020-04-13 13:50:37'),
(1000, 100004, 4, 'UPDATE MEMBERS [ID] 867 [DETAIL] (tel_cell)  > 613-912-3859, ', '2020-04-13 13:50:57'),
(1001, 100004, 4, 'UPDATE MEMBERS [ID] 849 [DETAIL] (tel_cell)  > 613-355-6370, (comment)  > 박영심, ', '2020-04-13 13:51:36'),
(1002, 100004, 4, 'UPDATE MEMBERS [ID] 873 [DETAIL] (tel_cell)  > 613-951-4598, ', '2020-04-13 13:51:56'),
(1003, 100003, 4, 'INSERT MEMBERS [ID] 1437', '2020-04-13 13:52:25'),
(1004, 100003, 4, 'INSERT FAMILY_MAPS [ID] 387', '2020-04-13 13:52:49'),
(1005, 100003, 4, 'INSERT FAMILY_MAPS [ID] 388', '2020-04-13 13:53:07'),
(1006, 100005, 4, 'DELETE FAMILY_MAPS [ID] 388', '2020-04-13 13:53:30'),
(1007, 100003, 4, 'INSERT MEMBERS [ID] 1438', '2020-04-13 13:54:39'),
(1008, 100003, 4, 'INSERT FAMILY_MAPS [ID] 389', '2020-04-13 13:54:58'),
(1009, 100004, 4, 'UPDATE MEMBERS [ID] 851 [DETAIL] (tel_cell)  > 613-699-6725, ', '2020-04-13 13:55:19'),
(1010, 100004, 4, 'UPDATE MEMBERS [ID] 852 [DETAIL] (tel_cell)  > 613-800-8443, ', '2020-04-13 13:55:31'),
(1011, 100004, 4, 'UPDATE MEMBERS [ID] 932 [DETAIL] (tel_home) 613-680-8257 > 613-869-8257, ', '2020-04-13 13:56:11'),
(1012, 100004, 4, 'UPDATE MEMBERS [ID] 933 [DETAIL] (tel_home) 613-680-8257 > 613-869-8257, ', '2020-04-13 13:56:25'),
(1013, 100003, 4, 'INSERT MEMBERS [ID] 1439', '2020-04-13 13:56:48'),
(1014, 100003, 4, 'INSERT MEMBERS [ID] 1440', '2020-04-13 13:56:57'),
(1015, 100003, 4, 'INSERT FAMILY_MAPS [ID] 390', '2020-04-13 13:57:10'),
(1016, 100004, 4, 'UPDATE MEMBERS [ID] 1018 [DETAIL] (tel_cell)  > 613-762-5609, ', '2020-04-14 01:40:17'),
(1017, 100004, 4, 'UPDATE MEMBERS [ID] 1019 [DETAIL] (tel_cell)  > 613-327-7230, ', '2020-04-14 01:40:33'),
(1018, 100003, 4, 'INSERT MEMBERS [ID] 1441', '2020-04-14 01:41:00'),
(1019, 100003, 4, 'INSERT MEMBERS [ID] 1442', '2020-04-14 01:41:12'),
(1020, 100003, 4, 'INSERT FAMILY_MAPS [ID] 391', '2020-04-14 01:41:29'),
(1021, 100004, 4, 'UPDATE MEMBERS [ID] 898 [DETAIL] (tel_cell)  > 613-518-8041, ', '2020-04-14 01:41:49'),
(1022, 100004, 4, 'UPDATE MEMBERS [ID] 899 [DETAIL] (tel_cell)  > 613-518-8041, ', '2020-04-14 01:42:03'),
(1023, 100004, 4, 'UPDATE MEMBERS [ID] 875 [DETAIL] (tel_cell)  > 613-843-0541, ', '2020-04-14 01:42:19'),
(1024, 100004, 4, 'UPDATE MEMBERS [ID] 876 [DETAIL] (tel_cell)  > 613-993-9280, ', '2020-04-14 01:42:38'),
(1025, 100004, 4, 'UPDATE MEMBERS [ID] 1057 [DETAIL] (tel_cell) 613-941-6180 > 613-518-6131, ', '2020-04-14 01:43:00'),
(1026, 100004, 4, 'UPDATE MEMBERS [ID] 1058 [DETAIL] (tel_cell)  > 613-866-9988, ', '2020-04-14 01:43:14'),
(1027, 100004, 4, 'UPDATE MEMBERS [ID] 877 [DETAIL] (tel_home) 613-314-2470 > 613-716-9856, ', '2020-04-14 01:43:43'),
(1028, 100004, 4, 'UPDATE MEMBERS [ID] 878 [DETAIL] (tel_home) 613-314-2470 > 613-716-9856, ', '2020-04-14 01:43:52'),
(1029, 100003, 4, 'INSERT MEMBERS [ID] 1443', '2020-04-14 01:44:17'),
(1030, 100003, 4, 'INSERT MEMBERS [ID] 1444', '2020-04-14 01:44:28'),
(1031, 100003, 4, 'INSERT FAMILY_MAPS [ID] 392', '2020-04-14 01:44:42'),
(1032, 100004, 4, 'UPDATE MEMBERS [ID] 886 [DETAIL] (tel_cell)  > 613-884-1962, ', '2020-04-14 01:45:19'),
(1033, 100003, 4, 'INSERT MEMBERS [ID] 1445', '2020-04-14 01:47:05'),
(1034, 100003, 4, 'INSERT FAMILY_MAPS [ID] 393', '2020-04-14 01:47:24'),
(1035, 100003, 4, 'INSERT MEMBERS [ID] 1446', '2020-04-14 01:48:35'),
(1036, 100004, 4, 'UPDATE MEMBERS [ID] 889 [DETAIL] (tel_home)  > 613-252-3488, ', '2020-04-14 01:48:41'),
(1037, 100003, 4, 'INSERT FAMILY_MAPS [ID] 394', '2020-04-14 01:49:02'),
(1038, 100004, 4, 'UPDATE MEMBERS [ID] 890 [DETAIL] (tel_cell)  > 613-408-1537, ', '2020-04-14 01:49:27'),
(1039, 100004, 4, 'UPDATE MEMBERS [ID] 891 [DETAIL] (tel_cell)  > 613-408-1537, ', '2020-04-14 01:49:38'),
(1040, 100004, 4, 'UPDATE MEMBERS [ID] 978 [DETAIL] (tel_cell)  > 613-979-9403, ', '2020-04-14 01:50:20'),
(1041, 100004, 4, 'UPDATE MEMBERS [ID] 979 [DETAIL] (tel_cell)  > 613-979-9403, ', '2020-04-14 01:50:29'),
(1042, 100003, 4, 'INSERT MEMBERS [ID] 1447', '2020-04-14 01:53:17'),
(1043, 100003, 4, 'INSERT MEMBERS [ID] 1448', '2020-04-14 01:53:35'),
(1044, 100003, 4, 'INSERT FAMILY_MAPS [ID] 395', '2020-04-14 01:53:52'),
(1045, 100004, 4, 'UPDATE MEMBERS [ID] 893 [DETAIL] (tel_cell)  > 613-371-7333, ', '2020-04-14 01:54:30'),
(1046, 100004, 4, 'UPDATE MEMBERS [ID] 894 [DETAIL] (tel_cell)  > 613-371-7333, ', '2020-04-14 01:54:40'),
(1047, 100003, 4, 'INSERT MEMBERS [ID] 1449', '2020-04-14 01:55:01'),
(1048, 100004, 4, 'UPDATE MEMBERS [ID] 903 [DETAIL] (tel_cell)  > 613-884-2830, ', '2020-04-14 01:55:31'),
(1049, 100003, 4, 'INSERT MEMBERS [ID] 1450', '2020-04-14 01:55:50'),
(1050, 100004, 4, 'UPDATE MEMBERS [ID] 986 [DETAIL] (tel_home) 613-600-7923 > 613-600-5909, ', '2020-04-14 01:56:09'),
(1051, 100004, 4, 'UPDATE MEMBERS [ID] 987 [DETAIL] (tel_home) 613-600-7923 > 613-600-5909, ', '2020-04-14 01:56:19'),
(1052, 100003, 4, 'INSERT MEMBERS [ID] 1451', '2020-04-14 01:56:37'),
(1053, 100004, 4, 'UPDATE MEMBERS [ID] 909 [DETAIL] (tel_cell)  > 613-297-1126, ', '2020-04-14 01:57:23'),
(1054, 100004, 4, 'UPDATE MEMBERS [ID] 908 [DETAIL] (tel_cell)  > 613-297-1126, ', '2020-04-14 01:57:34'),
(1055, 100003, 4, 'INSERT MEMBERS [ID] 1452', '2020-04-14 01:57:55'),
(1056, 100004, 4, 'UPDATE MEMBERS [ID] 797 [DETAIL] (tel_home) 613-565-2835 > 613-799-3156, (tel_cell)  > 613-686-5388, ', '2020-04-14 01:59:08'),
(1057, 100004, 4, 'UPDATE MEMBERS [ID] 1262 [DETAIL] (tel_home)  > 613-799-3156, (tel_cell)  > 613-686-5388, ', '2020-04-14 01:59:28'),
(1058, 100004, 4, 'UPDATE MEMBERS [ID] 1003 [DETAIL] (tel_cell)  > 613-797-2771, ', '2020-04-14 13:31:50'),
(1059, 100004, 4, 'UPDATE MEMBERS [ID] 897 [DETAIL] (tel_home) 613-822-1650 > 613-800-0699, (tel_cell)  > 613-879-2677, ', '2020-04-14 13:32:18'),
(1060, 100004, 4, 'UPDATE MEMBERS [ID] 896 [DETAIL] (tel_home) 613-822-1650 > 613-800-0699, (tel_cell)  > 613-879-2677, ', '2020-04-14 13:32:38'),
(1061, 100004, 4, 'UPDATE MEMBERS [ID] 989 [DETAIL] (tel_cell)  > 613-797-9398, ', '2020-04-14 13:33:24'),
(1062, 100004, 4, 'UPDATE MEMBERS [ID] 923 [DETAIL] (tel_cell)  > 613-915-4483, ', '2020-04-14 13:34:06'),
(1063, 100004, 4, 'UPDATE MEMBERS [ID] 922 [DETAIL] (tel_cell)  > 613-915-4483, ', '2020-04-14 13:34:15'),
(1064, 100004, 4, 'UPDATE MEMBERS [ID] 1348 [DETAIL] (tel_home)  > 613-298-9137, ', '2020-04-14 13:34:43'),
(1065, 100004, 4, 'UPDATE MEMBERS [ID] 780 [DETAIL] (tel_home)  > 613-298-9137, ', '2020-04-14 13:34:53'),
(1066, 100004, 4, 'UPDATE MEMBERS [ID] 1240 [DETAIL] (tel_cell)  > 613-355-8533, ', '2020-04-14 13:35:49'),
(1067, 100003, 4, 'INSERT MEMBERS [ID] 1453', '2020-04-14 13:36:00'),
(1068, 100003, 4, 'INSERT FAMILY_MAPS [ID] 396', '2020-04-14 13:36:17'),
(1069, 100004, 4, 'UPDATE MEMBERS [ID] 1048 [DETAIL] (tel_cell)  > 613-591-3136, ', '2020-04-14 13:36:35'),
(1070, 100004, 4, 'UPDATE MEMBERS [ID] 1049 [DETAIL] (first_name)  > Nobert, (last_name)  > Molzan, (tel_cell)  > 613-591-3136, (address) #2103-38 Metropole Pvt., Ottawa, ON  > #2103-38 Metropole Pvt., Ottawa, ON, ', '2020-04-14 13:36:55'),
(1071, 100004, 4, 'UPDATE MEMBERS [ID] 1154 [DETAIL] (tel_home) 506-476-7422 > 506-476-6928, ', '2020-04-14 13:37:15'),
(1072, 100003, 4, 'INSERT MEMBERS [ID] 1454', '2020-04-14 13:37:38'),
(1073, 100003, 4, 'INSERT FAMILY_MAPS [ID] 397', '2020-04-14 13:37:54'),
(1074, 100004, 4, 'UPDATE MEMBERS [ID] 1064 [DETAIL] (tel_home) 613-899-4829 > 613-277-2255, (tel_cell) 613-292-0388 > 613-799-7983, ', '2020-04-14 13:38:37'),
(1075, 100004, 4, 'UPDATE MEMBERS [ID] 1065 [DETAIL] (tel_home) 613-899-4829 > 613-277-2255, (tel_cell)  > 613-799-7983, ', '2020-04-14 13:38:49'),
(1076, 100004, 4, 'UPDATE MEMBERS [ID] 832 [DETAIL] (tel_home) 613-656-3281 > 613-266-6722, (tel_cell) 613-356-5750 > , (tel_office) 613-875-5167 > , ', '2020-04-14 13:39:12'),
(1077, 100004, 4, 'UPDATE MEMBERS [ID] 833 [DETAIL] (tel_home) 613-656-3281 > 613-266-6722, ', '2020-04-14 13:39:19'),
(1078, 100004, 4, 'UPDATE MEMBERS [ID] 864 [DETAIL] (tel_cell) 613-941-3332 > 613-286-6984, ', '2020-04-14 13:39:41'),
(1079, 100004, 4, 'UPDATE MEMBERS [ID] 865 [DETAIL] (tel_cell)  > 613-286-6984, (comment)  > 한영아, ', '2020-04-14 13:40:10'),
(1080, 100004, 4, 'UPDATE MEMBERS [ID] 999 [DETAIL] (tel_cell)  > 613-850-2595, ', '2020-04-14 19:41:45'),
(1081, 100004, 4, 'UPDATE MEMBERS [ID] 1000 [DETAIL] (tel_cell)  > 613-850-2595, ', '2020-04-14 19:41:55'),
(1082, 100004, 4, 'UPDATE MEMBERS [ID] 787 [DETAIL] (tel_home) 613-327-7149 > 613-880-2446, (tel_cell)  > 613-807-2446, ', '2020-04-14 19:42:16'),
(1083, 100004, 4, 'UPDATE MEMBERS [ID] 788 [DETAIL] (tel_home) 613-327-7149 > 613-880-2446, (tel_cell)  > 613-807-2446, ', '2020-04-14 19:42:31'),
(1084, 100004, 4, 'UPDATE MEMBERS [ID] 992 [DETAIL] (tel_home) 613-762-4271 > 613-866-4271, (tel_cell)  > 613-986-4270, ', '2020-04-14 19:43:05'),
(1085, 100004, 4, 'UPDATE MEMBERS [ID] 993 [DETAIL] (tel_home) 613-762-4271 > 613-866-4271, (tel_cell)  > 613-986-4270, ', '2020-04-14 19:43:32'),
(1086, 100004, 4, 'UPDATE MEMBERS [ID] 997 [DETAIL] (tel_home) 613-843-1957 > 613-314-7930, ', '2020-04-14 19:43:56'),
(1087, 100004, 4, 'UPDATE MEMBERS [ID] 996 [DETAIL] (tel_home) 613-843-1957 > 613-314-7930, ', '2020-04-14 19:44:04'),
(1088, 100003, 4, 'INSERT MEMBERS [ID] 1455', '2020-04-14 19:44:41'),
(1089, 100003, 4, 'INSERT MEMBERS [ID] 1456', '2020-04-14 19:44:51'),
(1090, 100003, 4, 'INSERT FAMILY_MAPS [ID] 398', '2020-04-14 19:45:09'),
(1091, 100003, 4, 'INSERT MEMBERS [ID] 1457', '2020-04-14 19:45:37'),
(1092, 100003, 4, 'INSERT MEMBERS [ID] 1458', '2020-04-14 19:45:47'),
(1093, 100003, 4, 'INSERT FAMILY_MAPS [ID] 399', '2020-04-14 19:46:03'),
(1094, 100004, 4, 'UPDATE MEMBERS [ID] 1004 [DETAIL] (tel_cell)  > 613-996-5976, ', '2020-04-14 19:46:33'),
(1095, 100004, 4, 'UPDATE MEMBERS [ID] 1005 [DETAIL] (tel_cell)  > 613-996-5976, ', '2020-04-14 19:46:45'),
(1096, 100003, 4, 'INSERT MEMBERS [ID] 1459', '2020-04-14 19:47:03'),
(1097, 100004, 4, 'UPDATE MEMBERS [ID] 1069 [DETAIL] (kor_name) 김혜례나 > 김혜레나, (tel_cell)  > 613-869-3723, ', '2020-04-14 19:48:00'),
(1098, 100004, 4, 'UPDATE MEMBERS [ID] 1133 [DETAIL] (tel_cell)  > 613-981-8134, ', '2020-04-14 19:48:32'),
(1099, 100004, 4, 'UPDATE MEMBERS [ID] 1320 [DETAIL] (tel_cell)  > 613-981-8134, ', '2020-04-14 19:48:46'),
(1100, 100004, 4, 'UPDATE MEMBERS [ID] 1079 [DETAIL] (tel_home) 613-425-1799 > 613-851-8781, (tel_cell)  > 613-979-8781, ', '2020-04-14 19:52:58'),
(1101, 100004, 4, 'UPDATE MEMBERS [ID] 1080 [DETAIL] (tel_home) 613-425-1799 > 613-851-8781, (tel_cell)  > 613-979-8781, ', '2020-04-14 19:53:13'),
(1102, 100004, 4, 'UPDATE MEMBERS [ID] 1264 [DETAIL] (tel_home)  > 613-219-9213, (tel_cell)  > 613-709-1945, ', '2020-04-14 19:53:48'),
(1103, 100004, 4, 'UPDATE MEMBERS [ID] 1265 [DETAIL] (tel_home)  > 613-219-9213, (tel_cell)  > 613-709-1945, ', '2020-04-14 19:54:05'),
(1104, 100003, 4, 'INSERT MEMBERS [ID] 1460', '2020-04-14 19:54:31'),
(1105, 100003, 4, 'INSERT FAMILY_MAPS [ID] 400', '2020-04-14 19:54:46'),
(1106, 100004, 4, 'UPDATE MEMBERS [ID] 1252 [DETAIL] (tel_home)  > 418-262-7052, (tel_cell)  > 343-961-2783, ', '2020-04-14 19:55:30'),
(1107, 100004, 4, 'UPDATE MEMBERS [ID] 1179 [DETAIL] (tel_home) 418-255-0492 > 418-262-7052, (tel_cell)  > 343-961-2783, ', '2020-04-14 19:55:45'),
(1108, 100004, 4, 'UPDATE MEMBERS [ID] 835 [DETAIL] (tel_home)  > 416-482-1638, (tel_cell)  > 613-252-3162, ', '2020-04-14 19:56:07'),
(1109, 100004, 4, 'UPDATE MEMBERS [ID] 838 [DETAIL] (tel_home)  > 416-482-1638, (tel_cell)  > 613-252-3162, ', '2020-04-14 19:56:30'),
(1110, 100004, 4, 'UPDATE MEMBERS [ID] 1071 [DETAIL] (tel_home) 613-491-1114 > 613-986-9391, (tel_cell)  > 613-404-7145, ', '2020-04-14 19:56:53'),
(1111, 100004, 4, 'UPDATE MEMBERS [ID] 1072 [DETAIL] (tel_home) 613-404-7145 > 613-986-9391, (tel_cell)  > 613-404-7145, ', '2020-04-14 19:57:13'),
(1112, 100004, 4, 'UPDATE MEMBERS [ID] 1074 [DETAIL] (tel_cell)  > 613-356-5867, ', '2020-04-14 19:57:45'),
(1113, 100004, 4, 'UPDATE MEMBERS [ID] 1077 [DETAIL] (tel_cell)  > 613-413-3496, ', '2020-04-14 19:58:00'),
(1114, 100004, 4, 'UPDATE MEMBERS [ID] 1078 [DETAIL] (tel_cell)  > 613-413-3496, ', '2020-04-14 19:58:12'),
(1115, 100004, 4, 'UPDATE MEMBERS [ID] 1122 [DETAIL] (tel_cell)  > 613-327-9667, ', '2020-04-14 19:58:39'),
(1116, 100004, 4, 'UPDATE MEMBERS [ID] 844 [DETAIL] (tel_home) 613-253-3706 > 613-435-9069, (tel_cell) 613-257-5660 > 613-986-3706, ', '2020-04-14 19:59:00'),
(1117, 100004, 4, 'UPDATE MEMBERS [ID] 845 [DETAIL] (tel_home) 613-253-3706 > 613-435-9069, (tel_cell)  > 613-986-3706, ', '2020-04-14 19:59:14'),
(1118, 100004, 4, 'UPDATE MEMBERS [ID] 1082 [DETAIL] (tel_cell) 613-864-4602 > 613-866-4602, ', '2020-04-14 19:59:31'),
(1119, 100004, 4, 'UPDATE MEMBERS [ID] 1083 [DETAIL] (tel_cell)  > 613-866-4602, ', '2020-04-14 19:59:42'),
(1120, 100004, 4, 'UPDATE MEMBERS [ID] 1095 [DETAIL] (tel_cell)  > 613-890-9219, ', '2020-04-14 20:01:02'),
(1121, 100004, 4, 'UPDATE MEMBERS [ID] 1096 [DETAIL] (tel_home) 613-890-9219 > 613-890-1683, (tel_cell)  > 613-890-9219, ', '2020-04-14 20:01:19'),
(1122, 100003, 4, 'INSERT MEMBERS [ID] 1461', '2020-04-14 20:01:40'),
(1123, 100003, 4, 'INSERT MEMBERS [ID] 1462', '2020-04-14 20:02:02'),
(1124, 100004, 4, 'UPDATE MEMBERS [ID] 1113 [DETAIL] (tel_home)  > 613-867-8943, ', '2020-04-14 20:02:23'),
(1125, 100003, 4, 'INSERT MEMBERS [ID] 1463', '2020-04-14 20:02:59'),
(1126, 100003, 4, 'INSERT FAMILY_MAPS [ID] 401', '2020-04-14 20:03:16'),
(1127, 100004, 4, 'UPDATE MEMBERS [ID] 1151 [DETAIL] (tel_home)  > 613-408-3767, ', '2020-04-14 20:03:41'),
(1128, 100004, 4, 'UPDATE MEMBERS [ID] 1305 [DETAIL] (tel_home)  > 613-408-3767, ', '2020-04-14 20:04:00'),
(1129, 100003, 4, 'INSERT MEMBERS [ID] 1464', '2020-04-14 20:04:20'),
(1130, 100004, 4, 'UPDATE MEMBERS [ID] 1091 [DETAIL] (tel_home) 613-421-6560 > 613-903-9763, ', '2020-04-14 20:04:44'),
(1131, 100004, 4, 'UPDATE MEMBERS [ID] 1092 [DETAIL] (tel_home) 613-421-6560 > 613-903-9763, (tel_cell)  > 613-784-0633, ', '2020-04-14 20:05:04'),
(1132, 100004, 4, 'UPDATE MEMBERS [ID] 1086 [DETAIL] (tel_home) 613-692-0575 > 613-864-9502, (tel_cell)  > 613-692-0575, ', '2020-04-14 20:05:31'),
(1133, 100004, 4, 'UPDATE MEMBERS [ID] 1141 [DETAIL] (tel_cell)  > 905-760-8108, ', '2020-04-14 20:05:52'),
(1134, 100003, 4, 'INSERT MEMBERS [ID] 1465', '2020-04-14 20:06:20'),
(1135, 100004, 4, 'UPDATE MEMBERS [ID] 1241 [DETAIL] (tel_home) 647-885-4610 > 647-828-5753, (tel_cell)  > 613-729-6018, ', '2020-04-14 20:06:56'),
(1136, 100004, 4, 'UPDATE MEMBERS [ID] 1226 [DETAIL] (tel_home) 647-885-4610 > 647-828-5753, (tel_cell)  > 613-729-6018, ', '2020-04-14 20:07:13'),
(1137, 100004, 4, 'UPDATE MEMBERS [ID] 1137 [DETAIL] (tel_cell)  > 613-989-4194, ', '2020-04-14 20:07:28'),
(1138, 100004, 4, 'UPDATE MEMBERS [ID] 1138 [DETAIL] (tel_home) 613-698-2018 > 613-408-0963, (tel_cell)  > 613-989-4194, ', '2020-04-14 20:07:58'),
(1139, 100004, 4, 'UPDATE MEMBERS [ID] 1035 [DETAIL] (tel_home)  > 613-883-2884, ', '2020-04-14 20:08:21'),
(1140, 100004, 4, 'UPDATE MEMBERS [ID] 1034 [DETAIL] (tel_home)  > 613-883-2884, ', '2020-04-14 20:08:37'),
(1141, 100004, 4, 'UPDATE MEMBERS [ID] 1217 [DETAIL] (tel_home) 647-887-2717 > 613-822-1650, (comment)  > 바후림, ', '2020-04-16 13:41:12');
INSERT INTO `system_logs` (`id`, `code_id`, `user_id`, `memo`, `created_at`) VALUES
(1142, 100004, 4, 'UPDATE MEMBERS [ID] 1219 [DETAIL] (comment)  > 바후림, ', '2020-04-16 13:41:23'),
(1143, 100004, 4, 'UPDATE MEMBERS [ID] 1011 [DETAIL] (comment)  > 바후림, ', '2020-04-16 13:42:23'),
(1144, 100004, 4, 'UPDATE MEMBERS [ID] 1237 [DETAIL] (comment)  > 바후림, ', '2020-04-16 13:42:34'),
(1145, 100003, 4, 'INSERT MEMBERS [ID] 1466', '2020-04-16 13:42:51'),
(1146, 100004, 4, 'UPDATE MEMBERS [ID] 1238 [DETAIL] (comment)  > 바후림, ', '2020-04-16 13:43:04'),
(1147, 100004, 4, 'UPDATE MEMBERS [ID] 1146 [DETAIL] (comment)  > 바후림, ', '2020-04-16 13:43:14'),
(1148, 100003, 4, 'INSERT MEMBERS [ID] 1467', '2020-04-16 13:43:33'),
(1149, 100004, 4, 'UPDATE MEMBERS [ID] 1236 [DETAIL] (comment)  > 바후림, ', '2020-04-16 13:43:43'),
(1150, 100004, 4, 'UPDATE MEMBERS [ID] 1153 [DETAIL] (comment)  > 바후림, ', '2020-04-16 13:43:54'),
(1151, 100003, 4, 'INSERT MEMBERS [ID] 1468', '2020-04-16 13:44:18'),
(1152, 100004, 4, 'UPDATE MEMBERS [ID] 1149 [DETAIL] (tel_home) 647-8807750 > 647-880-7750, (comment)  > 바후림, ', '2020-04-16 13:44:31'),
(1153, 100004, 4, 'UPDATE MEMBERS [ID] 798 [DETAIL] (comment)  > 바후림, ', '2020-04-16 13:44:42'),
(1154, 100004, 4, 'UPDATE MEMBERS [ID] 1213 [DETAIL] (comment)  > 바후림, ', '2020-04-16 13:44:54'),
(1155, 100003, 4, 'INSERT MEMBERS [ID] 1469', '2020-04-16 13:45:24'),
(1156, 100003, 4, 'INSERT MEMBERS [ID] 1470', '2020-04-16 13:46:14'),
(1157, 100003, 4, 'INSERT MEMBERS [ID] 1471', '2020-04-16 13:46:31'),
(1158, 100004, 4, 'UPDATE MEMBERS [ID] 825 [DETAIL] (tel_cell)  > 613-263-2969, (comment)  > 바후림, ', '2020-04-16 13:46:49'),
(1159, 100004, 4, 'UPDATE MEMBERS [ID] 1208 [DETAIL] (comment)  > 바후림, ', '2020-04-16 13:47:01'),
(1160, 100004, 4, 'UPDATE MEMBERS [ID] 1028 [DETAIL] (comment)  > 바후림, ', '2020-04-16 13:47:11'),
(1161, 100003, 4, 'INSERT MEMBERS [ID] 1472', '2020-04-16 13:47:32'),
(1162, 100004, 4, 'UPDATE MEMBERS [ID] 776 [DETAIL] (tel_cell)  > 613-879-7928, (comment)  > 바후림, ', '2020-04-16 13:47:58'),
(1163, 100004, 4, 'UPDATE MEMBERS [ID] 1230 [DETAIL] (comment)  > 바후림, ', '2020-04-16 13:48:24'),
(1164, 100004, 4, 'UPDATE MEMBERS [ID] 1186 [DETAIL] (comment)  > 바후림, ', '2020-04-16 13:48:33'),
(1165, 100004, 4, 'UPDATE MEMBERS [ID] 1160 [DETAIL] (comment)  > 바후림, ', '2020-04-16 13:48:43'),
(1166, 100003, 4, 'INSERT MEMBERS [ID] 1473', '2020-04-16 13:49:02'),
(1167, 100003, 4, 'INSERT MEMBERS [ID] 1474', '2020-04-16 13:49:22'),
(1168, 100003, 4, 'INSERT MEMBERS [ID] 1475', '2020-04-16 13:49:43'),
(1169, 100003, 4, 'INSERT MEMBERS [ID] 1476', '2020-04-16 13:50:03'),
(1170, 100004, 4, 'UPDATE MEMBERS [ID] 957 [DETAIL] (comment)  > 바후림, ', '2020-04-16 13:50:17'),
(1171, 100003, 4, 'INSERT MEMBERS [ID] 1477', '2020-04-16 13:50:37'),
(1172, 100003, 4, 'INSERT MEMBERS [ID] 1478', '2020-04-16 13:50:55'),
(1173, 100004, 4, 'UPDATE MEMBERS [ID] 824 [DETAIL] (tel_cell)  > 613-700-3172, (comment)  > 바후림, ', '2020-04-16 13:51:08'),
(1174, 100004, 4, 'UPDATE MEMBERS [ID] 1129 [DETAIL] (comment)  > 바후림, ', '2020-04-16 13:54:08'),
(1175, 100003, 4, 'INSERT MEMBERS [ID] 1479', '2020-04-16 13:54:27'),
(1176, 100003, 4, 'INSERT MEMBERS [ID] 1480', '2020-04-16 13:54:45'),
(1177, 100004, 4, 'UPDATE MEMBERS [ID] 1223 [DETAIL] (comment)  > 바후림, ', '2020-04-16 13:54:56'),
(1178, 100004, 4, 'UPDATE MEMBERS [ID] 1190 [DETAIL] (comment)  > 바후림, ', '2020-04-16 13:55:07'),
(1179, 100003, 4, 'INSERT MEMBERS [ID] 1481', '2020-04-16 13:55:27'),
(1180, 100003, 4, 'INSERT MEMBERS [ID] 1482', '2020-04-16 13:55:45'),
(1181, 100004, 4, 'UPDATE MEMBERS [ID] 772 [DETAIL] (tel_cell)  > 613-724-1425, (comment)  > 바후림, ', '2020-04-16 13:56:04'),
(1182, 100004, 4, 'UPDATE MEMBERS [ID] 1161 [DETAIL] (tel_home)  > 613-983-4790, (comment)  > 바후림, ', '2020-04-16 13:56:21'),
(1183, 100004, 4, 'UPDATE MEMBERS [ID] 1212 [DETAIL] (tel_home) 819-592-9188 > 819-592-9189, (comment)  > 바후림, ', '2020-04-16 13:56:34'),
(1184, 100003, 4, 'INSERT MEMBERS [ID] 1483', '2020-04-16 14:00:49'),
(1185, 100003, 4, 'INSERT MEMBERS [ID] 1484', '2020-04-16 14:01:21'),
(1186, 100003, 4, 'INSERT MEMBERS [ID] 1485', '2020-04-16 14:02:02'),
(1187, 100004, 4, 'UPDATE MEMBERS [ID] 1033 [DETAIL] (tel_cell)  > 613-276-1717, (comment)  > Mosaic, ', '2020-04-16 14:02:22'),
(1188, 100004, 4, 'UPDATE MEMBERS [ID] 998 [DETAIL] (tel_cell)  > 613-867-3972, (comment)  > Mosaic, ', '2020-04-16 14:02:45'),
(1189, 100003, 4, 'INSERT MEMBERS [ID] 1486', '2020-04-16 14:03:11'),
(1190, 100004, 4, 'UPDATE MEMBERS [ID] 1099 [DETAIL] (tel_cell)  > 873-688-8032, (comment)  > Mosaic, ', '2020-04-16 14:03:33'),
(1191, 100004, 4, 'UPDATE MEMBERS [ID] 1115 [DETAIL] (comment)  > Mosaic, ', '2020-04-16 14:03:46'),
(1192, 100003, 4, 'INSERT MEMBERS [ID] 1487', '2020-04-16 14:04:10'),
(1193, 100003, 4, 'INSERT MEMBERS [ID] 1488', '2020-04-16 14:04:43'),
(1194, 100003, 4, 'INSERT FAMILY_MAPS [ID] 402', '2020-04-16 14:05:03'),
(1195, 100003, 4, 'INSERT MEMBERS [ID] 1489', '2020-04-16 14:05:37'),
(1196, 100003, 4, 'INSERT MEMBERS [ID] 1490', '2020-04-16 14:06:19'),
(1197, 100003, 4, 'INSERT MEMBERS [ID] 1491', '2020-04-16 14:07:08'),
(1198, 100004, 4, 'UPDATE MEMBERS [ID] 1103 [DETAIL] (first_name)  > Jasmine, (last_name)  > Kang, (tel_cell)  > 343-204-3109, (comment)  > Mosaic, ', '2020-04-16 14:07:36'),
(1199, 100003, 4, 'INSERT MEMBERS [ID] 1492', '2020-04-16 14:08:07'),
(1200, 100004, 4, 'UPDATE MEMBERS [ID] 941 [DETAIL] (tel_cell)  > 613-854-6995, (comment)  > Mosaic, ', '2020-04-16 14:08:37'),
(1201, 100003, 4, 'INSERT MEMBERS [ID] 1493', '2020-04-16 14:08:57'),
(1202, 100003, 4, 'INSERT MEMBERS [ID] 1494', '2020-04-16 14:09:29'),
(1203, 100004, 4, 'UPDATE MEMBERS [ID] 810 [DETAIL] (first_name)  > John, (last_name)  > Park, (tel_cell)  > 873-288-2567, (comment)  > Mosaic, ', '2020-04-16 14:10:14'),
(1204, 100004, 4, 'UPDATE MEMBERS [ID] 841 [DETAIL] (tel_cell) 613-291-6113 > 613-799-8331, (comment)  > Mosaic, ', '2020-04-16 14:10:34'),
(1205, 100004, 4, 'UPDATE MEMBERS [ID] 1165 [DETAIL] (comment)  > Mosaic, ', '2020-04-16 14:10:45'),
(1206, 100003, 4, 'INSERT MEMBERS [ID] 1495', '2020-04-16 14:11:06'),
(1207, 100003, 4, 'INSERT MEMBERS [ID] 1496', '2020-04-16 14:11:32'),
(1208, 100004, 4, 'UPDATE MEMBERS [ID] 1151 [DETAIL] (first_name) JuHnun > Juhnun, (tel_cell)  > 613-408-3686, (comment)  > Mosaic, ', '2020-04-16 14:12:23'),
(1209, 100004, 4, 'UPDATE MEMBERS [ID] 1114 [DETAIL] (comment)  > Mosaic, ', '2020-04-16 14:12:43'),
(1210, 100003, 4, 'INSERT MEMBERS [ID] 1497', '2020-04-16 14:13:09'),
(1211, 100004, 4, 'UPDATE MEMBERS [ID] 929 [DETAIL] (first_name)  > Kimberly, (last_name)  > Kim, (tel_cell)  > 613-883-5440, (comment)  > Mosaic, ', '2020-04-16 14:14:04'),
(1212, 100004, 4, 'UPDATE MEMBERS [ID] 1305 [DETAIL] (first_name)  > KyungA, (last_name)  > Jang, (comment)  > Mosaic, ', '2020-04-16 14:14:26'),
(1213, 100004, 4, 'UPDATE MEMBERS [ID] 1234 [DETAIL] (tel_cell)  > 819-302-4006, (comment)  > Mosaic, ', '2020-04-16 14:14:52'),
(1214, 100003, 4, 'INSERT MEMBERS [ID] 1498', '2020-04-16 14:15:24'),
(1215, 100003, 4, 'INSERT MEMBERS [ID] 1499', '2020-04-16 14:15:49'),
(1216, 100003, 4, 'INSERT MEMBERS [ID] 1500', '2020-04-16 14:16:23'),
(1217, 100004, 4, 'UPDATE MEMBERS [ID] 1054 [DETAIL] (tel_cell)  > 613-668-3818, (comment)  > Mosaic, ', '2020-04-16 14:16:41'),
(1218, 100004, 4, 'UPDATE MEMBERS [ID] 1421 [DETAIL] (first_name)  > Robert, (last_name)  > Kim, (comment)  > Mosaic, ', '2020-04-16 14:17:01'),
(1219, 100003, 4, 'INSERT MEMBERS [ID] 1501', '2020-04-16 14:17:26'),
(1220, 100004, 4, 'UPDATE MEMBERS [ID] 862 [DETAIL] (comment)  > Mosaic, ', '2020-04-16 14:17:39'),
(1221, 100003, 4, 'INSERT MEMBERS [ID] 1502', '2020-04-16 14:18:09'),
(1222, 100004, 4, 'UPDATE MEMBERS [ID] 1100 [DETAIL] (first_name) SeungKyu > Sung, (tel_home)  > 613-608-5625, (comment)  > Mosaic, ', '2020-04-16 14:18:42'),
(1223, 100004, 4, 'UPDATE MEMBERS [ID] 981 [DETAIL] (first_name)  > Sunghyuk, (last_name)  > Seo, (tel_cell)  > 819-329-9403, (comment)  > Mosaic, ', '2020-04-16 14:20:01'),
(1224, 100004, 4, 'UPDATE MEMBERS [ID] 905 [DETAIL] (first_name)  > 녀ㅜ호ㅛㅕㅜ, (last_name)  > ㅣㄷㄷ, (comment)  > Mosaic, ', '2020-04-16 14:20:19'),
(1225, 100004, 4, 'UPDATE MEMBERS [ID] 901 [DETAIL] (tel_cell)  > 613-868-7721, (comment)  > Mosaic, ', '2020-04-16 14:20:40'),
(1226, 100004, 4, 'UPDATE MEMBERS [ID] 905 [DETAIL] (first_name) 녀ㅜ호ㅛㅕㅜ > Sunghyun, (last_name) ㅣㄷㄷ > Lee, ', '2020-04-16 14:20:54'),
(1227, 100004, 4, 'UPDATE MEMBERS [ID] 1104 [DETAIL] (first_name)  > Sunny, (last_name)  > Kang, (tel_cell)  > 613-869-0677, (comment)  > Mosaic, ', '2020-04-16 14:21:25'),
(1228, 100003, 4, 'INSERT MEMBERS [ID] 1503', '2020-04-16 14:21:47'),
(1229, 100004, 4, 'UPDATE MEMBERS [ID] 870 [DETAIL] (tel_cell)  > 613-299-4453, (comment)  > Mosaic, ', '2020-04-16 14:22:04'),
(1230, 100004, 4, 'UPDATE MEMBERS [ID] 1155 [DETAIL] (tel_home)  > 613-265-8696, (comment)  > Mosaic, ', '2020-04-16 14:22:23'),
(1231, 100004, 4, 'UPDATE MEMBERS [ID] 1390 [DETAIL] (postal_code)  > K1R7T1, (address)  > #1106-530 laurier Ave. W. Ottawa K1R7T1, ', '2020-04-16 15:06:27'),
(1232, 100004, 4, 'UPDATE MEMBERS [ID] 1391 [DETAIL] (postal_code)  > K1R7T1, (address)  > #1106-530 laurier Ave. W. Ottawa K1R7T1, ', '2020-04-16 15:08:19'),
(1233, 100003, 4, 'INSERT MEMBERS [ID] 1504', '2020-04-16 15:09:02'),
(1234, 100003, 4, 'INSERT MEMBERS [ID] 1505', '2020-04-16 15:09:11'),
(1235, 100003, 4, 'INSERT MEMBERS [ID] 1506', '2020-04-16 15:09:25'),
(1236, 100003, 4, 'INSERT FAMILY_MAPS [ID] 403', '2020-04-16 15:09:43'),
(1237, 100003, 4, 'INSERT FAMILY_MAPS [ID] 404', '2020-04-16 15:09:53'),
(1238, 100003, 4, 'INSERT FAMILY_MAPS [ID] 405', '2020-04-16 15:10:02');

-- --------------------------------------------------------

--
-- Table structure for table `users`
--

CREATE TABLE `users` (
  `id` int(10) UNSIGNED NOT NULL,
  `name` varchar(255) COLLATE utf8_unicode_ci NOT NULL,
  `email` varchar(255) COLLATE utf8_unicode_ci NOT NULL,
  `password` varchar(255) COLLATE utf8_unicode_ci NOT NULL,
  `remember_token` varchar(100) COLLATE utf8_unicode_ci DEFAULT NULL,
  `firstlogin` tinyint(1) NOT NULL DEFAULT 1 COMMENT 'The flag for the first login',
  `member_id` int(10) UNSIGNED DEFAULT NULL COMMENT 'Foreign Key: ID of Members Table',
  `privilege_id` int(10) UNSIGNED DEFAULT NULL COMMENT 'Foreign Key: ID of Privileges Table',
  `created_at` timestamp NULL DEFAULT NULL,
  `updated_at` timestamp NULL DEFAULT NULL
) ENGINE=InnoDB DEFAULT CHARSET=utf8 COLLATE=utf8_unicode_ci;

--
-- Dumping data for table `users`
--

INSERT INTO `users` (`id`, `name`, `email`, `password`, `remember_token`, `firstlogin`, `member_id`, `privilege_id`, `created_at`, `updated_at`) VALUES
(2, 'autouser', 'test@test', '$2y$10$e6./WIb/sg2FEgl3N4qiQuv5mys8BaJ61rZsOzTRctUVMvjP.k6lC', 'otNAiK3sRz32EoYlmxWEsdYiYw9tT9qabQr0PPJOla6BfzbSSgCN8ECB3i6V', 0, NULL, 1, '2020-02-08 23:27:05', '2020-02-08 23:27:38'),
(4, 'Admin', 'admin@admin', '$2y$10$9kP.MJfsGG19reaQh8tNT.M4i3U.uJZMr3Ur.M54nBrq2WRz8JeDq', '4z0O2KouEfekOIWyKtMUCEIpGrdEsNeeW67IDc3vUJ9Tqweu6rynCaItv2bA', 0, NULL, 1, '2020-03-20 18:18:23', '2020-03-20 18:18:54');

-- --------------------------------------------------------

--
-- Table structure for table `visits`
--

CREATE TABLE `visits` (
  `id` int(10) UNSIGNED NOT NULL,
  `member_id` int(10) UNSIGNED NOT NULL COMMENT 'Foreign Key: ID of Members Table',
  `visited_at` date NOT NULL DEFAULT '2020-02-06' COMMENT 'Date of Visit',
  `pastor_visitation` varchar(255) COLLATE utf8_unicode_ci NOT NULL DEFAULT '' COMMENT 'Paster of Visitaion',
  `title` varchar(255) COLLATE utf8_unicode_ci NOT NULL DEFAULT '' COMMENT '심방 제목',
  `memo` text COLLATE utf8_unicode_ci DEFAULT NULL COMMENT '메모 사항',
  `updated_by` int(10) UNSIGNED NOT NULL COMMENT 'Foreign Key: ID of Users Table',
  `created_at` timestamp NULL DEFAULT NULL,
  `updated_at` timestamp NULL DEFAULT NULL
) ENGINE=InnoDB DEFAULT CHARSET=utf8 COLLATE=utf8_unicode_ci;

--
-- Indexes for dumped tables
--

--
-- Indexes for table `codes`
--
ALTER TABLE `codes`
  ADD PRIMARY KEY (`id`),
  ADD KEY `codes_code_category_id_foreign` (`code_category_id`);

--
-- Indexes for table `code_categories`
--
ALTER TABLE `code_categories`
  ADD PRIMARY KEY (`id`);

--
-- Indexes for table `department_trees`
--
ALTER TABLE `department_trees`
  ADD PRIMARY KEY (`id`),
  ADD KEY `department_trees_parent_id_foreign` (`parent_id`),
  ADD KEY `department_trees_child_id_foreign` (`child_id`);

--
-- Indexes for table `family_maps`
--
ALTER TABLE `family_maps`
  ADD PRIMARY KEY (`id`),
  ADD KEY `family_maps_member_pri_id_foreign` (`member_pri_id`),
  ADD KEY `family_maps_member_sub_id_foreign` (`member_sub_id`),
  ADD KEY `family_maps_relation_id_foreign` (`relation_id`);

--
-- Indexes for table `members`
--
ALTER TABLE `members`
  ADD PRIMARY KEY (`id`),
  ADD KEY `members_city_id_foreign` (`city_id`),
  ADD KEY `members_province_id_foreign` (`province_id`),
  ADD KEY `members_country_id_foreign` (`country_id`),
  ADD KEY `members_status_id_foreign` (`status_id`),
  ADD KEY `members_level_id_foreign` (`level_id`),
  ADD KEY `members_duty_id_foreign` (`duty_id`);

--
-- Indexes for table `member_department_maps`
--
ALTER TABLE `member_department_maps`
  ADD PRIMARY KEY (`id`),
  ADD KEY `member_department_maps_member_id_foreign` (`member_id`),
  ADD KEY `member_department_maps_department_id_foreign` (`department_id`),
  ADD KEY `member_department_maps_position_id_foreign` (`position_id`),
  ADD KEY `member_department_maps_updated_by_foreign` (`updated_by`);

--
-- Indexes for table `member_histories`
--
ALTER TABLE `member_histories`
  ADD PRIMARY KEY (`id`),
  ADD KEY `member_histories_member_id_foreign` (`member_id`),
  ADD KEY `member_histories_updated_by_foreign` (`updated_by`);

--
-- Indexes for table `memos`
--
ALTER TABLE `memos`
  ADD PRIMARY KEY (`id`),
  ADD KEY `memos_user_id_foreign` (`user_id`),
  ADD KEY `memos_updated_by_foreign` (`updated_by`);

--
-- Indexes for table `migrations`
--
ALTER TABLE `migrations`
  ADD PRIMARY KEY (`id`);

--
-- Indexes for table `password_resets`
--
ALTER TABLE `password_resets`
  ADD KEY `password_resets_email_index` (`email`);

--
-- Indexes for table `privileges`
--
ALTER TABLE `privileges`
  ADD PRIMARY KEY (`id`);

--
-- Indexes for table `privilege_role_maps`
--
ALTER TABLE `privilege_role_maps`
  ADD PRIMARY KEY (`id`),
  ADD KEY `privilege_role_maps_privilege_id_foreign` (`privilege_id`),
  ADD KEY `privilege_role_maps_role_id_foreign` (`role_id`);

--
-- Indexes for table `roles`
--
ALTER TABLE `roles`
  ADD PRIMARY KEY (`id`);

--
-- Indexes for table `system_logs`
--
ALTER TABLE `system_logs`
  ADD PRIMARY KEY (`id`),
  ADD KEY `system_logs_code_id_foreign` (`code_id`),
  ADD KEY `system_logs_user_id_foreign` (`user_id`);

--
-- Indexes for table `users`
--
ALTER TABLE `users`
  ADD PRIMARY KEY (`id`),
  ADD UNIQUE KEY `users_email_unique` (`email`),
  ADD KEY `users_privilege_id_foreign` (`privilege_id`),
  ADD KEY `users_member_id_foreign` (`member_id`);

--
-- Indexes for table `visits`
--
ALTER TABLE `visits`
  ADD PRIMARY KEY (`id`),
  ADD KEY `visits_member_id_foreign` (`member_id`),
  ADD KEY `visits_updated_by_foreign` (`updated_by`);

--
-- AUTO_INCREMENT for dumped tables
--

--
-- AUTO_INCREMENT for table `code_categories`
--
ALTER TABLE `code_categories`
  MODIFY `id` int(10) UNSIGNED NOT NULL AUTO_INCREMENT COMMENT '카테고리 테이블의 메인 키 (자동 증가)', AUTO_INCREMENT=12;

--
-- AUTO_INCREMENT for table `department_trees`
--
ALTER TABLE `department_trees`
  MODIFY `id` int(10) UNSIGNED NOT NULL AUTO_INCREMENT, AUTO_INCREMENT=49;

--
-- AUTO_INCREMENT for table `family_maps`
--
ALTER TABLE `family_maps`
  MODIFY `id` int(10) UNSIGNED NOT NULL AUTO_INCREMENT, AUTO_INCREMENT=406;

--
-- AUTO_INCREMENT for table `members`
--
ALTER TABLE `members`
  MODIFY `id` int(10) UNSIGNED NOT NULL AUTO_INCREMENT, AUTO_INCREMENT=1507;

--
-- AUTO_INCREMENT for table `member_department_maps`
--
ALTER TABLE `member_department_maps`
  MODIFY `id` int(10) UNSIGNED NOT NULL AUTO_INCREMENT;

--
-- AUTO_INCREMENT for table `member_histories`
--
ALTER TABLE `member_histories`
  MODIFY `id` int(10) UNSIGNED NOT NULL AUTO_INCREMENT;

--
-- AUTO_INCREMENT for table `memos`
--
ALTER TABLE `memos`
  MODIFY `id` int(10) UNSIGNED NOT NULL AUTO_INCREMENT;

--
-- AUTO_INCREMENT for table `migrations`
--
ALTER TABLE `migrations`
  MODIFY `id` int(10) UNSIGNED NOT NULL AUTO_INCREMENT, AUTO_INCREMENT=17;

--
-- AUTO_INCREMENT for table `privileges`
--
ALTER TABLE `privileges`
  MODIFY `id` int(10) UNSIGNED NOT NULL AUTO_INCREMENT, AUTO_INCREMENT=7;

--
-- AUTO_INCREMENT for table `privilege_role_maps`
--
ALTER TABLE `privilege_role_maps`
  MODIFY `id` int(10) UNSIGNED NOT NULL AUTO_INCREMENT, AUTO_INCREMENT=31;

--
-- AUTO_INCREMENT for table `roles`
--
ALTER TABLE `roles`
  MODIFY `id` int(10) UNSIGNED NOT NULL AUTO_INCREMENT, AUTO_INCREMENT=13;

--
-- AUTO_INCREMENT for table `system_logs`
--
ALTER TABLE `system_logs`
  MODIFY `id` int(10) UNSIGNED NOT NULL AUTO_INCREMENT, AUTO_INCREMENT=1239;

--
-- AUTO_INCREMENT for table `users`
--
ALTER TABLE `users`
  MODIFY `id` int(10) UNSIGNED NOT NULL AUTO_INCREMENT, AUTO_INCREMENT=6;

--
-- AUTO_INCREMENT for table `visits`
--
ALTER TABLE `visits`
  MODIFY `id` int(10) UNSIGNED NOT NULL AUTO_INCREMENT;

--
-- Constraints for dumped tables
--

--
-- Constraints for table `codes`
--
ALTER TABLE `codes`
  ADD CONSTRAINT `codes_code_category_id_foreign` FOREIGN KEY (`code_category_id`) REFERENCES `code_categories` (`id`);

--
-- Constraints for table `department_trees`
--
ALTER TABLE `department_trees`
  ADD CONSTRAINT `department_trees_child_id_foreign` FOREIGN KEY (`child_id`) REFERENCES `codes` (`id`),
  ADD CONSTRAINT `department_trees_parent_id_foreign` FOREIGN KEY (`parent_id`) REFERENCES `codes` (`id`);

--
-- Constraints for table `family_maps`
--
ALTER TABLE `family_maps`
  ADD CONSTRAINT `family_maps_member_pri_id_foreign` FOREIGN KEY (`member_pri_id`) REFERENCES `members` (`id`),
  ADD CONSTRAINT `family_maps_member_sub_id_foreign` FOREIGN KEY (`member_sub_id`) REFERENCES `members` (`id`),
  ADD CONSTRAINT `family_maps_relation_id_foreign` FOREIGN KEY (`relation_id`) REFERENCES `codes` (`id`);

--
-- Constraints for table `members`
--
ALTER TABLE `members`
  ADD CONSTRAINT `members_city_id_foreign` FOREIGN KEY (`city_id`) REFERENCES `codes` (`id`),
  ADD CONSTRAINT `members_country_id_foreign` FOREIGN KEY (`country_id`) REFERENCES `codes` (`id`),
  ADD CONSTRAINT `members_duty_id_foreign` FOREIGN KEY (`duty_id`) REFERENCES `codes` (`id`),
  ADD CONSTRAINT `members_level_id_foreign` FOREIGN KEY (`level_id`) REFERENCES `codes` (`id`),
  ADD CONSTRAINT `members_province_id_foreign` FOREIGN KEY (`province_id`) REFERENCES `codes` (`id`),
  ADD CONSTRAINT `members_status_id_foreign` FOREIGN KEY (`status_id`) REFERENCES `codes` (`id`);

--
-- Constraints for table `member_department_maps`
--
ALTER TABLE `member_department_maps`
  ADD CONSTRAINT `member_department_maps_department_id_foreign` FOREIGN KEY (`department_id`) REFERENCES `codes` (`id`),
  ADD CONSTRAINT `member_department_maps_member_id_foreign` FOREIGN KEY (`member_id`) REFERENCES `members` (`id`),
  ADD CONSTRAINT `member_department_maps_position_id_foreign` FOREIGN KEY (`position_id`) REFERENCES `codes` (`id`),
  ADD CONSTRAINT `member_department_maps_updated_by_foreign` FOREIGN KEY (`updated_by`) REFERENCES `users` (`id`);

--
-- Constraints for table `member_histories`
--
ALTER TABLE `member_histories`
  ADD CONSTRAINT `member_histories_member_id_foreign` FOREIGN KEY (`member_id`) REFERENCES `members` (`id`),
  ADD CONSTRAINT `member_histories_updated_by_foreign` FOREIGN KEY (`updated_by`) REFERENCES `users` (`id`);

--
-- Constraints for table `memos`
--
ALTER TABLE `memos`
  ADD CONSTRAINT `memos_updated_by_foreign` FOREIGN KEY (`updated_by`) REFERENCES `users` (`id`),
  ADD CONSTRAINT `memos_user_id_foreign` FOREIGN KEY (`user_id`) REFERENCES `users` (`id`);

--
-- Constraints for table `privilege_role_maps`
--
ALTER TABLE `privilege_role_maps`
  ADD CONSTRAINT `privilege_role_maps_privilege_id_foreign` FOREIGN KEY (`privilege_id`) REFERENCES `privileges` (`id`),
  ADD CONSTRAINT `privilege_role_maps_role_id_foreign` FOREIGN KEY (`role_id`) REFERENCES `roles` (`id`);

--
-- Constraints for table `system_logs`
--
ALTER TABLE `system_logs`
  ADD CONSTRAINT `system_logs_code_id_foreign` FOREIGN KEY (`code_id`) REFERENCES `codes` (`id`),
  ADD CONSTRAINT `system_logs_user_id_foreign` FOREIGN KEY (`user_id`) REFERENCES `users` (`id`);

--
-- Constraints for table `users`
--
ALTER TABLE `users`
  ADD CONSTRAINT `users_member_id_foreign` FOREIGN KEY (`member_id`) REFERENCES `members` (`id`),
  ADD CONSTRAINT `users_privilege_id_foreign` FOREIGN KEY (`privilege_id`) REFERENCES `privileges` (`id`);

--
-- Constraints for table `visits`
--
ALTER TABLE `visits`
  ADD CONSTRAINT `visits_member_id_foreign` FOREIGN KEY (`member_id`) REFERENCES `members` (`id`),
  ADD CONSTRAINT `visits_updated_by_foreign` FOREIGN KEY (`updated_by`) REFERENCES `users` (`id`);
COMMIT;

/*!40101 SET CHARACTER_SET_CLIENT=@OLD_CHARACTER_SET_CLIENT */;
/*!40101 SET CHARACTER_SET_RESULTS=@OLD_CHARACTER_SET_RESULTS */;
/*!40101 SET COLLATION_CONNECTION=@OLD_COLLATION_CONNECTION */;
